#include "ui.h"
#include "screens.h"
#include "images.h"
#include "actions.h"
#include "vars.h"

// ASSETS DEFINITION
const uint8_t assets[47968] = {
    0x7E, 0x45, 0x45, 0x5A, 0x03, 0x00, 0x06, 0x00, 0x00, 0x00, 0x00, 0x00, 0x24, 0x00, 0x00, 0x00,
    0x24, 0x00, 0x00, 0x00, 0x00, 0x00, 0x00, 0x00, 0x00, 0x00, 0x00, 0x00, 0x00, 0x00, 0x00, 0x00,
    0x00, 0x00, 0x00, 0x00, 0x20, 0x00, 0x00, 0x00, 0x00, 0x00, 0x00, 0x00, 0x00, 0x00, 0x00, 0x00,
    0x00, 0x05, 0xD0, 0x02, 0x02, 0x00, 0x00, 0x00, 0x24, 0x00, 0x00, 0x00, 0x02, 0x00, 0x00, 0x00,
    0x24, 0x00, 0x00, 0x00, 0x12, 0x00, 0x00, 0x00, 0x20, 0x00, 0x00, 0x00, 0x13, 0x00, 0x00, 0x00,
    0x5C, 0xB9, 0x00, 0x00, 0x09, 0x00, 0x00, 0x00, 0x58, 0x00, 0x00, 0x00, 0x78, 0x00, 0x00, 0x00,
    0x80, 0x00, 0x00, 0x00, 0x00, 0x00, 0xFF, 0xFF, 0x84, 0x00, 0x00, 0x00, 0xB0, 0x00, 0x00, 0x00,
    0xDC, 0x00, 0x00, 0x00, 0x08, 0x01, 0x00, 0x00, 0x34, 0x01, 0x00, 0x00, 0x60, 0x01, 0x00, 0x00,
    0x8C, 0x01, 0x00, 0x00, 0xB8, 0x01, 0x00, 0x00, 0xE4, 0x01, 0x00, 0x00, 0x10, 0x02, 0x00, 0x00,
    0x3C, 0x02, 0x00, 0x00, 0x68, 0x02, 0x00, 0x00, 0x94, 0x02, 0x00, 0x00, 0xC0, 0x02, 0x00, 0x00,
    0xEC, 0x02, 0x00, 0x00, 0x18, 0x03, 0x00, 0x00, 0x44, 0x03, 0x00, 0x00, 0x70, 0x03, 0x00, 0x00,
    0x9C, 0x03, 0x00, 0x00, 0xA8, 0x03, 0x00, 0x00, 0xB4, 0x03, 0x00, 0x00, 0xC0, 0x03, 0x00, 0x00,
    0xCC, 0x03, 0x00, 0x00, 0xD8, 0x03, 0x00, 0x00, 0xE4, 0x03, 0x00, 0x00, 0xF0, 0x03, 0x00, 0x00,
    0xFC, 0x03, 0x00, 0x00, 0x08, 0x04, 0x00, 0x00, 0x11, 0x00, 0x00, 0x00, 0x0C, 0x04, 0x00, 0x00,
    0x2C, 0x04, 0x00, 0x00, 0x11, 0x00, 0x00, 0x00, 0x30, 0x04, 0x00, 0x00, 0x07, 0x00, 0x00, 0x00,
    0x4C, 0x04, 0x00, 0x00, 0x00, 0x00, 0x00, 0x00, 0x00, 0x00, 0x00, 0x00, 0x00, 0x00, 0x00, 0x00,
    0x00, 0x00, 0x00, 0x00, 0x00, 0x00, 0x00, 0x00, 0x00, 0x00, 0x00, 0x00, 0x00, 0x00, 0x00, 0x00,
    0x00, 0x00, 0x00, 0x00, 0x00, 0x00, 0x00, 0x00, 0x00, 0x00, 0x00, 0x00, 0x4E, 0x00, 0x00, 0x00,
    0x38, 0x04, 0x00, 0x00, 0x00, 0x00, 0x00, 0x00, 0x00, 0x00, 0x00, 0x00, 0x00, 0x00, 0x00, 0x00,
    0x00, 0x00, 0x00, 0x00, 0x00, 0x00, 0x00, 0x00, 0x00, 0x00, 0x00, 0x00, 0x00, 0x00, 0x00, 0x00,
    0x00, 0x00, 0x00, 0x00, 0x00, 0x00, 0x00, 0x00, 0x00, 0x00, 0x00, 0x00, 0x2C, 0x00, 0x00, 0x00,
    0x40, 0x05, 0x00, 0x00, 0x00, 0x00, 0x00, 0x00, 0x00, 0x00, 0x00, 0x00, 0x00, 0x00, 0x00, 0x00,
    0x00, 0x00, 0x00, 0x00, 0x00, 0x00, 0x00, 0x00, 0x00, 0x00, 0x00, 0x00, 0x00, 0x00, 0x00, 0x00,
    0x00, 0x00, 0x00, 0x00, 0x00, 0x00, 0x00, 0x00, 0x00, 0x00, 0x00, 0x00, 0x42, 0x00, 0x00, 0x00,
    0xC0, 0x05, 0x00, 0x00, 0x00, 0x00, 0x00, 0x00, 0x00, 0x00, 0x00, 0x00, 0x00, 0x00, 0x00, 0x00,
    0x00, 0x00, 0x00, 0x00, 0x00, 0x00, 0x00, 0x00, 0x00, 0x00, 0x00, 0x00, 0x00, 0x00, 0x00, 0x00,
    0x00, 0x00, 0x00, 0x00, 0x00, 0x00, 0x00, 0x00, 0x00, 0x00, 0x00, 0x00, 0x17, 0x00, 0x00, 0x00,
    0x98, 0x06, 0x00, 0x00, 0x00, 0x00, 0x00, 0x00, 0x00, 0x00, 0x00, 0x00, 0x00, 0x00, 0x00, 0x00,
    0x00, 0x00, 0x00, 0x00, 0x00, 0x00, 0x00, 0x00, 0x00, 0x00, 0x00, 0x00, 0x00, 0x00, 0x00, 0x00,
    0x00, 0x00, 0x00, 0x00, 0x00, 0x00, 0x00, 0x00, 0x00, 0x00, 0x00, 0x00, 0x1A, 0x00, 0x00, 0x00,
    0xC4, 0x06, 0x00, 0x00, 0x00, 0x00, 0x00, 0x00, 0x00, 0x00, 0x00, 0x00, 0x00, 0x00, 0x00, 0x00,
    0x00, 0x00, 0x00, 0x00, 0x00, 0x00, 0x00, 0x00, 0x00, 0x00, 0x00, 0x00, 0x00, 0x00, 0x00, 0x00,
    0x00, 0x00, 0x00, 0x00, 0x00, 0x00, 0x00, 0x00, 0x00, 0x00, 0x00, 0x00, 0x23, 0x00, 0x00, 0x00,
    0xFC, 0x06, 0x00, 0x00, 0x00, 0x00, 0x00, 0x00, 0x00, 0x00, 0x00, 0x00, 0x00, 0x00, 0x00, 0x00,
    0x00, 0x00, 0x00, 0x00, 0x00, 0x00, 0x00, 0x00, 0x00, 0x00, 0x00, 0x00, 0x00, 0x00, 0x00, 0x00,
    0x00, 0x00, 0x00, 0x00, 0x00, 0x00, 0x00, 0x00, 0x00, 0x00, 0x00, 0x00, 0x12, 0x00, 0x00, 0x00,
    0x58, 0x07, 0x00, 0x00, 0x00, 0x00, 0x00, 0x00, 0x00, 0x00, 0x00, 0x00, 0x00, 0x00, 0x00, 0x00,
    0x00, 0x00, 0x00, 0x00, 0x00, 0x00, 0x00, 0x00, 0x00, 0x00, 0x00, 0x00, 0x00, 0x00, 0x00, 0x00,
    0x00, 0x00, 0x00, 0x00, 0x00, 0x00, 0x00, 0x00, 0x00, 0x00, 0x00, 0x00, 0x15, 0x00, 0x00, 0x00,
    0x70, 0x07, 0x00, 0x00, 0x00, 0x00, 0x00, 0x00, 0x00, 0x00, 0x00, 0x00, 0x00, 0x00, 0x00, 0x00,
    0x00, 0x00, 0x00, 0x00, 0x00, 0x00, 0x00, 0x00, 0x00, 0x00, 0x00, 0x00, 0x00, 0x00, 0x00, 0x00,
    0x00, 0x00, 0x00, 0x00, 0x00, 0x00, 0x00, 0x00, 0x00, 0x00, 0x00, 0x00, 0x34, 0x00, 0x00, 0x00,
    0x94, 0x07, 0x00, 0x00, 0x00, 0x00, 0x00, 0x00, 0x00, 0x00, 0x00, 0x00, 0x00, 0x00, 0x00, 0x00,
    0x00, 0x00, 0x00, 0x00, 0x00, 0x00, 0x00, 0x00, 0x00, 0x00, 0x00, 0x00, 0x00, 0x00, 0x00, 0x00,
    0x00, 0x00, 0x00, 0x00, 0x00, 0x00, 0x00, 0x00, 0x00, 0x00, 0x00, 0x00, 0x29, 0x00, 0x00, 0x00,
    0x34, 0x08, 0x00, 0x00, 0x00, 0x00, 0x00, 0x00, 0x00, 0x00, 0x00, 0x00, 0x00, 0x00, 0x00, 0x00,
    0x00, 0x00, 0x00, 0x00, 0x00, 0x00, 0x00, 0x00, 0x00, 0x00, 0x00, 0x00, 0x00, 0x00, 0x00, 0x00,
    0x00, 0x00, 0x00, 0x00, 0x00, 0x00, 0x00, 0x00, 0x00, 0x00, 0x00, 0x00, 0x2D, 0x00, 0x00, 0x00,
    0xA8, 0x08, 0x00, 0x00, 0x00, 0x00, 0x00, 0x00, 0x00, 0x00, 0x00, 0x00, 0x00, 0x00, 0x00, 0x00,
    0x00, 0x00, 0x00, 0x00, 0x00, 0x00, 0x00, 0x00, 0x00, 0x00, 0x00, 0x00, 0x00, 0x00, 0x00, 0x00,
    0x00, 0x00, 0x00, 0x00, 0x00, 0x00, 0x00, 0x00, 0x00, 0x00, 0x00, 0x00, 0x1E, 0x00, 0x00, 0x00,
    0x2C, 0x09, 0x00, 0x00, 0x00, 0x00, 0x00, 0x00, 0x00, 0x00, 0x00, 0x00, 0x00, 0x00, 0x00, 0x00,
    0x00, 0x00, 0x00, 0x00, 0x00, 0x00, 0x00, 0x00, 0x00, 0x00, 0x00, 0x00, 0x00, 0x00, 0x00, 0x00,
    0x00, 0x00, 0x00, 0x00, 0x00, 0x00, 0x00, 0x00, 0x00, 0x00, 0x00, 0x00, 0x34, 0x00, 0x00, 0x00,
    0x74, 0x09, 0x00, 0x00, 0x00, 0x00, 0x00, 0x00, 0x00, 0x00, 0x00, 0x00, 0x00, 0x00, 0x00, 0x00,
    0x00, 0x00, 0x00, 0x00, 0x00, 0x00, 0x00, 0x00, 0x00, 0x00, 0x00, 0x00, 0x00, 0x00, 0x00, 0x00,
    0x00, 0x00, 0x00, 0x00, 0x00, 0x00, 0x00, 0x00, 0x00, 0x00, 0x00, 0x00, 0x1F, 0x00, 0x00, 0x00,
    0x14, 0x0A, 0x00, 0x00, 0x00, 0x00, 0x00, 0x00, 0x00, 0x00, 0x00, 0x00, 0x00, 0x00, 0x00, 0x00,
    0x00, 0x00, 0x00, 0x00, 0x00, 0x00, 0x00, 0x00, 0x00, 0x00, 0x00, 0x00, 0x00, 0x00, 0x00, 0x00,
    0x00, 0x00, 0x00, 0x00, 0x00, 0x00, 0x00, 0x00, 0x00, 0x00, 0x00, 0x00, 0x68, 0x00, 0x00, 0x00,
    0x60, 0x0A, 0x00, 0x00, 0x00, 0x00, 0x00, 0x00, 0x00, 0x00, 0x00, 0x00, 0x00, 0x00, 0x00, 0x00,
    0x00, 0x00, 0x00, 0x00, 0x00, 0x00, 0x00, 0x00, 0x00, 0x00, 0x00, 0x00, 0x00, 0x00, 0x00, 0x00,
    0x00, 0x00, 0x00, 0x00, 0x00, 0x00, 0x00, 0x00, 0x00, 0x00, 0x00, 0x00, 0x3F, 0x00, 0x00, 0x00,
    0xD0, 0x0B, 0x00, 0x00, 0x00, 0x00, 0x00, 0x00, 0x00, 0x00, 0x00, 0x00, 0x00, 0x00, 0x00, 0x00,
    0x00, 0x00, 0x00, 0x00, 0x00, 0x00, 0x00, 0x00, 0x00, 0x00, 0x00, 0x00, 0x00, 0x00, 0x00, 0x00,
    0x00, 0x00, 0x00, 0x00, 0x00, 0x00, 0x00, 0x00, 0x00, 0x00, 0x00, 0x00, 0x14, 0x00, 0x00, 0x00,
    0x9C, 0x0C, 0x00, 0x00, 0x00, 0x00, 0x00, 0x00, 0x00, 0x00, 0x00, 0x00, 0x00, 0x00, 0x00, 0x00,
    0x00, 0x00, 0x00, 0x00, 0x00, 0x00, 0x00, 0x00, 0x00, 0x00, 0x00, 0x00, 0x00, 0x00, 0x00, 0x00,
    0x00, 0x00, 0x00, 0x00, 0x00, 0x00, 0x00, 0x00, 0x00, 0x00, 0x00, 0x00, 0x07, 0x00, 0x00, 0x00,
    0x00, 0x00, 0x00, 0x00, 0x01, 0x00, 0x00, 0x00, 0x00, 0x00, 0x00, 0x00, 0x07, 0x00, 0x00, 0x00,
    0x00, 0x00, 0x00, 0x00, 0x00, 0x00, 0x00, 0x00, 0x00, 0x00, 0x00, 0x00, 0x0E, 0x00, 0x00, 0x00,
    0x00, 0x00, 0x00, 0x00, 0x98, 0x0C, 0x00, 0x00, 0x00, 0x00, 0x00, 0x00, 0x0E, 0x00, 0x00, 0x00,
    0x00, 0x00, 0x00, 0x00, 0x98, 0x0C, 0x00, 0x00, 0x00, 0x00, 0x00, 0x00, 0x15, 0x00, 0x00, 0x00,
    0x00, 0x00, 0x00, 0x00, 0x00, 0x80, 0xF0, 0xFA, 0x37, 0xED, 0x79, 0x42, 0x0E, 0x00, 0x00, 0x00,
    0x00, 0x00, 0x00, 0x00, 0x84, 0x0C, 0x00, 0x00, 0x00, 0x00, 0x00, 0x00, 0x0E, 0x00, 0x00, 0x00,
    0x00, 0x00, 0x00, 0x00, 0x84, 0x0C, 0x00, 0x00, 0x00, 0x00, 0x00, 0x00, 0x07, 0x00, 0x00, 0x00,
    0x00, 0x00, 0x00, 0x00, 0x09, 0x00, 0x00, 0x00, 0x00, 0x00, 0x00, 0x00, 0x0E, 0x00, 0x00, 0x00,
    0x00, 0x00, 0x00, 0x00, 0x6C, 0x0C, 0x00, 0x00, 0x00, 0x00, 0x00, 0x00, 0x68, 0x61, 0x6D, 0x6D,
    0x79, 0x6F, 0x72, 0x61, 0x6E, 0x67, 0x65, 0x00, 0xDC, 0xFF, 0xFE, 0xFF, 0x79, 0xFF, 0x0C, 0xF5,
    0x2D, 0xEE, 0x07, 0x4A, 0x0F, 0x8C, 0xF1, 0x2C, 0x6A, 0xE3, 0x57, 0xD6, 0x1D, 0x97, 0xB6, 0xFD,
    0xDA, 0xBD, 0x0C, 0xF5, 0xB7, 0xAE, 0xAD, 0x6E, 0xF3, 0x9C, 0x00, 0x00, 0x73, 0x74, 0x61, 0x72,
    0x72, 0x79, 0x6E, 0x69, 0x67, 0x68, 0x74, 0x00, 0x62, 0x08, 0x09, 0x32, 0x06, 0x19, 0x92, 0x23,
    0x6E, 0x9A, 0xBF, 0xF7, 0x58, 0xA5, 0x16, 0x9E, 0x8E, 0xFB, 0x4C, 0x42, 0x6A, 0x94, 0xF6, 0xBA,
    0x56, 0x70, 0xBD, 0x43, 0xF0, 0x44, 0x44, 0xA3, 0x0C, 0x63, 0x00, 0x00, 0x10, 0x0C, 0x00, 0x00,
    0x2C, 0x0C, 0x00, 0x00, 0x48, 0x0C, 0x00, 0x00, 0x64, 0x0C, 0x00, 0x00, 0x80, 0x0C, 0x00, 0x00,
    0x9C, 0x0C, 0x00, 0x00, 0xB8, 0x0C, 0x00, 0x00, 0xD4, 0x0C, 0x00, 0x00, 0xF0, 0x0C, 0x00, 0x00,
    0x0C, 0x0D, 0x00, 0x00, 0x28, 0x0D, 0x00, 0x00, 0x44, 0x0D, 0x00, 0x00, 0x60, 0x0D, 0x00, 0x00,
    0x7C, 0x0D, 0x00, 0x00, 0x98, 0x0D, 0x00, 0x00, 0xB4, 0x0D, 0x00, 0x00, 0xD0, 0x0D, 0x00, 0x00,
    0xEC, 0x0D, 0x00, 0x00, 0x08, 0x0E, 0x00, 0x00, 0x24, 0x0E, 0x00, 0x00, 0x40, 0x0E, 0x00, 0x00,
    0x5C, 0x0E, 0x00, 0x00, 0x78, 0x0E, 0x00, 0x00, 0x94, 0x0E, 0x00, 0x00, 0xB0, 0x0E, 0x00, 0x00,
    0xCC, 0x0E, 0x00, 0x00, 0xE8, 0x0E, 0x00, 0x00, 0x04, 0x0F, 0x00, 0x00, 0x20, 0x0F, 0x00, 0x00,
    0x3C, 0x0F, 0x00, 0x00, 0x58, 0x0F, 0x00, 0x00, 0x74, 0x0F, 0x00, 0x00, 0x90, 0x0F, 0x00, 0x00,
    0xAC, 0x0F, 0x00, 0x00, 0xC8, 0x0F, 0x00, 0x00, 0xE4, 0x0F, 0x00, 0x00, 0x00, 0x10, 0x00, 0x00,
    0x1C, 0x10, 0x00, 0x00, 0x38, 0x10, 0x00, 0x00, 0x54, 0x10, 0x00, 0x00, 0x70, 0x10, 0x00, 0x00,
    0x8C, 0x10, 0x00, 0x00, 0xA8, 0x10, 0x00, 0x00, 0xC4, 0x10, 0x00, 0x00, 0xE0, 0x10, 0x00, 0x00,
    0xFC, 0x10, 0x00, 0x00, 0x18, 0x11, 0x00, 0x00, 0x34, 0x11, 0x00, 0x00, 0x50, 0x11, 0x00, 0x00,
    0x6C, 0x11, 0x00, 0x00, 0x88, 0x11, 0x00, 0x00, 0xA4, 0x11, 0x00, 0x00, 0xC0, 0x11, 0x00, 0x00,
    0xDC, 0x11, 0x00, 0x00, 0xF8, 0x11, 0x00, 0x00, 0x14, 0x12, 0x00, 0x00, 0x30, 0x12, 0x00, 0x00,
    0x4C, 0x12, 0x00, 0x00, 0x68, 0x12, 0x00, 0x00, 0x84, 0x12, 0x00, 0x00, 0xA0, 0x12, 0x00, 0x00,
    0xBC, 0x12, 0x00, 0x00, 0xD8, 0x12, 0x00, 0x00, 0xF4, 0x12, 0x00, 0x00, 0x10, 0x13, 0x00, 0x00,
    0x2C, 0x13, 0x00, 0x00, 0x48, 0x13, 0x00, 0x00, 0x64, 0x13, 0x00, 0x00, 0x80, 0x13, 0x00, 0x00,
    0x9C, 0x13, 0x00, 0x00, 0xB8, 0x13, 0x00, 0x00, 0xD4, 0x13, 0x00, 0x00, 0xF0, 0x13, 0x00, 0x00,
    0x0C, 0x14, 0x00, 0x00, 0x28, 0x14, 0x00, 0x00, 0x44, 0x14, 0x00, 0x00, 0x60, 0x14, 0x00, 0x00,
    0x7C, 0x14, 0x00, 0x00, 0x98, 0x14, 0x00, 0x00, 0xB4, 0x14, 0x00, 0x00, 0xD0, 0x14, 0x00, 0x00,
    0xEC, 0x14, 0x00, 0x00, 0x08, 0x15, 0x00, 0x00, 0x24, 0x15, 0x00, 0x00, 0x40, 0x15, 0x00, 0x00,
    0x5C, 0x15, 0x00, 0x00, 0x78, 0x15, 0x00, 0x00, 0x94, 0x15, 0x00, 0x00, 0xB0, 0x15, 0x00, 0x00,
    0xCC, 0x15, 0x00, 0x00, 0xE8, 0x15, 0x00, 0x00, 0x04, 0x16, 0x00, 0x00, 0x20, 0x16, 0x00, 0x00,
    0x3C, 0x16, 0x00, 0x00, 0x58, 0x16, 0x00, 0x00, 0x74, 0x16, 0x00, 0x00, 0x90, 0x16, 0x00, 0x00,
    0xAC, 0x16, 0x00, 0x00, 0xC8, 0x16, 0x00, 0x00, 0xE4, 0x16, 0x00, 0x00, 0x00, 0x17, 0x00, 0x00,
    0x1C, 0x17, 0x00, 0x00, 0x38, 0x17, 0x00, 0x00, 0x54, 0x17, 0x00, 0x00, 0x70, 0x17, 0x00, 0x00,
    0x8C, 0x17, 0x00, 0x00, 0xA8, 0x17, 0x00, 0x00, 0xC4, 0x17, 0x00, 0x00, 0xE0, 0x17, 0x00, 0x00,
    0xFC, 0x17, 0x00, 0x00, 0x18, 0x18, 0x00, 0x00, 0x34, 0x18, 0x00, 0x00, 0x50, 0x18, 0x00, 0x00,
    0x6C, 0x18, 0x00, 0x00, 0x88, 0x18, 0x00, 0x00, 0xA4, 0x18, 0x00, 0x00, 0xC0, 0x18, 0x00, 0x00,
    0xDC, 0x18, 0x00, 0x00, 0xF8, 0x18, 0x00, 0x00, 0x14, 0x19, 0x00, 0x00, 0x30, 0x19, 0x00, 0x00,
    0x4C, 0x19, 0x00, 0x00, 0x68, 0x19, 0x00, 0x00, 0x84, 0x19, 0x00, 0x00, 0xA0, 0x19, 0x00, 0x00,
    0xBC, 0x19, 0x00, 0x00, 0xD8, 0x19, 0x00, 0x00, 0xF4, 0x19, 0x00, 0x00, 0x10, 0x1A, 0x00, 0x00,
    0x2C, 0x1A, 0x00, 0x00, 0x48, 0x1A, 0x00, 0x00, 0x64, 0x1A, 0x00, 0x00, 0x80, 0x1A, 0x00, 0x00,
    0x9C, 0x1A, 0x00, 0x00, 0xB8, 0x1A, 0x00, 0x00, 0xD4, 0x1A, 0x00, 0x00, 0xF0, 0x1A, 0x00, 0x00,
    0x0C, 0x1B, 0x00, 0x00, 0x28, 0x1B, 0x00, 0x00, 0x44, 0x1B, 0x00, 0x00, 0x60, 0x1B, 0x00, 0x00,
    0x7C, 0x1B, 0x00, 0x00, 0x98, 0x1B, 0x00, 0x00, 0xB4, 0x1B, 0x00, 0x00, 0xD0, 0x1B, 0x00, 0x00,
    0xEC, 0x1B, 0x00, 0x00, 0x08, 0x1C, 0x00, 0x00, 0x24, 0x1C, 0x00, 0x00, 0x40, 0x1C, 0x00, 0x00,
    0x5C, 0x1C, 0x00, 0x00, 0x78, 0x1C, 0x00, 0x00, 0x94, 0x1C, 0x00, 0x00, 0xB0, 0x1C, 0x00, 0x00,
    0xCC, 0x1C, 0x00, 0x00, 0xE8, 0x1C, 0x00, 0x00, 0x04, 0x1D, 0x00, 0x00, 0x20, 0x1D, 0x00, 0x00,
    0x3C, 0x1D, 0x00, 0x00, 0x58, 0x1D, 0x00, 0x00, 0x74, 0x1D, 0x00, 0x00, 0x90, 0x1D, 0x00, 0x00,
    0xAC, 0x1D, 0x00, 0x00, 0xC8, 0x1D, 0x00, 0x00, 0xE4, 0x1D, 0x00, 0x00, 0x00, 0x1E, 0x00, 0x00,
    0x1C, 0x1E, 0x00, 0x00, 0x38, 0x1E, 0x00, 0x00, 0x54, 0x1E, 0x00, 0x00, 0x70, 0x1E, 0x00, 0x00,
    0x8C, 0x1E, 0x00, 0x00, 0xA8, 0x1E, 0x00, 0x00, 0xC4, 0x1E, 0x00, 0x00, 0xE0, 0x1E, 0x00, 0x00,
    0xFC, 0x1E, 0x00, 0x00, 0x18, 0x1F, 0x00, 0x00, 0x34, 0x1F, 0x00, 0x00, 0x50, 0x1F, 0x00, 0x00,
    0x6C, 0x1F, 0x00, 0x00, 0x88, 0x1F, 0x00, 0x00, 0xA4, 0x1F, 0x00, 0x00, 0xC0, 0x1F, 0x00, 0x00,
    0xDC, 0x1F, 0x00, 0x00, 0xF8, 0x1F, 0x00, 0x00, 0x14, 0x20, 0x00, 0x00, 0x30, 0x20, 0x00, 0x00,
    0x4C, 0x20, 0x00, 0x00, 0x68, 0x20, 0x00, 0x00, 0x84, 0x20, 0x00, 0x00, 0xA0, 0x20, 0x00, 0x00,
    0xBC, 0x20, 0x00, 0x00, 0xD8, 0x20, 0x00, 0x00, 0xF4, 0x20, 0x00, 0x00, 0x10, 0x21, 0x00, 0x00,
    0x2C, 0x21, 0x00, 0x00, 0x48, 0x21, 0x00, 0x00, 0x64, 0x21, 0x00, 0x00, 0x80, 0x21, 0x00, 0x00,
    0x9C, 0x21, 0x00, 0x00, 0xB8, 0x21, 0x00, 0x00, 0xD4, 0x21, 0x00, 0x00, 0xF0, 0x21, 0x00, 0x00,
    0x0C, 0x22, 0x00, 0x00, 0x28, 0x22, 0x00, 0x00, 0x44, 0x22, 0x00, 0x00, 0x60, 0x22, 0x00, 0x00,
    0x7C, 0x22, 0x00, 0x00, 0x98, 0x22, 0x00, 0x00, 0xB4, 0x22, 0x00, 0x00, 0xD0, 0x22, 0x00, 0x00,
    0xEC, 0x22, 0x00, 0x00, 0x08, 0x23, 0x00, 0x00, 0x24, 0x23, 0x00, 0x00, 0x40, 0x23, 0x00, 0x00,
    0x5C, 0x23, 0x00, 0x00, 0x78, 0x23, 0x00, 0x00, 0x94, 0x23, 0x00, 0x00, 0xB0, 0x23, 0x00, 0x00,
    0xCC, 0x23, 0x00, 0x00, 0xE8, 0x23, 0x00, 0x00, 0x04, 0x24, 0x00, 0x00, 0x20, 0x24, 0x00, 0x00,
    0x3C, 0x24, 0x00, 0x00, 0x58, 0x24, 0x00, 0x00, 0x74, 0x24, 0x00, 0x00, 0x90, 0x24, 0x00, 0x00,
    0xAC, 0x24, 0x00, 0x00, 0xC8, 0x24, 0x00, 0x00, 0xE4, 0x24, 0x00, 0x00, 0x00, 0x25, 0x00, 0x00,
    0x1C, 0x25, 0x00, 0x00, 0x38, 0x25, 0x00, 0x00, 0x54, 0x25, 0x00, 0x00, 0x70, 0x25, 0x00, 0x00,
    0x8C, 0x25, 0x00, 0x00, 0xA8, 0x25, 0x00, 0x00, 0xC4, 0x25, 0x00, 0x00, 0xE0, 0x25, 0x00, 0x00,
    0xFC, 0x25, 0x00, 0x00, 0x18, 0x26, 0x00, 0x00, 0x34, 0x26, 0x00, 0x00, 0x50, 0x26, 0x00, 0x00,
    0x6C, 0x26, 0x00, 0x00, 0x88, 0x26, 0x00, 0x00, 0xA4, 0x26, 0x00, 0x00, 0xC0, 0x26, 0x00, 0x00,
    0xDC, 0x26, 0x00, 0x00, 0xF8, 0x26, 0x00, 0x00, 0x14, 0x27, 0x00, 0x00, 0x30, 0x27, 0x00, 0x00,
    0x4C, 0x27, 0x00, 0x00, 0x68, 0x27, 0x00, 0x00, 0x84, 0x27, 0x00, 0x00, 0xA0, 0x27, 0x00, 0x00,
    0xBC, 0x27, 0x00, 0x00, 0xD8, 0x27, 0x00, 0x00, 0xF4, 0x27, 0x00, 0x00, 0x10, 0x28, 0x00, 0x00,
    0x2C, 0x28, 0x00, 0x00, 0x48, 0x28, 0x00, 0x00, 0x64, 0x28, 0x00, 0x00, 0x80, 0x28, 0x00, 0x00,
    0x9C, 0x28, 0x00, 0x00, 0xB8, 0x28, 0x00, 0x00, 0xD4, 0x28, 0x00, 0x00, 0xF0, 0x28, 0x00, 0x00,
    0x0C, 0x29, 0x00, 0x00, 0x28, 0x29, 0x00, 0x00, 0x44, 0x29, 0x00, 0x00, 0x60, 0x29, 0x00, 0x00,
    0x7C, 0x29, 0x00, 0x00, 0x98, 0x29, 0x00, 0x00, 0xB4, 0x29, 0x00, 0x00, 0xD0, 0x29, 0x00, 0x00,
    0xEC, 0x29, 0x00, 0x00, 0x08, 0x2A, 0x00, 0x00, 0x24, 0x2A, 0x00, 0x00, 0x40, 0x2A, 0x00, 0x00,
    0x5C, 0x2A, 0x00, 0x00, 0x78, 0x2A, 0x00, 0x00, 0x94, 0x2A, 0x00, 0x00, 0xB0, 0x2A, 0x00, 0x00,
    0xCC, 0x2A, 0x00, 0x00, 0xE8, 0x2A, 0x00, 0x00, 0x04, 0x2B, 0x00, 0x00, 0x20, 0x2B, 0x00, 0x00,
    0x3C, 0x2B, 0x00, 0x00, 0x58, 0x2B, 0x00, 0x00, 0x74, 0x2B, 0x00, 0x00, 0x90, 0x2B, 0x00, 0x00,
    0xAC, 0x2B, 0x00, 0x00, 0xC8, 0x2B, 0x00, 0x00, 0xE4, 0x2B, 0x00, 0x00, 0x00, 0x2C, 0x00, 0x00,
    0x1C, 0x2C, 0x00, 0x00, 0x38, 0x2C, 0x00, 0x00, 0x54, 0x2C, 0x00, 0x00, 0x70, 0x2C, 0x00, 0x00,
    0x8C, 0x2C, 0x00, 0x00, 0xA8, 0x2C, 0x00, 0x00, 0xC4, 0x2C, 0x00, 0x00, 0xE0, 0x2C, 0x00, 0x00,
    0xFC, 0x2C, 0x00, 0x00, 0x18, 0x2D, 0x00, 0x00, 0x34, 0x2D, 0x00, 0x00, 0x50, 0x2D, 0x00, 0x00,
    0x6C, 0x2D, 0x00, 0x00, 0x88, 0x2D, 0x00, 0x00, 0xA4, 0x2D, 0x00, 0x00, 0xC0, 0x2D, 0x00, 0x00,
    0xDC, 0x2D, 0x00, 0x00, 0xF8, 0x2D, 0x00, 0x00, 0x14, 0x2E, 0x00, 0x00, 0x30, 0x2E, 0x00, 0x00,
    0x4C, 0x2E, 0x00, 0x00, 0x68, 0x2E, 0x00, 0x00, 0x84, 0x2E, 0x00, 0x00, 0xA0, 0x2E, 0x00, 0x00,
    0xBC, 0x2E, 0x00, 0x00, 0xD8, 0x2E, 0x00, 0x00, 0xF4, 0x2E, 0x00, 0x00, 0x10, 0x2F, 0x00, 0x00,
    0x2C, 0x2F, 0x00, 0x00, 0x48, 0x2F, 0x00, 0x00, 0x64, 0x2F, 0x00, 0x00, 0x80, 0x2F, 0x00, 0x00,
    0x9C, 0x2F, 0x00, 0x00, 0xB8, 0x2F, 0x00, 0x00, 0xD4, 0x2F, 0x00, 0x00, 0xF0, 0x2F, 0x00, 0x00,
    0x0C, 0x30, 0x00, 0x00, 0x28, 0x30, 0x00, 0x00, 0x44, 0x30, 0x00, 0x00, 0x60, 0x30, 0x00, 0x00,
    0x7C, 0x30, 0x00, 0x00, 0x98, 0x30, 0x00, 0x00, 0xB4, 0x30, 0x00, 0x00, 0xD0, 0x30, 0x00, 0x00,
    0xEC, 0x30, 0x00, 0x00, 0x08, 0x31, 0x00, 0x00, 0x24, 0x31, 0x00, 0x00, 0x40, 0x31, 0x00, 0x00,
    0x5C, 0x31, 0x00, 0x00, 0x78, 0x31, 0x00, 0x00, 0x94, 0x31, 0x00, 0x00, 0xB0, 0x31, 0x00, 0x00,
    0xCC, 0x31, 0x00, 0x00, 0xE8, 0x31, 0x00, 0x00, 0x04, 0x32, 0x00, 0x00, 0x20, 0x32, 0x00, 0x00,
    0x3C, 0x32, 0x00, 0x00, 0x58, 0x32, 0x00, 0x00, 0x74, 0x32, 0x00, 0x00, 0x90, 0x32, 0x00, 0x00,
    0xAC, 0x32, 0x00, 0x00, 0xC8, 0x32, 0x00, 0x00, 0xE4, 0x32, 0x00, 0x00, 0x00, 0x33, 0x00, 0x00,
    0x1C, 0x33, 0x00, 0x00, 0x38, 0x33, 0x00, 0x00, 0x54, 0x33, 0x00, 0x00, 0x70, 0x33, 0x00, 0x00,
    0x8C, 0x33, 0x00, 0x00, 0xA8, 0x33, 0x00, 0x00, 0xC4, 0x33, 0x00, 0x00, 0xE0, 0x33, 0x00, 0x00,
    0xFC, 0x33, 0x00, 0x00, 0x18, 0x34, 0x00, 0x00, 0x34, 0x34, 0x00, 0x00, 0x50, 0x34, 0x00, 0x00,
    0x6C, 0x34, 0x00, 0x00, 0x88, 0x34, 0x00, 0x00, 0xA4, 0x34, 0x00, 0x00, 0xC0, 0x34, 0x00, 0x00,
    0xDC, 0x34, 0x00, 0x00, 0xF8, 0x34, 0x00, 0x00, 0x14, 0x35, 0x00, 0x00, 0x30, 0x35, 0x00, 0x00,
    0x4C, 0x35, 0x00, 0x00, 0x68, 0x35, 0x00, 0x00, 0x84, 0x35, 0x00, 0x00, 0xA0, 0x35, 0x00, 0x00,
    0xBC, 0x35, 0x00, 0x00, 0xD8, 0x35, 0x00, 0x00, 0xF4, 0x35, 0x00, 0x00, 0x10, 0x36, 0x00, 0x00,
    0x2C, 0x36, 0x00, 0x00, 0x48, 0x36, 0x00, 0x00, 0x64, 0x36, 0x00, 0x00, 0x80, 0x36, 0x00, 0x00,
    0x9C, 0x36, 0x00, 0x00, 0xB8, 0x36, 0x00, 0x00, 0xD4, 0x36, 0x00, 0x00, 0xF0, 0x36, 0x00, 0x00,
    0x0C, 0x37, 0x00, 0x00, 0x28, 0x37, 0x00, 0x00, 0x44, 0x37, 0x00, 0x00, 0x60, 0x37, 0x00, 0x00,
    0x7C, 0x37, 0x00, 0x00, 0x98, 0x37, 0x00, 0x00, 0xB4, 0x37, 0x00, 0x00, 0xD0, 0x37, 0x00, 0x00,
    0xEC, 0x37, 0x00, 0x00, 0x08, 0x38, 0x00, 0x00, 0x24, 0x38, 0x00, 0x00, 0x40, 0x38, 0x00, 0x00,
    0x5C, 0x38, 0x00, 0x00, 0x78, 0x38, 0x00, 0x00, 0x94, 0x38, 0x00, 0x00, 0xB0, 0x38, 0x00, 0x00,
    0xCC, 0x38, 0x00, 0x00, 0xE8, 0x38, 0x00, 0x00, 0x04, 0x39, 0x00, 0x00, 0x20, 0x39, 0x00, 0x00,
    0x3C, 0x39, 0x00, 0x00, 0x58, 0x39, 0x00, 0x00, 0x74, 0x39, 0x00, 0x00, 0x90, 0x39, 0x00, 0x00,
    0xAC, 0x39, 0x00, 0x00, 0xC8, 0x39, 0x00, 0x00, 0xE4, 0x39, 0x00, 0x00, 0x00, 0x3A, 0x00, 0x00,
    0x1C, 0x3A, 0x00, 0x00, 0x38, 0x3A, 0x00, 0x00, 0x54, 0x3A, 0x00, 0x00, 0x70, 0x3A, 0x00, 0x00,
    0x8C, 0x3A, 0x00, 0x00, 0xA8, 0x3A, 0x00, 0x00, 0xC4, 0x3A, 0x00, 0x00, 0xE0, 0x3A, 0x00, 0x00,
    0xFC, 0x3A, 0x00, 0x00, 0x18, 0x3B, 0x00, 0x00, 0x34, 0x3B, 0x00, 0x00, 0x50, 0x3B, 0x00, 0x00,
    0x6C, 0x3B, 0x00, 0x00, 0x88, 0x3B, 0x00, 0x00, 0xA4, 0x3B, 0x00, 0x00, 0xC0, 0x3B, 0x00, 0x00,
    0xDC, 0x3B, 0x00, 0x00, 0xF8, 0x3B, 0x00, 0x00, 0x14, 0x3C, 0x00, 0x00, 0x30, 0x3C, 0x00, 0x00,
    0x4C, 0x3C, 0x00, 0x00, 0x68, 0x3C, 0x00, 0x00, 0x84, 0x3C, 0x00, 0x00, 0xA0, 0x3C, 0x00, 0x00,
    0xBC, 0x3C, 0x00, 0x00, 0xD8, 0x3C, 0x00, 0x00, 0xF4, 0x3C, 0x00, 0x00, 0x10, 0x3D, 0x00, 0x00,
    0x2C, 0x3D, 0x00, 0x00, 0x48, 0x3D, 0x00, 0x00, 0x64, 0x3D, 0x00, 0x00, 0x80, 0x3D, 0x00, 0x00,
    0x9C, 0x3D, 0x00, 0x00, 0xB8, 0x3D, 0x00, 0x00, 0xD4, 0x3D, 0x00, 0x00, 0xF0, 0x3D, 0x00, 0x00,
    0x0C, 0x3E, 0x00, 0x00, 0x28, 0x3E, 0x00, 0x00, 0x44, 0x3E, 0x00, 0x00, 0x60, 0x3E, 0x00, 0x00,
    0x7C, 0x3E, 0x00, 0x00, 0x98, 0x3E, 0x00, 0x00, 0xB4, 0x3E, 0x00, 0x00, 0xD0, 0x3E, 0x00, 0x00,
    0xEC, 0x3E, 0x00, 0x00, 0x08, 0x3F, 0x00, 0x00, 0x24, 0x3F, 0x00, 0x00, 0x40, 0x3F, 0x00, 0x00,
    0x5C, 0x3F, 0x00, 0x00, 0x78, 0x3F, 0x00, 0x00, 0x94, 0x3F, 0x00, 0x00, 0xB0, 0x3F, 0x00, 0x00,
    0xCC, 0x3F, 0x00, 0x00, 0xE8, 0x3F, 0x00, 0x00, 0x04, 0x40, 0x00, 0x00, 0x20, 0x40, 0x00, 0x00,
    0x3C, 0x40, 0x00, 0x00, 0x58, 0x40, 0x00, 0x00, 0x74, 0x40, 0x00, 0x00, 0x90, 0x40, 0x00, 0x00,
    0xAC, 0x40, 0x00, 0x00, 0xC8, 0x40, 0x00, 0x00, 0xE4, 0x40, 0x00, 0x00, 0x00, 0x41, 0x00, 0x00,
    0x1C, 0x41, 0x00, 0x00, 0x38, 0x41, 0x00, 0x00, 0x54, 0x41, 0x00, 0x00, 0x70, 0x41, 0x00, 0x00,
    0x8C, 0x41, 0x00, 0x00, 0xA8, 0x41, 0x00, 0x00, 0xC4, 0x41, 0x00, 0x00, 0xE0, 0x41, 0x00, 0x00,
    0xFC, 0x41, 0x00, 0x00, 0x18, 0x42, 0x00, 0x00, 0x34, 0x42, 0x00, 0x00, 0x50, 0x42, 0x00, 0x00,
    0x6C, 0x42, 0x00, 0x00, 0x88, 0x42, 0x00, 0x00, 0xA4, 0x42, 0x00, 0x00, 0xC0, 0x42, 0x00, 0x00,
    0xDC, 0x42, 0x00, 0x00, 0xF8, 0x42, 0x00, 0x00, 0x14, 0x43, 0x00, 0x00, 0x30, 0x43, 0x00, 0x00,
    0x4C, 0x43, 0x00, 0x00, 0x68, 0x43, 0x00, 0x00, 0x84, 0x43, 0x00, 0x00, 0xA0, 0x43, 0x00, 0x00,
    0xBC, 0x43, 0x00, 0x00, 0xD8, 0x43, 0x00, 0x00, 0xF4, 0x43, 0x00, 0x00, 0x10, 0x44, 0x00, 0x00,
    0x2C, 0x44, 0x00, 0x00, 0x48, 0x44, 0x00, 0x00, 0x64, 0x44, 0x00, 0x00, 0x80, 0x44, 0x00, 0x00,
    0x9C, 0x44, 0x00, 0x00, 0xB8, 0x44, 0x00, 0x00, 0xD4, 0x44, 0x00, 0x00, 0xF0, 0x44, 0x00, 0x00,
    0x0C, 0x45, 0x00, 0x00, 0x28, 0x45, 0x00, 0x00, 0x44, 0x45, 0x00, 0x00, 0x60, 0x45, 0x00, 0x00,
    0x7C, 0x45, 0x00, 0x00, 0x98, 0x45, 0x00, 0x00, 0xB4, 0x45, 0x00, 0x00, 0xD0, 0x45, 0x00, 0x00,
    0xEC, 0x45, 0x00, 0x00, 0x08, 0x46, 0x00, 0x00, 0x24, 0x46, 0x00, 0x00, 0x40, 0x46, 0x00, 0x00,
    0x5C, 0x46, 0x00, 0x00, 0x78, 0x46, 0x00, 0x00, 0x94, 0x46, 0x00, 0x00, 0xB0, 0x46, 0x00, 0x00,
    0xCC, 0x46, 0x00, 0x00, 0xE8, 0x46, 0x00, 0x00, 0x04, 0x47, 0x00, 0x00, 0x20, 0x47, 0x00, 0x00,
    0x3C, 0x47, 0x00, 0x00, 0x58, 0x47, 0x00, 0x00, 0x74, 0x47, 0x00, 0x00, 0x90, 0x47, 0x00, 0x00,
    0xAC, 0x47, 0x00, 0x00, 0xC8, 0x47, 0x00, 0x00, 0xE4, 0x47, 0x00, 0x00, 0x00, 0x48, 0x00, 0x00,
    0x1C, 0x48, 0x00, 0x00, 0x38, 0x48, 0x00, 0x00, 0x54, 0x48, 0x00, 0x00, 0x70, 0x48, 0x00, 0x00,
    0x8C, 0x48, 0x00, 0x00, 0xA8, 0x48, 0x00, 0x00, 0xC4, 0x48, 0x00, 0x00, 0xE0, 0x48, 0x00, 0x00,
    0xFC, 0x48, 0x00, 0x00, 0x18, 0x49, 0x00, 0x00, 0x34, 0x49, 0x00, 0x00, 0x50, 0x49, 0x00, 0x00,
    0x6C, 0x49, 0x00, 0x00, 0x88, 0x49, 0x00, 0x00, 0xA4, 0x49, 0x00, 0x00, 0xC0, 0x49, 0x00, 0x00,
    0xDC, 0x49, 0x00, 0x00, 0xF8, 0x49, 0x00, 0x00, 0x14, 0x4A, 0x00, 0x00, 0x30, 0x4A, 0x00, 0x00,
    0x4C, 0x4A, 0x00, 0x00, 0x68, 0x4A, 0x00, 0x00, 0x84, 0x4A, 0x00, 0x00, 0xA0, 0x4A, 0x00, 0x00,
    0xBC, 0x4A, 0x00, 0x00, 0xD8, 0x4A, 0x00, 0x00, 0xF4, 0x4A, 0x00, 0x00, 0x10, 0x4B, 0x00, 0x00,
    0x2C, 0x4B, 0x00, 0x00, 0x48, 0x4B, 0x00, 0x00, 0x64, 0x4B, 0x00, 0x00, 0x80, 0x4B, 0x00, 0x00,
    0x9C, 0x4B, 0x00, 0x00, 0xB8, 0x4B, 0x00, 0x00, 0xD4, 0x4B, 0x00, 0x00, 0xF0, 0x4B, 0x00, 0x00,
    0x0C, 0x4C, 0x00, 0x00, 0x28, 0x4C, 0x00, 0x00, 0x44, 0x4C, 0x00, 0x00, 0x60, 0x4C, 0x00, 0x00,
    0x7C, 0x4C, 0x00, 0x00, 0x98, 0x4C, 0x00, 0x00, 0xB4, 0x4C, 0x00, 0x00, 0xD0, 0x4C, 0x00, 0x00,
    0xEC, 0x4C, 0x00, 0x00, 0x08, 0x4D, 0x00, 0x00, 0x24, 0x4D, 0x00, 0x00, 0x40, 0x4D, 0x00, 0x00,
    0x5C, 0x4D, 0x00, 0x00, 0x78, 0x4D, 0x00, 0x00, 0x94, 0x4D, 0x00, 0x00, 0xB0, 0x4D, 0x00, 0x00,
    0xCC, 0x4D, 0x00, 0x00, 0xE8, 0x4D, 0x00, 0x00, 0x04, 0x4E, 0x00, 0x00, 0x20, 0x4E, 0x00, 0x00,
    0x3C, 0x4E, 0x00, 0x00, 0x58, 0x4E, 0x00, 0x00, 0x74, 0x4E, 0x00, 0x00, 0x90, 0x4E, 0x00, 0x00,
    0xAC, 0x4E, 0x00, 0x00, 0xC8, 0x4E, 0x00, 0x00, 0xE4, 0x4E, 0x00, 0x00, 0x00, 0x4F, 0x00, 0x00,
    0x1C, 0x4F, 0x00, 0x00, 0x38, 0x4F, 0x00, 0x00, 0x54, 0x4F, 0x00, 0x00, 0x70, 0x4F, 0x00, 0x00,
    0x8C, 0x4F, 0x00, 0x00, 0xA8, 0x4F, 0x00, 0x00, 0xC4, 0x4F, 0x00, 0x00, 0xE0, 0x4F, 0x00, 0x00,
    0xFC, 0x4F, 0x00, 0x00, 0x18, 0x50, 0x00, 0x00, 0x34, 0x50, 0x00, 0x00, 0x50, 0x50, 0x00, 0x00,
    0x6C, 0x50, 0x00, 0x00, 0x88, 0x50, 0x00, 0x00, 0xA4, 0x50, 0x00, 0x00, 0xC0, 0x50, 0x00, 0x00,
    0xDC, 0x50, 0x00, 0x00, 0xF8, 0x50, 0x00, 0x00, 0x14, 0x51, 0x00, 0x00, 0x30, 0x51, 0x00, 0x00,
    0x4C, 0x51, 0x00, 0x00, 0x68, 0x51, 0x00, 0x00, 0x84, 0x51, 0x00, 0x00, 0xA0, 0x51, 0x00, 0x00,
    0xBC, 0x51, 0x00, 0x00, 0xD8, 0x51, 0x00, 0x00, 0xF4, 0x51, 0x00, 0x00, 0x10, 0x52, 0x00, 0x00,
    0x2C, 0x52, 0x00, 0x00, 0x48, 0x52, 0x00, 0x00, 0x64, 0x52, 0x00, 0x00, 0x80, 0x52, 0x00, 0x00,
    0x9C, 0x52, 0x00, 0x00, 0xB8, 0x52, 0x00, 0x00, 0xD4, 0x52, 0x00, 0x00, 0xF0, 0x52, 0x00, 0x00,
    0x0C, 0x53, 0x00, 0x00, 0x28, 0x53, 0x00, 0x00, 0x44, 0x53, 0x00, 0x00, 0x60, 0x53, 0x00, 0x00,
    0x7C, 0x53, 0x00, 0x00, 0x98, 0x53, 0x00, 0x00, 0xB4, 0x53, 0x00, 0x00, 0xD0, 0x53, 0x00, 0x00,
    0xEC, 0x53, 0x00, 0x00, 0x08, 0x54, 0x00, 0x00, 0x24, 0x54, 0x00, 0x00, 0x40, 0x54, 0x00, 0x00,
    0x5C, 0x54, 0x00, 0x00, 0x78, 0x54, 0x00, 0x00, 0x94, 0x54, 0x00, 0x00, 0xB0, 0x54, 0x00, 0x00,
    0xCC, 0x54, 0x00, 0x00, 0xE8, 0x54, 0x00, 0x00, 0x04, 0x55, 0x00, 0x00, 0x20, 0x55, 0x00, 0x00,
    0x3C, 0x55, 0x00, 0x00, 0x58, 0x55, 0x00, 0x00, 0x74, 0x55, 0x00, 0x00, 0x90, 0x55, 0x00, 0x00,
    0xAC, 0x55, 0x00, 0x00, 0xC8, 0x55, 0x00, 0x00, 0xE4, 0x55, 0x00, 0x00, 0x00, 0x56, 0x00, 0x00,
    0x1C, 0x56, 0x00, 0x00, 0x38, 0x56, 0x00, 0x00, 0x54, 0x56, 0x00, 0x00, 0x70, 0x56, 0x00, 0x00,
    0x8C, 0x56, 0x00, 0x00, 0xA8, 0x56, 0x00, 0x00, 0xC4, 0x56, 0x00, 0x00, 0xE0, 0x56, 0x00, 0x00,
    0xFC, 0x56, 0x00, 0x00, 0x18, 0x57, 0x00, 0x00, 0x34, 0x57, 0x00, 0x00, 0x50, 0x57, 0x00, 0x00,
    0x6C, 0x57, 0x00, 0x00, 0x88, 0x57, 0x00, 0x00, 0xA4, 0x57, 0x00, 0x00, 0xC0, 0x57, 0x00, 0x00,
    0xDC, 0x57, 0x00, 0x00, 0xF8, 0x57, 0x00, 0x00, 0x14, 0x58, 0x00, 0x00, 0x30, 0x58, 0x00, 0x00,
    0x4C, 0x58, 0x00, 0x00, 0x68, 0x58, 0x00, 0x00, 0x84, 0x58, 0x00, 0x00, 0xA0, 0x58, 0x00, 0x00,
    0xBC, 0x58, 0x00, 0x00, 0xD8, 0x58, 0x00, 0x00, 0xF4, 0x58, 0x00, 0x00, 0x10, 0x59, 0x00, 0x00,
    0x2C, 0x59, 0x00, 0x00, 0x48, 0x59, 0x00, 0x00, 0x64, 0x59, 0x00, 0x00, 0x80, 0x59, 0x00, 0x00,
    0x9C, 0x59, 0x00, 0x00, 0xB8, 0x59, 0x00, 0x00, 0xD4, 0x59, 0x00, 0x00, 0xF0, 0x59, 0x00, 0x00,
    0x0C, 0x5A, 0x00, 0x00, 0x28, 0x5A, 0x00, 0x00, 0x44, 0x5A, 0x00, 0x00, 0x60, 0x5A, 0x00, 0x00,
    0x7C, 0x5A, 0x00, 0x00, 0x98, 0x5A, 0x00, 0x00, 0xB4, 0x5A, 0x00, 0x00, 0xD0, 0x5A, 0x00, 0x00,
    0xEC, 0x5A, 0x00, 0x00, 0x08, 0x5B, 0x00, 0x00, 0x24, 0x5B, 0x00, 0x00, 0x40, 0x5B, 0x00, 0x00,
    0x5C, 0x5B, 0x00, 0x00, 0x78, 0x5B, 0x00, 0x00, 0x94, 0x5B, 0x00, 0x00, 0xB0, 0x5B, 0x00, 0x00,
    0xCC, 0x5B, 0x00, 0x00, 0xE8, 0x5B, 0x00, 0x00, 0x04, 0x5C, 0x00, 0x00, 0x20, 0x5C, 0x00, 0x00,
    0x3C, 0x5C, 0x00, 0x00, 0x58, 0x5C, 0x00, 0x00, 0x74, 0x5C, 0x00, 0x00, 0x98, 0x5C, 0x00, 0x00,
    0xB4, 0x5C, 0x00, 0x00, 0xD0, 0x5C, 0x00, 0x00, 0xEC, 0x5C, 0x00, 0x00, 0x08, 0x5D, 0x00, 0x00,
    0x24, 0x5D, 0x00, 0x00, 0x40, 0x5D, 0x00, 0x00, 0x5C, 0x5D, 0x00, 0x00, 0x78, 0x5D, 0x00, 0x00,
    0x94, 0x5D, 0x00, 0x00, 0xB0, 0x5D, 0x00, 0x00, 0xCC, 0x5D, 0x00, 0x00, 0xE8, 0x5D, 0x00, 0x00,
    0x04, 0x5E, 0x00, 0x00, 0x20, 0x5E, 0x00, 0x00, 0x3C, 0x5E, 0x00, 0x00, 0x58, 0x5E, 0x00, 0x00,
    0x74, 0x5E, 0x00, 0x00, 0x90, 0x5E, 0x00, 0x00, 0xAC, 0x5E, 0x00, 0x00, 0x56, 0x31, 0x2E, 0x30,
    0x2E, 0x30, 0x5F, 0x53, 0x75, 0x6D, 0x6D, 0x65, 0x72, 0x00, 0x00, 0x00, 0x32, 0x30, 0x32, 0x36,
    0x30, 0x36, 0x32, 0x32, 0x00, 0x00, 0x00, 0x00, 0xEF, 0x9F, 0x82, 0x20, 0xEF, 0x87, 0xAB, 0x20,
    0xEF, 0x89, 0x80, 0x20, 0x20, 0x00, 0x00, 0x00, 0xE6, 0xAC, 0xA2, 0xE8, 0xBF, 0x8E, 0x00, 0x00,
    0x31, 0x32, 0x3A, 0x33, 0x34, 0x3A, 0x33, 0x32, 0x00, 0x00, 0x00, 0x00, 0x30, 0x75, 0x00, 0x00,
    0x00, 0x00, 0x00, 0x00, 0x00, 0x00, 0x00, 0x00, 0x03, 0x00, 0x00, 0x00, 0x78, 0x5E, 0x00, 0x00,
    0x00, 0x00, 0x00, 0x00, 0x00, 0x00, 0x00, 0x00, 0xFF, 0xFF, 0x00, 0x00, 0x31, 0x75, 0x00, 0x00,
    0x00, 0x00, 0x00, 0x00, 0x00, 0x00, 0x00, 0x00, 0x03, 0x00, 0x00, 0x00, 0x64, 0x5E, 0x00, 0x00,
    0x00, 0x00, 0x00, 0x00, 0x00, 0x00, 0x00, 0x00, 0xFF, 0xFF, 0x00, 0x00, 0x32, 0x75, 0x00, 0x00,
    0x00, 0x00, 0x00, 0x00, 0x00, 0x00, 0x00, 0x00, 0x03, 0x00, 0x00, 0x00, 0x50, 0x5E, 0x00, 0x00,
    0x00, 0x00, 0x00, 0x00, 0x00, 0x00, 0x00, 0x00, 0xFF, 0xFF, 0x00, 0x00, 0x33, 0x75, 0x00, 0x00,
    0x00, 0x00, 0x00, 0x00, 0x00, 0x00, 0x00, 0x00, 0x04, 0x00, 0x00, 0x00, 0x3C, 0x5E, 0x00, 0x00,
    0x00, 0x00, 0x00, 0x00, 0x00, 0x00, 0x00, 0x00, 0xFF, 0xFF, 0x00, 0x00, 0x32, 0x75, 0x00, 0x00,
    0x00, 0x00, 0x00, 0x00, 0x00, 0x00, 0x00, 0x00, 0x03, 0x00, 0x00, 0x00, 0x2C, 0x5E, 0x00, 0x00,
    0x00, 0x00, 0x00, 0x00, 0x00, 0x00, 0x00, 0x00, 0xFF, 0xFF, 0x00, 0x00, 0x32, 0x75, 0x00, 0x00,
    0x00, 0x00, 0x00, 0x00, 0x00, 0x00, 0x00, 0x00, 0x04, 0x00, 0x00, 0x00, 0x18, 0x5E, 0x00, 0x00,
    0x00, 0x00, 0x00, 0x00, 0x00, 0x00, 0x00, 0x00, 0xFF, 0xFF, 0x00, 0x00, 0x32, 0x75, 0x00, 0x00,
    0x00, 0x00, 0x00, 0x00, 0x00, 0x00, 0x00, 0x00, 0x03, 0x00, 0x00, 0x00, 0x08, 0x5E, 0x00, 0x00,
    0x00, 0x00, 0x00, 0x00, 0x00, 0x00, 0x00, 0x00, 0xFF, 0xFF, 0x00, 0x00, 0x34, 0x75, 0x00, 0x00,
    0x00, 0x00, 0x00, 0x00, 0x00, 0x00, 0x00, 0x00, 0x03, 0x00, 0x00, 0x00, 0xF4, 0x5D, 0x00, 0x00,
    0x00, 0x00, 0x00, 0x00, 0x00, 0x00, 0x00, 0x00, 0xFF, 0xFF, 0x00, 0x00, 0x31, 0x75, 0x00, 0x00,
    0x00, 0x00, 0x00, 0x00, 0x00, 0x00, 0x00, 0x00, 0x03, 0x00, 0x00, 0x00, 0xE0, 0x5D, 0x00, 0x00,
    0x00, 0x00, 0x00, 0x00, 0x00, 0x00, 0x00, 0x00, 0xFF, 0xFF, 0x00, 0x00, 0x35, 0x75, 0x00, 0x00,
    0x00, 0x00, 0x00, 0x00, 0x00, 0x00, 0x00, 0x00, 0x03, 0x00, 0x00, 0x00, 0xCC, 0x5D, 0x00, 0x00,
    0x00, 0x00, 0x00, 0x00, 0x00, 0x00, 0x00, 0x00, 0xFF, 0xFF, 0x00, 0x00, 0x32, 0x75, 0x00, 0x00,
    0x00, 0x00, 0x00, 0x00, 0x00, 0x00, 0x00, 0x00, 0x03, 0x00, 0x00, 0x00, 0xB8, 0x5D, 0x00, 0x00,
    0x00, 0x00, 0x00, 0x00, 0x00, 0x00, 0x00, 0x00, 0xFF, 0xFF, 0x00, 0x00, 0x35, 0x75, 0x00, 0x00,
    0x00, 0x00, 0x00, 0x00, 0x00, 0x00, 0x00, 0x00, 0x03, 0x00, 0x00, 0x00, 0xA4, 0x5D, 0x00, 0x00,
    0x00, 0x00, 0x00, 0x00, 0x00, 0x00, 0x00, 0x00, 0xFF, 0xFF, 0x00, 0x00, 0x32, 0x75, 0x00, 0x00,
    0x00, 0x00, 0x00, 0x00, 0x00, 0x00, 0x00, 0x00, 0x03, 0x00, 0x00, 0x00, 0x90, 0x5D, 0x00, 0x00,
    0x00, 0x00, 0x00, 0x00, 0x00, 0x00, 0x00, 0x00, 0xFF, 0xFF, 0x00, 0x00, 0x34, 0x75, 0x00, 0x00,
    0x00, 0x00, 0x00, 0x00, 0x00, 0x00, 0x00, 0x00, 0x03, 0x00, 0x00, 0x00, 0x7C, 0x5D, 0x00, 0x00,
    0x00, 0x00, 0x00, 0x00, 0x00, 0x00, 0x00, 0x00, 0xFF, 0xFF, 0x00, 0x00, 0x30, 0x75, 0x00, 0x00,
    0x00, 0x00, 0x00, 0x00, 0x00, 0x00, 0x00, 0x00, 0x03, 0x00, 0x00, 0x00, 0x68, 0x5D, 0x00, 0x00,
    0x00, 0x00, 0x00, 0x00, 0x00, 0x00, 0x00, 0x00, 0xFF, 0xFF, 0x00, 0x00, 0x32, 0x75, 0x00, 0x00,
    0x00, 0x00, 0x00, 0x00, 0x00, 0x00, 0x00, 0x00, 0x03, 0x00, 0x00, 0x00, 0x54, 0x5D, 0x00, 0x00,
    0x00, 0x00, 0x00, 0x00, 0x00, 0x00, 0x00, 0x00, 0xFF, 0xFF, 0x00, 0x00, 0x32, 0x75, 0x00, 0x00,
    0x00, 0x00, 0x00, 0x00, 0x00, 0x00, 0x00, 0x00, 0x03, 0x00, 0x00, 0x00, 0x40, 0x5D, 0x00, 0x00,
    0x00, 0x00, 0x00, 0x00, 0x00, 0x00, 0x00, 0x00, 0xFF, 0xFF, 0x00, 0x00, 0x32, 0x75, 0x00, 0x00,
    0x00, 0x00, 0x00, 0x00, 0x00, 0x00, 0x00, 0x00, 0x03, 0x00, 0x00, 0x00, 0x2C, 0x5D, 0x00, 0x00,
    0x00, 0x00, 0x00, 0x00, 0x00, 0x00, 0x00, 0x00, 0xFF, 0xFF, 0x00, 0x00, 0x34, 0x75, 0x00, 0x00,
    0x00, 0x00, 0x00, 0x00, 0x00, 0x00, 0x00, 0x00, 0x03, 0x00, 0x00, 0x00, 0x18, 0x5D, 0x00, 0x00,
    0x00, 0x00, 0x00, 0x00, 0x00, 0x00, 0x00, 0x00, 0xFF, 0xFF, 0x00, 0x00, 0x32, 0x75, 0x00, 0x00,
    0x00, 0x00, 0x00, 0x00, 0x00, 0x00, 0x00, 0x00, 0x03, 0x00, 0x00, 0x00, 0x04, 0x5D, 0x00, 0x00,
    0x00, 0x00, 0x00, 0x00, 0x00, 0x00, 0x00, 0x00, 0xFF, 0xFF, 0x00, 0x00, 0x32, 0x75, 0x00, 0x00,
    0x00, 0x00, 0x00, 0x00, 0x00, 0x00, 0x00, 0x00, 0x03, 0x00, 0x00, 0x00, 0xF0, 0x5C, 0x00, 0x00,
    0x00, 0x00, 0x00, 0x00, 0x00, 0x00, 0x00, 0x00, 0xFF, 0xFF, 0x00, 0x00, 0x32, 0x75, 0x00, 0x00,
    0x00, 0x00, 0x00, 0x00, 0x00, 0x00, 0x00, 0x00, 0x03, 0x00, 0x00, 0x00, 0xDC, 0x5C, 0x00, 0x00,
    0x00, 0x00, 0x00, 0x00, 0x00, 0x00, 0x00, 0x00, 0xFF, 0xFF, 0x00, 0x00, 0x32, 0x75, 0x00, 0x00,
    0x00, 0x00, 0x00, 0x00, 0x00, 0x00, 0x00, 0x00, 0x03, 0x00, 0x00, 0x00, 0xC8, 0x5C, 0x00, 0x00,
    0x00, 0x00, 0x00, 0x00, 0x00, 0x00, 0x00, 0x00, 0xFF, 0xFF, 0x00, 0x00, 0x36, 0x75, 0x00, 0x00,
    0x00, 0x00, 0x00, 0x00, 0x00, 0x00, 0x00, 0x00, 0x03, 0x00, 0x00, 0x00, 0xB4, 0x5C, 0x00, 0x00,
    0x00, 0x00, 0x00, 0x00, 0x00, 0x00, 0x00, 0x00, 0xFF, 0xFF, 0x00, 0x00, 0x32, 0x75, 0x00, 0x00,
    0x00, 0x00, 0x00, 0x00, 0x00, 0x00, 0x00, 0x00, 0x03, 0x00, 0x00, 0x00, 0xA0, 0x5C, 0x00, 0x00,
    0x00, 0x00, 0x00, 0x00, 0x00, 0x00, 0x00, 0x00, 0xFF, 0xFF, 0x00, 0x00, 0x36, 0x75, 0x00, 0x00,
    0x00, 0x00, 0x00, 0x00, 0x00, 0x00, 0x00, 0x00, 0x03, 0x00, 0x00, 0x00, 0x8C, 0x5C, 0x00, 0x00,
    0x00, 0x00, 0x00, 0x00, 0x00, 0x00, 0x00, 0x00, 0xFF, 0xFF, 0x00, 0x00, 0x32, 0x75, 0x00, 0x00,
    0x00, 0x00, 0x00, 0x00, 0x00, 0x00, 0x00, 0x00, 0x03, 0x00, 0x00, 0x00, 0x78, 0x5C, 0x00, 0x00,
    0x00, 0x00, 0x00, 0x00, 0x00, 0x00, 0x00, 0x00, 0xFF, 0xFF, 0x00, 0x00, 0x32, 0x75, 0x00, 0x00,
    0x00, 0x00, 0x00, 0x00, 0x00, 0x00, 0x00, 0x00, 0x03, 0x00, 0x00, 0x00, 0x64, 0x5C, 0x00, 0x00,
    0x00, 0x00, 0x00, 0x00, 0x00, 0x00, 0x00, 0x00, 0xFF, 0xFF, 0x00, 0x00, 0x36, 0x75, 0x00, 0x00,
    0x00, 0x00, 0x00, 0x00, 0x00, 0x00, 0x00, 0x00, 0x03, 0x00, 0x00, 0x00, 0x50, 0x5C, 0x00, 0x00,
    0x00, 0x00, 0x00, 0x00, 0x00, 0x00, 0x00, 0x00, 0xFF, 0xFF, 0x00, 0x00, 0x32, 0x75, 0x00, 0x00,
    0x00, 0x00, 0x00, 0x00, 0x00, 0x00, 0x00, 0x00, 0x03, 0x00, 0x00, 0x00, 0x3C, 0x5C, 0x00, 0x00,
    0x00, 0x00, 0x00, 0x00, 0x00, 0x00, 0x00, 0x00, 0xFF, 0xFF, 0x00, 0x00, 0x35, 0x75, 0x00, 0x00,
    0x00, 0x00, 0x00, 0x00, 0x00, 0x00, 0x00, 0x00, 0x03, 0x00, 0x00, 0x00, 0x28, 0x5C, 0x00, 0x00,
    0x00, 0x00, 0x00, 0x00, 0x00, 0x00, 0x00, 0x00, 0xFF, 0xFF, 0x00, 0x00, 0x32, 0x75, 0x00, 0x00,
    0x00, 0x00, 0x00, 0x00, 0x00, 0x00, 0x00, 0x00, 0x03, 0x00, 0x00, 0x00, 0x14, 0x5C, 0x00, 0x00,
    0x00, 0x00, 0x00, 0x00, 0x00, 0x00, 0x00, 0x00, 0xFF, 0xFF, 0x00, 0x00, 0x37, 0x75, 0x00, 0x00,
    0x00, 0x00, 0x00, 0x00, 0x00, 0x00, 0x00, 0x00, 0x03, 0x00, 0x00, 0x00, 0x00, 0x5C, 0x00, 0x00,
    0x00, 0x00, 0x00, 0x00, 0x00, 0x00, 0x00, 0x00, 0xFF, 0xFF, 0x00, 0x00, 0x38, 0x75, 0x00, 0x00,
    0x00, 0x00, 0x00, 0x00, 0x00, 0x00, 0x00, 0x00, 0x03, 0x00, 0x00, 0x00, 0xEC, 0x5B, 0x00, 0x00,
    0x00, 0x00, 0x00, 0x00, 0x00, 0x00, 0x00, 0x00, 0xFF, 0xFF, 0x00, 0x00, 0x32, 0x75, 0x00, 0x00,
    0x00, 0x00, 0x00, 0x00, 0x00, 0x00, 0x00, 0x00, 0x03, 0x00, 0x00, 0x00, 0xD8, 0x5B, 0x00, 0x00,
    0x00, 0x00, 0x00, 0x00, 0x00, 0x00, 0x00, 0x00, 0xFF, 0xFF, 0x00, 0x00, 0x37, 0x75, 0x00, 0x00,
    0x00, 0x00, 0x00, 0x00, 0x00, 0x00, 0x00, 0x00, 0x03, 0x00, 0x00, 0x00, 0xC4, 0x5B, 0x00, 0x00,
    0x00, 0x00, 0x00, 0x00, 0x00, 0x00, 0x00, 0x00, 0xFF, 0xFF, 0x00, 0x00, 0x38, 0x75, 0x00, 0x00,
    0x00, 0x00, 0x00, 0x00, 0x00, 0x00, 0x00, 0x00, 0x03, 0x00, 0x00, 0x00, 0xB0, 0x5B, 0x00, 0x00,
    0x00, 0x00, 0x00, 0x00, 0x00, 0x00, 0x00, 0x00, 0xFF, 0xFF, 0x00, 0x00, 0x32, 0x75, 0x00, 0x00,
    0x00, 0x00, 0x00, 0x00, 0x00, 0x00, 0x00, 0x00, 0x03, 0x00, 0x00, 0x00, 0x9C, 0x5B, 0x00, 0x00,
    0x00, 0x00, 0x00, 0x00, 0x00, 0x00, 0x00, 0x00, 0xFF, 0xFF, 0x00, 0x00, 0x37, 0x75, 0x00, 0x00,
    0x00, 0x00, 0x00, 0x00, 0x00, 0x00, 0x00, 0x00, 0x03, 0x00, 0x00, 0x00, 0x88, 0x5B, 0x00, 0x00,
    0x00, 0x00, 0x00, 0x00, 0x00, 0x00, 0x00, 0x00, 0xFF, 0xFF, 0x00, 0x00, 0x38, 0x75, 0x00, 0x00,
    0x00, 0x00, 0x00, 0x00, 0x00, 0x00, 0x00, 0x00, 0x03, 0x00, 0x00, 0x00, 0x74, 0x5B, 0x00, 0x00,
    0x00, 0x00, 0x00, 0x00, 0x00, 0x00, 0x00, 0x00, 0xFF, 0xFF, 0x00, 0x00, 0x32, 0x75, 0x00, 0x00,
    0x00, 0x00, 0x00, 0x00, 0x00, 0x00, 0x00, 0x00, 0x03, 0x00, 0x00, 0x00, 0x60, 0x5B, 0x00, 0x00,
    0x00, 0x00, 0x00, 0x00, 0x00, 0x00, 0x00, 0x00, 0xFF, 0xFF, 0x00, 0x00, 0x34, 0x75, 0x00, 0x00,
    0x00, 0x00, 0x00, 0x00, 0x00, 0x00, 0x00, 0x00, 0x03, 0x00, 0x00, 0x00, 0x4C, 0x5B, 0x00, 0x00,
    0x00, 0x00, 0x00, 0x00, 0x00, 0x00, 0x00, 0x00, 0xFF, 0xFF, 0x00, 0x00, 0x32, 0x75, 0x00, 0x00,
    0x00, 0x00, 0x00, 0x00, 0x00, 0x00, 0x00, 0x00, 0x03, 0x00, 0x00, 0x00, 0x38, 0x5B, 0x00, 0x00,
    0x00, 0x00, 0x00, 0x00, 0x00, 0x00, 0x00, 0x00, 0xFF, 0xFF, 0x00, 0x00, 0x32, 0x75, 0x00, 0x00,
    0x00, 0x00, 0x00, 0x00, 0x00, 0x00, 0x00, 0x00, 0x03, 0x00, 0x00, 0x00, 0x24, 0x5B, 0x00, 0x00,
    0x00, 0x00, 0x00, 0x00, 0x00, 0x00, 0x00, 0x00, 0xFF, 0xFF, 0x00, 0x00, 0x32, 0x75, 0x00, 0x00,
    0x00, 0x00, 0x00, 0x00, 0x00, 0x00, 0x00, 0x00, 0x03, 0x00, 0x00, 0x00, 0x10, 0x5B, 0x00, 0x00,
    0x00, 0x00, 0x00, 0x00, 0x00, 0x00, 0x00, 0x00, 0xFF, 0xFF, 0x00, 0x00, 0x32, 0x75, 0x00, 0x00,
    0x00, 0x00, 0x00, 0x00, 0x00, 0x00, 0x00, 0x00, 0x03, 0x00, 0x00, 0x00, 0xFC, 0x5A, 0x00, 0x00,
    0x00, 0x00, 0x00, 0x00, 0x00, 0x00, 0x00, 0x00, 0xFF, 0xFF, 0x00, 0x00, 0x32, 0x75, 0x00, 0x00,
    0x00, 0x00, 0x00, 0x00, 0x00, 0x00, 0x00, 0x00, 0x04, 0x00, 0x00, 0x00, 0xE8, 0x5A, 0x00, 0x00,
    0x00, 0x00, 0x00, 0x00, 0x00, 0x00, 0x00, 0x00, 0xFF, 0xFF, 0x00, 0x00, 0x39, 0x75, 0x00, 0x00,
    0x00, 0x00, 0x00, 0x00, 0x00, 0x00, 0x00, 0x00, 0x04, 0x00, 0x00, 0x00, 0xD8, 0x5A, 0x00, 0x00,
    0x00, 0x00, 0x00, 0x00, 0x00, 0x00, 0x00, 0x00, 0xFF, 0xFF, 0x00, 0x00, 0x32, 0x75, 0x00, 0x00,
    0x00, 0x00, 0x00, 0x00, 0x00, 0x00, 0x00, 0x00, 0x03, 0x00, 0x00, 0x00, 0xC8, 0x5A, 0x00, 0x00,
    0x00, 0x00, 0x00, 0x00, 0x00, 0x00, 0x00, 0x00, 0xFF, 0xFF, 0x00, 0x00, 0x39, 0x75, 0x00, 0x00,
    0x00, 0x00, 0x00, 0x00, 0x00, 0x00, 0x00, 0x00, 0x04, 0x00, 0x00, 0x00, 0xB4, 0x5A, 0x00, 0x00,
    0x00, 0x00, 0x00, 0x00, 0x00, 0x00, 0x00, 0x00, 0xFF, 0xFF, 0x00, 0x00, 0x32, 0x75, 0x00, 0x00,
    0x00, 0x00, 0x00, 0x00, 0x00, 0x00, 0x00, 0x00, 0x04, 0x00, 0x00, 0x00, 0xA4, 0x5A, 0x00, 0x00,
    0x00, 0x00, 0x00, 0x00, 0x00, 0x00, 0x00, 0x00, 0xFF, 0xFF, 0x00, 0x00, 0x35, 0x75, 0x00, 0x00,
    0x00, 0x00, 0x00, 0x00, 0x00, 0x00, 0x00, 0x00, 0x03, 0x00, 0x00, 0x00, 0x94, 0x5A, 0x00, 0x00,
    0x00, 0x00, 0x00, 0x00, 0x00, 0x00, 0x00, 0x00, 0xFF, 0xFF, 0x00, 0x00, 0x32, 0x75, 0x00, 0x00,
    0x00, 0x00, 0x00, 0x00, 0x00, 0x00, 0x00, 0x00, 0x03, 0x00, 0x00, 0x00, 0x80, 0x5A, 0x00, 0x00,
    0x00, 0x00, 0x00, 0x00, 0x00, 0x00, 0x00, 0x00, 0xFF, 0xFF, 0x00, 0x00, 0x34, 0x75, 0x00, 0x00,
    0x00, 0x00, 0x00, 0x00, 0x00, 0x00, 0x00, 0x00, 0x03, 0x00, 0x00, 0x00, 0x6C, 0x5A, 0x00, 0x00,
    0x00, 0x00, 0x00, 0x00, 0x00, 0x00, 0x00, 0x00, 0xFF, 0xFF, 0x00, 0x00, 0x32, 0x75, 0x00, 0x00,
    0x00, 0x00, 0x00, 0x00, 0x00, 0x00, 0x00, 0x00, 0x03, 0x00, 0x00, 0x00, 0x58, 0x5A, 0x00, 0x00,
    0x00, 0x00, 0x00, 0x00, 0x00, 0x00, 0x00, 0x00, 0xFF, 0xFF, 0x00, 0x00, 0x32, 0x75, 0x00, 0x00,
    0x00, 0x00, 0x00, 0x00, 0x00, 0x00, 0x00, 0x00, 0x03, 0x00, 0x00, 0x00, 0x44, 0x5A, 0x00, 0x00,
    0x00, 0x00, 0x00, 0x00, 0x00, 0x00, 0x00, 0x00, 0xFF, 0xFF, 0x00, 0x00, 0x32, 0x75, 0x00, 0x00,
    0x00, 0x00, 0x00, 0x00, 0x00, 0x00, 0x00, 0x00, 0x03, 0x00, 0x00, 0x00, 0x30, 0x5A, 0x00, 0x00,
    0x00, 0x00, 0x00, 0x00, 0x00, 0x00, 0x00, 0x00, 0xFF, 0xFF, 0x00, 0x00, 0x34, 0x75, 0x00, 0x00,
    0x00, 0x00, 0x00, 0x00, 0x00, 0x00, 0x00, 0x00, 0x03, 0x00, 0x00, 0x00, 0x1C, 0x5A, 0x00, 0x00,
    0x00, 0x00, 0x00, 0x00, 0x00, 0x00, 0x00, 0x00, 0xFF, 0xFF, 0x00, 0x00, 0x32, 0x75, 0x00, 0x00,
    0x00, 0x00, 0x00, 0x00, 0x00, 0x00, 0x00, 0x00, 0x03, 0x00, 0x00, 0x00, 0x08, 0x5A, 0x00, 0x00,
    0x00, 0x00, 0x00, 0x00, 0x00, 0x00, 0x00, 0x00, 0xFF, 0xFF, 0x00, 0x00, 0x37, 0x75, 0x00, 0x00,
    0x00, 0x00, 0x00, 0x00, 0x00, 0x00, 0x00, 0x00, 0x03, 0x00, 0x00, 0x00, 0xF4, 0x59, 0x00, 0x00,
    0x00, 0x00, 0x00, 0x00, 0x00, 0x00, 0x00, 0x00, 0xFF, 0xFF, 0x00, 0x00, 0x38, 0x75, 0x00, 0x00,
    0x00, 0x00, 0x00, 0x00, 0x00, 0x00, 0x00, 0x00, 0x03, 0x00, 0x00, 0x00, 0xE0, 0x59, 0x00, 0x00,
    0x00, 0x00, 0x00, 0x00, 0x00, 0x00, 0x00, 0x00, 0xFF, 0xFF, 0x00, 0x00, 0x34, 0x75, 0x00, 0x00,
    0x00, 0x00, 0x00, 0x00, 0x00, 0x00, 0x00, 0x00, 0x03, 0x00, 0x00, 0x00, 0xCC, 0x59, 0x00, 0x00,
    0x00, 0x00, 0x00, 0x00, 0x00, 0x00, 0x00, 0x00, 0xFF, 0xFF, 0x00, 0x00, 0x32, 0x75, 0x00, 0x00,
    0x00, 0x00, 0x00, 0x00, 0x00, 0x00, 0x00, 0x00, 0x03, 0x00, 0x00, 0x00, 0xB8, 0x59, 0x00, 0x00,
    0x00, 0x00, 0x00, 0x00, 0x00, 0x00, 0x00, 0x00, 0xFF, 0xFF, 0x00, 0x00, 0x37, 0x75, 0x00, 0x00,
    0x00, 0x00, 0x00, 0x00, 0x00, 0x00, 0x00, 0x00, 0x03, 0x00, 0x00, 0x00, 0xA4, 0x59, 0x00, 0x00,
    0x00, 0x00, 0x00, 0x00, 0x00, 0x00, 0x00, 0x00, 0xFF, 0xFF, 0x00, 0x00, 0x38, 0x75, 0x00, 0x00,
    0x00, 0x00, 0x00, 0x00, 0x00, 0x00, 0x00, 0x00, 0x03, 0x00, 0x00, 0x00, 0x90, 0x59, 0x00, 0x00,
    0x00, 0x00, 0x00, 0x00, 0x00, 0x00, 0x00, 0x00, 0xFF, 0xFF, 0x00, 0x00, 0x34, 0x75, 0x00, 0x00,
    0x00, 0x00, 0x00, 0x00, 0x00, 0x00, 0x00, 0x00, 0x03, 0x00, 0x00, 0x00, 0x7C, 0x59, 0x00, 0x00,
    0x00, 0x00, 0x00, 0x00, 0x00, 0x00, 0x00, 0x00, 0xFF, 0xFF, 0x00, 0x00, 0x32, 0x75, 0x00, 0x00,
    0x00, 0x00, 0x00, 0x00, 0x00, 0x00, 0x00, 0x00, 0x03, 0x00, 0x00, 0x00, 0x68, 0x59, 0x00, 0x00,
    0x00, 0x00, 0x00, 0x00, 0x00, 0x00, 0x00, 0x00, 0xFF, 0xFF, 0x00, 0x00, 0x37, 0x75, 0x00, 0x00,
    0x00, 0x00, 0x00, 0x00, 0x00, 0x00, 0x00, 0x00, 0x03, 0x00, 0x00, 0x00, 0x54, 0x59, 0x00, 0x00,
    0x00, 0x00, 0x00, 0x00, 0x00, 0x00, 0x00, 0x00, 0xFF, 0xFF, 0x00, 0x00, 0x38, 0x75, 0x00, 0x00,
    0x00, 0x00, 0x00, 0x00, 0x00, 0x00, 0x00, 0x00, 0x03, 0x00, 0x00, 0x00, 0x40, 0x59, 0x00, 0x00,
    0x00, 0x00, 0x00, 0x00, 0x00, 0x00, 0x00, 0x00, 0xFF, 0xFF, 0x00, 0x00, 0x34, 0x75, 0x00, 0x00,
    0x00, 0x00, 0x00, 0x00, 0x00, 0x00, 0x00, 0x00, 0x03, 0x00, 0x00, 0x00, 0x2C, 0x59, 0x00, 0x00,
    0x00, 0x00, 0x00, 0x00, 0x00, 0x00, 0x00, 0x00, 0xFF, 0xFF, 0x00, 0x00, 0x32, 0x75, 0x00, 0x00,
    0x00, 0x00, 0x00, 0x00, 0x00, 0x00, 0x00, 0x00, 0x03, 0x00, 0x00, 0x00, 0x18, 0x59, 0x00, 0x00,
    0x00, 0x00, 0x00, 0x00, 0x00, 0x00, 0x00, 0x00, 0xFF, 0xFF, 0x00, 0x00, 0x3A, 0x75, 0x00, 0x00,
    0x00, 0x00, 0x00, 0x00, 0x00, 0x00, 0x00, 0x00, 0x03, 0x00, 0x00, 0x00, 0x04, 0x59, 0x00, 0x00,
    0x00, 0x00, 0x00, 0x00, 0x00, 0x00, 0x00, 0x00, 0xFF, 0xFF, 0x00, 0x00, 0x34, 0x75, 0x00, 0x00,
    0x00, 0x00, 0x00, 0x00, 0x00, 0x00, 0x00, 0x00, 0x03, 0x00, 0x00, 0x00, 0xF0, 0x58, 0x00, 0x00,
    0x00, 0x00, 0x00, 0x00, 0x00, 0x00, 0x00, 0x00, 0xFF, 0xFF, 0x00, 0x00, 0x32, 0x75, 0x00, 0x00,
    0x00, 0x00, 0x00, 0x00, 0x00, 0x00, 0x00, 0x00, 0x03, 0x00, 0x00, 0x00, 0xDC, 0x58, 0x00, 0x00,
    0x00, 0x00, 0x00, 0x00, 0x00, 0x00, 0x00, 0x00, 0xFF, 0xFF, 0x00, 0x00, 0x32, 0x75, 0x00, 0x00,
    0x00, 0x00, 0x00, 0x00, 0x00, 0x00, 0x00, 0x00, 0x03, 0x00, 0x00, 0x00, 0xC8, 0x58, 0x00, 0x00,
    0x00, 0x00, 0x00, 0x00, 0x00, 0x00, 0x00, 0x00, 0xFF, 0xFF, 0x00, 0x00, 0x32, 0x75, 0x00, 0x00,
    0x00, 0x00, 0x00, 0x00, 0x00, 0x00, 0x00, 0x00, 0x03, 0x00, 0x00, 0x00, 0xB4, 0x58, 0x00, 0x00,
    0x00, 0x00, 0x00, 0x00, 0x00, 0x00, 0x00, 0x00, 0xFF, 0xFF, 0x00, 0x00, 0x34, 0x75, 0x00, 0x00,
    0x00, 0x00, 0x00, 0x00, 0x00, 0x00, 0x00, 0x00, 0x03, 0x00, 0x00, 0x00, 0xA0, 0x58, 0x00, 0x00,
    0x00, 0x00, 0x00, 0x00, 0x00, 0x00, 0x00, 0x00, 0xFF, 0xFF, 0x00, 0x00, 0x32, 0x75, 0x00, 0x00,
    0x00, 0x00, 0x00, 0x00, 0x00, 0x00, 0x00, 0x00, 0x03, 0x00, 0x00, 0x00, 0x8C, 0x58, 0x00, 0x00,
    0x00, 0x00, 0x00, 0x00, 0x00, 0x00, 0x00, 0x00, 0xFF, 0xFF, 0x00, 0x00, 0x3A, 0x75, 0x00, 0x00,
    0x00, 0x00, 0x00, 0x00, 0x00, 0x00, 0x00, 0x00, 0x03, 0x00, 0x00, 0x00, 0x78, 0x58, 0x00, 0x00,
    0x00, 0x00, 0x00, 0x00, 0x00, 0x00, 0x00, 0x00, 0xFF, 0xFF, 0x00, 0x00, 0x30, 0x75, 0x00, 0x00,
    0x00, 0x00, 0x00, 0x00, 0x00, 0x00, 0x00, 0x00, 0x03, 0x00, 0x00, 0x00, 0x64, 0x58, 0x00, 0x00,
    0x00, 0x00, 0x00, 0x00, 0x00, 0x00, 0x00, 0x00, 0xFF, 0xFF, 0x00, 0x00, 0x32, 0x75, 0x00, 0x00,
    0x00, 0x00, 0x00, 0x00, 0x00, 0x00, 0x00, 0x00, 0x03, 0x00, 0x00, 0x00, 0x50, 0x58, 0x00, 0x00,
    0x00, 0x00, 0x00, 0x00, 0x00, 0x00, 0x00, 0x00, 0xFF, 0xFF, 0x00, 0x00, 0x34, 0x75, 0x00, 0x00,
    0x00, 0x00, 0x00, 0x00, 0x00, 0x00, 0x00, 0x00, 0x03, 0x00, 0x00, 0x00, 0x3C, 0x58, 0x00, 0x00,
    0x00, 0x00, 0x00, 0x00, 0x00, 0x00, 0x00, 0x00, 0xFF, 0xFF, 0x00, 0x00, 0x32, 0x75, 0x00, 0x00,
    0x00, 0x00, 0x00, 0x00, 0x00, 0x00, 0x00, 0x00, 0x03, 0x00, 0x00, 0x00, 0x28, 0x58, 0x00, 0x00,
    0x00, 0x00, 0x00, 0x00, 0x00, 0x00, 0x00, 0x00, 0xFF, 0xFF, 0x00, 0x00, 0x32, 0x75, 0x00, 0x00,
    0x00, 0x00, 0x00, 0x00, 0x00, 0x00, 0x00, 0x00, 0x03, 0x00, 0x00, 0x00, 0x14, 0x58, 0x00, 0x00,
    0x00, 0x00, 0x00, 0x00, 0x00, 0x00, 0x00, 0x00, 0xFF, 0xFF, 0x00, 0x00, 0x30, 0x75, 0x00, 0x00,
    0x00, 0x00, 0x00, 0x00, 0x00, 0x00, 0x00, 0x00, 0x03, 0x00, 0x00, 0x00, 0x00, 0x58, 0x00, 0x00,
    0x00, 0x00, 0x00, 0x00, 0x00, 0x00, 0x00, 0x00, 0xFF, 0xFF, 0x00, 0x00, 0x32, 0x75, 0x00, 0x00,
    0x00, 0x00, 0x00, 0x00, 0x00, 0x00, 0x00, 0x00, 0x03, 0x00, 0x00, 0x00, 0xEC, 0x57, 0x00, 0x00,
    0x00, 0x00, 0x00, 0x00, 0x00, 0x00, 0x00, 0x00, 0xFF, 0xFF, 0x00, 0x00, 0x31, 0x75, 0x00, 0x00,
    0x00, 0x00, 0x00, 0x00, 0x00, 0x00, 0x00, 0x00, 0x03, 0x00, 0x00, 0x00, 0xD8, 0x57, 0x00, 0x00,
    0x00, 0x00, 0x00, 0x00, 0x00, 0x00, 0x00, 0x00, 0xFF, 0xFF, 0x00, 0x00, 0x32, 0x75, 0x00, 0x00,
    0x00, 0x00, 0x00, 0x00, 0x00, 0x00, 0x00, 0x00, 0x04, 0x00, 0x00, 0x00, 0xC4, 0x57, 0x00, 0x00,
    0x00, 0x00, 0x00, 0x00, 0x00, 0x00, 0x00, 0x00, 0xFF, 0xFF, 0x00, 0x00, 0x32, 0x75, 0x00, 0x00,
    0x00, 0x00, 0x00, 0x00, 0x00, 0x00, 0x00, 0x00, 0x04, 0x00, 0x00, 0x00, 0xB4, 0x57, 0x00, 0x00,
    0x00, 0x00, 0x00, 0x00, 0x00, 0x00, 0x00, 0x00, 0xFF, 0xFF, 0x00, 0x00, 0x34, 0x75, 0x00, 0x00,
    0x00, 0x00, 0x00, 0x00, 0x00, 0x00, 0x00, 0x00, 0x03, 0x00, 0x00, 0x00, 0xA4, 0x57, 0x00, 0x00,
    0x00, 0x00, 0x00, 0x00, 0x00, 0x00, 0x00, 0x00, 0xFF, 0xFF, 0x00, 0x00, 0x34, 0x75, 0x00, 0x00,
    0x00, 0x00, 0x00, 0x00, 0x00, 0x00, 0x00, 0x00, 0x03, 0x00, 0x00, 0x00, 0x90, 0x57, 0x00, 0x00,
    0x00, 0x00, 0x00, 0x00, 0x00, 0x00, 0x00, 0x00, 0xFF, 0xFF, 0x00, 0x00, 0x32, 0x75, 0x00, 0x00,
    0x00, 0x00, 0x00, 0x00, 0x00, 0x00, 0x00, 0x00, 0x03, 0x00, 0x00, 0x00, 0x7C, 0x57, 0x00, 0x00,
    0x00, 0x00, 0x00, 0x00, 0x00, 0x00, 0x00, 0x00, 0xFF, 0xFF, 0x00, 0x00, 0x32, 0x75, 0x00, 0x00,
    0x00, 0x00, 0x00, 0x00, 0x00, 0x00, 0x00, 0x00, 0x03, 0x00, 0x00, 0x00, 0x68, 0x57, 0x00, 0x00,
    0x00, 0x00, 0x00, 0x00, 0x00, 0x00, 0x00, 0x00, 0xFF, 0xFF, 0x00, 0x00, 0x34, 0x75, 0x00, 0x00,
    0x00, 0x00, 0x00, 0x00, 0x00, 0x00, 0x00, 0x00, 0x03, 0x00, 0x00, 0x00, 0x54, 0x57, 0x00, 0x00,
    0x00, 0x00, 0x00, 0x00, 0x00, 0x00, 0x00, 0x00, 0xFF, 0xFF, 0x00, 0x00, 0x32, 0x75, 0x00, 0x00,
    0x00, 0x00, 0x00, 0x00, 0x00, 0x00, 0x00, 0x00, 0x03, 0x00, 0x00, 0x00, 0x40, 0x57, 0x00, 0x00,
    0x00, 0x00, 0x00, 0x00, 0x00, 0x00, 0x00, 0x00, 0xFF, 0xFF, 0x00, 0x00, 0x32, 0x75, 0x00, 0x00,
    0x00, 0x00, 0x00, 0x00, 0x00, 0x00, 0x00, 0x00, 0x03, 0x00, 0x00, 0x00, 0x2C, 0x57, 0x00, 0x00,
    0x00, 0x00, 0x00, 0x00, 0x00, 0x00, 0x00, 0x00, 0xFF, 0xFF, 0x00, 0x00, 0x34, 0x75, 0x00, 0x00,
    0x00, 0x00, 0x00, 0x00, 0x00, 0x00, 0x00, 0x00, 0x03, 0x00, 0x00, 0x00, 0x18, 0x57, 0x00, 0x00,
    0x00, 0x00, 0x00, 0x00, 0x00, 0x00, 0x00, 0x00, 0xFF, 0xFF, 0x00, 0x00, 0x32, 0x75, 0x00, 0x00,
    0x00, 0x00, 0x00, 0x00, 0x00, 0x00, 0x00, 0x00, 0x03, 0x00, 0x00, 0x00, 0x04, 0x57, 0x00, 0x00,
    0x00, 0x00, 0x00, 0x00, 0x00, 0x00, 0x00, 0x00, 0xFF, 0xFF, 0x00, 0x00, 0x32, 0x75, 0x00, 0x00,
    0x00, 0x00, 0x00, 0x00, 0x00, 0x00, 0x00, 0x00, 0x03, 0x00, 0x00, 0x00, 0xF0, 0x56, 0x00, 0x00,
    0x00, 0x00, 0x00, 0x00, 0x00, 0x00, 0x00, 0x00, 0xFF, 0xFF, 0x00, 0x00, 0x34, 0x75, 0x00, 0x00,
    0x00, 0x00, 0x00, 0x00, 0x00, 0x00, 0x00, 0x00, 0x03, 0x00, 0x00, 0x00, 0xDC, 0x56, 0x00, 0x00,
    0x00, 0x00, 0x00, 0x00, 0x00, 0x00, 0x00, 0x00, 0xFF, 0xFF, 0x00, 0x00, 0x32, 0x75, 0x00, 0x00,
    0x00, 0x00, 0x00, 0x00, 0x00, 0x00, 0x00, 0x00, 0x03, 0x00, 0x00, 0x00, 0xC8, 0x56, 0x00, 0x00,
    0x00, 0x00, 0x00, 0x00, 0x00, 0x00, 0x00, 0x00, 0xFF, 0xFF, 0x00, 0x00, 0x32, 0x75, 0x00, 0x00,
    0x00, 0x00, 0x00, 0x00, 0x00, 0x00, 0x00, 0x00, 0x03, 0x00, 0x00, 0x00, 0xB4, 0x56, 0x00, 0x00,
    0x00, 0x00, 0x00, 0x00, 0x00, 0x00, 0x00, 0x00, 0xFF, 0xFF, 0x00, 0x00, 0x34, 0x75, 0x00, 0x00,
    0x00, 0x00, 0x00, 0x00, 0x00, 0x00, 0x00, 0x00, 0x03, 0x00, 0x00, 0x00, 0xA0, 0x56, 0x00, 0x00,
    0x00, 0x00, 0x00, 0x00, 0x00, 0x00, 0x00, 0x00, 0xFF, 0xFF, 0x00, 0x00, 0x32, 0x75, 0x00, 0x00,
    0x00, 0x00, 0x00, 0x00, 0x00, 0x00, 0x00, 0x00, 0x03, 0x00, 0x00, 0x00, 0x8C, 0x56, 0x00, 0x00,
    0x00, 0x00, 0x00, 0x00, 0x00, 0x00, 0x00, 0x00, 0xFF, 0xFF, 0x00, 0x00, 0x32, 0x75, 0x00, 0x00,
    0x00, 0x00, 0x00, 0x00, 0x00, 0x00, 0x00, 0x00, 0x03, 0x00, 0x00, 0x00, 0x78, 0x56, 0x00, 0x00,
    0x00, 0x00, 0x00, 0x00, 0x00, 0x00, 0x00, 0x00, 0xFF, 0xFF, 0x00, 0x00, 0x34, 0x75, 0x00, 0x00,
    0x00, 0x00, 0x00, 0x00, 0x00, 0x00, 0x00, 0x00, 0x03, 0x00, 0x00, 0x00, 0x64, 0x56, 0x00, 0x00,
    0x00, 0x00, 0x00, 0x00, 0x00, 0x00, 0x00, 0x00, 0xFF, 0xFF, 0x00, 0x00, 0x32, 0x75, 0x00, 0x00,
    0x00, 0x00, 0x00, 0x00, 0x00, 0x00, 0x00, 0x00, 0x03, 0x00, 0x00, 0x00, 0x50, 0x56, 0x00, 0x00,
    0x00, 0x00, 0x00, 0x00, 0x00, 0x00, 0x00, 0x00, 0xFF, 0xFF, 0x00, 0x00, 0x32, 0x75, 0x00, 0x00,
    0x00, 0x00, 0x00, 0x00, 0x00, 0x00, 0x00, 0x00, 0x03, 0x00, 0x00, 0x00, 0x3C, 0x56, 0x00, 0x00,
    0x00, 0x00, 0x00, 0x00, 0x00, 0x00, 0x00, 0x00, 0xFF, 0xFF, 0x00, 0x00, 0x34, 0x75, 0x00, 0x00,
    0x00, 0x00, 0x00, 0x00, 0x00, 0x00, 0x00, 0x00, 0x03, 0x00, 0x00, 0x00, 0x28, 0x56, 0x00, 0x00,
    0x00, 0x00, 0x00, 0x00, 0x00, 0x00, 0x00, 0x00, 0xFF, 0xFF, 0x00, 0x00, 0x32, 0x75, 0x00, 0x00,
    0x00, 0x00, 0x00, 0x00, 0x00, 0x00, 0x00, 0x00, 0x03, 0x00, 0x00, 0x00, 0x14, 0x56, 0x00, 0x00,
    0x00, 0x00, 0x00, 0x00, 0x00, 0x00, 0x00, 0x00, 0xFF, 0xFF, 0x00, 0x00, 0x32, 0x75, 0x00, 0x00,
    0x00, 0x00, 0x00, 0x00, 0x00, 0x00, 0x00, 0x00, 0x03, 0x00, 0x00, 0x00, 0x00, 0x56, 0x00, 0x00,
    0x00, 0x00, 0x00, 0x00, 0x00, 0x00, 0x00, 0x00, 0xFF, 0xFF, 0x00, 0x00, 0x34, 0x75, 0x00, 0x00,
    0x00, 0x00, 0x00, 0x00, 0x00, 0x00, 0x00, 0x00, 0x03, 0x00, 0x00, 0x00, 0xEC, 0x55, 0x00, 0x00,
    0x00, 0x00, 0x00, 0x00, 0x00, 0x00, 0x00, 0x00, 0xFF, 0xFF, 0x00, 0x00, 0x32, 0x75, 0x00, 0x00,
    0x00, 0x00, 0x00, 0x00, 0x00, 0x00, 0x00, 0x00, 0x03, 0x00, 0x00, 0x00, 0xD8, 0x55, 0x00, 0x00,
    0x00, 0x00, 0x00, 0x00, 0x00, 0x00, 0x00, 0x00, 0xFF, 0xFF, 0x00, 0x00, 0x32, 0x75, 0x00, 0x00,
    0x00, 0x00, 0x00, 0x00, 0x00, 0x00, 0x00, 0x00, 0x03, 0x00, 0x00, 0x00, 0xC4, 0x55, 0x00, 0x00,
    0x00, 0x00, 0x00, 0x00, 0x00, 0x00, 0x00, 0x00, 0xFF, 0xFF, 0x00, 0x00, 0x34, 0x75, 0x00, 0x00,
    0x00, 0x00, 0x00, 0x00, 0x00, 0x00, 0x00, 0x00, 0x03, 0x00, 0x00, 0x00, 0xB0, 0x55, 0x00, 0x00,
    0x00, 0x00, 0x00, 0x00, 0x00, 0x00, 0x00, 0x00, 0xFF, 0xFF, 0x00, 0x00, 0x32, 0x75, 0x00, 0x00,
    0x00, 0x00, 0x00, 0x00, 0x00, 0x00, 0x00, 0x00, 0x03, 0x00, 0x00, 0x00, 0x9C, 0x55, 0x00, 0x00,
    0x00, 0x00, 0x00, 0x00, 0x00, 0x00, 0x00, 0x00, 0xFF, 0xFF, 0x00, 0x00, 0x32, 0x75, 0x00, 0x00,
    0x00, 0x00, 0x00, 0x00, 0x00, 0x00, 0x00, 0x00, 0x03, 0x00, 0x00, 0x00, 0x88, 0x55, 0x00, 0x00,
    0x00, 0x00, 0x00, 0x00, 0x00, 0x00, 0x00, 0x00, 0xFF, 0xFF, 0x00, 0x00, 0x34, 0x75, 0x00, 0x00,
    0x00, 0x00, 0x00, 0x00, 0x00, 0x00, 0x00, 0x00, 0x03, 0x00, 0x00, 0x00, 0x74, 0x55, 0x00, 0x00,
    0x00, 0x00, 0x00, 0x00, 0x00, 0x00, 0x00, 0x00, 0xFF, 0xFF, 0x00, 0x00, 0x32, 0x75, 0x00, 0x00,
    0x00, 0x00, 0x00, 0x00, 0x00, 0x00, 0x00, 0x00, 0x03, 0x00, 0x00, 0x00, 0x60, 0x55, 0x00, 0x00,
    0x00, 0x00, 0x00, 0x00, 0x00, 0x00, 0x00, 0x00, 0xFF, 0xFF, 0x00, 0x00, 0x32, 0x75, 0x00, 0x00,
    0x00, 0x00, 0x00, 0x00, 0x00, 0x00, 0x00, 0x00, 0x03, 0x00, 0x00, 0x00, 0x4C, 0x55, 0x00, 0x00,
    0x00, 0x00, 0x00, 0x00, 0x00, 0x00, 0x00, 0x00, 0xFF, 0xFF, 0x00, 0x00, 0x34, 0x75, 0x00, 0x00,
    0x00, 0x00, 0x00, 0x00, 0x00, 0x00, 0x00, 0x00, 0x03, 0x00, 0x00, 0x00, 0x38, 0x55, 0x00, 0x00,
    0x00, 0x00, 0x00, 0x00, 0x00, 0x00, 0x00, 0x00, 0xFF, 0xFF, 0x00, 0x00, 0x32, 0x75, 0x00, 0x00,
    0x00, 0x00, 0x00, 0x00, 0x00, 0x00, 0x00, 0x00, 0x03, 0x00, 0x00, 0x00, 0x24, 0x55, 0x00, 0x00,
    0x00, 0x00, 0x00, 0x00, 0x00, 0x00, 0x00, 0x00, 0xFF, 0xFF, 0x00, 0x00, 0x32, 0x75, 0x00, 0x00,
    0x00, 0x00, 0x00, 0x00, 0x00, 0x00, 0x00, 0x00, 0x03, 0x00, 0x00, 0x00, 0x10, 0x55, 0x00, 0x00,
    0x00, 0x00, 0x00, 0x00, 0x00, 0x00, 0x00, 0x00, 0xFF, 0xFF, 0x00, 0x00, 0x34, 0x75, 0x00, 0x00,
    0x00, 0x00, 0x00, 0x00, 0x00, 0x00, 0x00, 0x00, 0x03, 0x00, 0x00, 0x00, 0xFC, 0x54, 0x00, 0x00,
    0x00, 0x00, 0x00, 0x00, 0x00, 0x00, 0x00, 0x00, 0xFF, 0xFF, 0x00, 0x00, 0x32, 0x75, 0x00, 0x00,
    0x00, 0x00, 0x00, 0x00, 0x00, 0x00, 0x00, 0x00, 0x03, 0x00, 0x00, 0x00, 0xE8, 0x54, 0x00, 0x00,
    0x00, 0x00, 0x00, 0x00, 0x00, 0x00, 0x00, 0x00, 0xFF, 0xFF, 0x00, 0x00, 0x32, 0x75, 0x00, 0x00,
    0x00, 0x00, 0x00, 0x00, 0x00, 0x00, 0x00, 0x00, 0x03, 0x00, 0x00, 0x00, 0xD4, 0x54, 0x00, 0x00,
    0x00, 0x00, 0x00, 0x00, 0x00, 0x00, 0x00, 0x00, 0xFF, 0xFF, 0x00, 0x00, 0x35, 0x75, 0x00, 0x00,
    0x00, 0x00, 0x00, 0x00, 0x00, 0x00, 0x00, 0x00, 0x03, 0x00, 0x00, 0x00, 0xC0, 0x54, 0x00, 0x00,
    0x00, 0x00, 0x00, 0x00, 0x00, 0x00, 0x00, 0x00, 0xFF, 0xFF, 0x00, 0x00, 0x32, 0x75, 0x00, 0x00,
    0x00, 0x00, 0x00, 0x00, 0x00, 0x00, 0x00, 0x00, 0x03, 0x00, 0x00, 0x00, 0xAC, 0x54, 0x00, 0x00,
    0x00, 0x00, 0x00, 0x00, 0x00, 0x00, 0x00, 0x00, 0xFF, 0xFF, 0x00, 0x00, 0x3B, 0x75, 0x00, 0x00,
    0x00, 0x00, 0x00, 0x00, 0x00, 0x00, 0x00, 0x00, 0x03, 0x00, 0x00, 0x00, 0x98, 0x54, 0x00, 0x00,
    0x00, 0x00, 0x00, 0x00, 0x00, 0x00, 0x00, 0x00, 0xFF, 0xFF, 0x00, 0x00, 0x32, 0x75, 0x00, 0x00,
    0x00, 0x00, 0x00, 0x00, 0x00, 0x00, 0x00, 0x00, 0x04, 0x00, 0x00, 0x00, 0x84, 0x54, 0x00, 0x00,
    0x00, 0x00, 0x00, 0x00, 0x00, 0x00, 0x00, 0x00, 0xFF, 0xFF, 0x00, 0x00, 0x31, 0x75, 0x00, 0x00,
    0x00, 0x00, 0x00, 0x00, 0x00, 0x00, 0x00, 0x00, 0x03, 0x00, 0x00, 0x00, 0x74, 0x54, 0x00, 0x00,
    0x00, 0x00, 0x00, 0x00, 0x00, 0x00, 0x00, 0x00, 0xFF, 0xFF, 0x00, 0x00, 0x32, 0x75, 0x00, 0x00,
    0x00, 0x00, 0x00, 0x00, 0x00, 0x00, 0x00, 0x00, 0x03, 0x00, 0x00, 0x00, 0x60, 0x54, 0x00, 0x00,
    0x00, 0x00, 0x00, 0x00, 0x00, 0x00, 0x00, 0x00, 0xFF, 0xFF, 0x00, 0x00, 0x32, 0x75, 0x00, 0x00,
    0x00, 0x00, 0x00, 0x00, 0x00, 0x00, 0x00, 0x00, 0x04, 0x00, 0x00, 0x00, 0x4C, 0x54, 0x00, 0x00,
    0x00, 0x00, 0x00, 0x00, 0x00, 0x00, 0x00, 0x00, 0xFF, 0xFF, 0x00, 0x00, 0x32, 0x75, 0x00, 0x00,
    0x00, 0x00, 0x00, 0x00, 0x00, 0x00, 0x00, 0x00, 0x04, 0x00, 0x00, 0x00, 0x3C, 0x54, 0x00, 0x00,
    0x00, 0x00, 0x00, 0x00, 0x00, 0x00, 0x00, 0x00, 0xFF, 0xFF, 0x00, 0x00, 0x35, 0x75, 0x00, 0x00,
    0x00, 0x00, 0x00, 0x00, 0x00, 0x00, 0x00, 0x00, 0x03, 0x00, 0x00, 0x00, 0x2C, 0x54, 0x00, 0x00,
    0x00, 0x00, 0x00, 0x00, 0x00, 0x00, 0x00, 0x00, 0xFF, 0xFF, 0x00, 0x00, 0x32, 0x75, 0x00, 0x00,
    0x00, 0x00, 0x00, 0x00, 0x00, 0x00, 0x00, 0x00, 0x03, 0x00, 0x00, 0x00, 0x18, 0x54, 0x00, 0x00,
    0x00, 0x00, 0x00, 0x00, 0x00, 0x00, 0x00, 0x00, 0xFF, 0xFF, 0x00, 0x00, 0x35, 0x75, 0x00, 0x00,
    0x00, 0x00, 0x00, 0x00, 0x00, 0x00, 0x00, 0x00, 0x03, 0x00, 0x00, 0x00, 0x04, 0x54, 0x00, 0x00,
    0x00, 0x00, 0x00, 0x00, 0x00, 0x00, 0x00, 0x00, 0xFF, 0xFF, 0x00, 0x00, 0x32, 0x75, 0x00, 0x00,
    0x00, 0x00, 0x00, 0x00, 0x00, 0x00, 0x00, 0x00, 0x03, 0x00, 0x00, 0x00, 0xF0, 0x53, 0x00, 0x00,
    0x00, 0x00, 0x00, 0x00, 0x00, 0x00, 0x00, 0x00, 0xFF, 0xFF, 0x00, 0x00, 0x3C, 0x75, 0x00, 0x00,
    0x00, 0x00, 0x00, 0x00, 0x00, 0x00, 0x00, 0x00, 0x03, 0x00, 0x00, 0x00, 0xDC, 0x53, 0x00, 0x00,
    0x00, 0x00, 0x00, 0x00, 0x00, 0x00, 0x00, 0x00, 0xFF, 0xFF, 0x00, 0x00, 0x3D, 0x75, 0x00, 0x00,
    0x00, 0x00, 0x00, 0x00, 0x00, 0x00, 0x00, 0x00, 0x03, 0x00, 0x00, 0x00, 0xC8, 0x53, 0x00, 0x00,
    0x00, 0x00, 0x00, 0x00, 0x00, 0x00, 0x00, 0x00, 0xFF, 0xFF, 0x00, 0x00, 0x34, 0x75, 0x00, 0x00,
    0x00, 0x00, 0x00, 0x00, 0x00, 0x00, 0x00, 0x00, 0x03, 0x00, 0x00, 0x00, 0xB4, 0x53, 0x00, 0x00,
    0x00, 0x00, 0x00, 0x00, 0x00, 0x00, 0x00, 0x00, 0xFF, 0xFF, 0x00, 0x00, 0x32, 0x75, 0x00, 0x00,
    0x00, 0x00, 0x00, 0x00, 0x00, 0x00, 0x00, 0x00, 0x03, 0x00, 0x00, 0x00, 0xA0, 0x53, 0x00, 0x00,
    0x00, 0x00, 0x00, 0x00, 0x00, 0x00, 0x00, 0x00, 0xFF, 0xFF, 0x00, 0x00, 0x37, 0x75, 0x00, 0x00,
    0x00, 0x00, 0x00, 0x00, 0x00, 0x00, 0x00, 0x00, 0x03, 0x00, 0x00, 0x00, 0x8C, 0x53, 0x00, 0x00,
    0x00, 0x00, 0x00, 0x00, 0x00, 0x00, 0x00, 0x00, 0xFF, 0xFF, 0x00, 0x00, 0x38, 0x75, 0x00, 0x00,
    0x00, 0x00, 0x00, 0x00, 0x00, 0x00, 0x00, 0x00, 0x03, 0x00, 0x00, 0x00, 0x78, 0x53, 0x00, 0x00,
    0x00, 0x00, 0x00, 0x00, 0x00, 0x00, 0x00, 0x00, 0xFF, 0xFF, 0x00, 0x00, 0x34, 0x75, 0x00, 0x00,
    0x00, 0x00, 0x00, 0x00, 0x00, 0x00, 0x00, 0x00, 0x03, 0x00, 0x00, 0x00, 0x64, 0x53, 0x00, 0x00,
    0x00, 0x00, 0x00, 0x00, 0x00, 0x00, 0x00, 0x00, 0xFF, 0xFF, 0x00, 0x00, 0x32, 0x75, 0x00, 0x00,
    0x00, 0x00, 0x00, 0x00, 0x00, 0x00, 0x00, 0x00, 0x03, 0x00, 0x00, 0x00, 0x50, 0x53, 0x00, 0x00,
    0x00, 0x00, 0x00, 0x00, 0x00, 0x00, 0x00, 0x00, 0xFF, 0xFF, 0x00, 0x00, 0x39, 0x75, 0x00, 0x00,
    0x00, 0x00, 0x00, 0x00, 0x00, 0x00, 0x00, 0x00, 0x04, 0x00, 0x00, 0x00, 0x3C, 0x53, 0x00, 0x00,
    0x00, 0x00, 0x00, 0x00, 0x00, 0x00, 0x00, 0x00, 0xFF, 0xFF, 0x00, 0x00, 0x32, 0x75, 0x00, 0x00,
    0x00, 0x00, 0x00, 0x00, 0x00, 0x00, 0x00, 0x00, 0x04, 0x00, 0x00, 0x00, 0x2C, 0x53, 0x00, 0x00,
    0x00, 0x00, 0x00, 0x00, 0x00, 0x00, 0x00, 0x00, 0xFF, 0xFF, 0x00, 0x00, 0x34, 0x75, 0x00, 0x00,
    0x00, 0x00, 0x00, 0x00, 0x00, 0x00, 0x00, 0x00, 0x03, 0x00, 0x00, 0x00, 0x1C, 0x53, 0x00, 0x00,
    0x00, 0x00, 0x00, 0x00, 0x00, 0x00, 0x00, 0x00, 0xFF, 0xFF, 0x00, 0x00, 0x32, 0x75, 0x00, 0x00,
    0x00, 0x00, 0x00, 0x00, 0x00, 0x00, 0x00, 0x00, 0x03, 0x00, 0x00, 0x00, 0x08, 0x53, 0x00, 0x00,
    0x00, 0x00, 0x00, 0x00, 0x00, 0x00, 0x00, 0x00, 0xFF, 0xFF, 0x00, 0x00, 0x39, 0x75, 0x00, 0x00,
    0x00, 0x00, 0x00, 0x00, 0x00, 0x00, 0x00, 0x00, 0x04, 0x00, 0x00, 0x00, 0xF4, 0x52, 0x00, 0x00,
    0x00, 0x00, 0x00, 0x00, 0x00, 0x00, 0x00, 0x00, 0xFF, 0xFF, 0x00, 0x00, 0x32, 0x75, 0x00, 0x00,
    0x00, 0x00, 0x00, 0x00, 0x00, 0x00, 0x00, 0x00, 0x04, 0x00, 0x00, 0x00, 0xE4, 0x52, 0x00, 0x00,
    0x00, 0x00, 0x00, 0x00, 0x00, 0x00, 0x00, 0x00, 0xFF, 0xFF, 0x00, 0x00, 0x34, 0x75, 0x00, 0x00,
    0x00, 0x00, 0x00, 0x00, 0x00, 0x00, 0x00, 0x00, 0x03, 0x00, 0x00, 0x00, 0xD4, 0x52, 0x00, 0x00,
    0x00, 0x00, 0x00, 0x00, 0x00, 0x00, 0x00, 0x00, 0xFF, 0xFF, 0x00, 0x00, 0x32, 0x75, 0x00, 0x00,
    0x00, 0x00, 0x00, 0x00, 0x00, 0x00, 0x00, 0x00, 0x03, 0x00, 0x00, 0x00, 0xC0, 0x52, 0x00, 0x00,
    0x00, 0x00, 0x00, 0x00, 0x00, 0x00, 0x00, 0x00, 0xFF, 0xFF, 0x00, 0x00, 0x37, 0x75, 0x00, 0x00,
    0x00, 0x00, 0x00, 0x00, 0x00, 0x00, 0x00, 0x00, 0x03, 0x00, 0x00, 0x00, 0xAC, 0x52, 0x00, 0x00,
    0x00, 0x00, 0x00, 0x00, 0x00, 0x00, 0x00, 0x00, 0xFF, 0xFF, 0x00, 0x00, 0x38, 0x75, 0x00, 0x00,
    0x00, 0x00, 0x00, 0x00, 0x00, 0x00, 0x00, 0x00, 0x03, 0x00, 0x00, 0x00, 0x98, 0x52, 0x00, 0x00,
    0x00, 0x00, 0x00, 0x00, 0x00, 0x00, 0x00, 0x00, 0xFF, 0xFF, 0x00, 0x00, 0x34, 0x75, 0x00, 0x00,
    0x00, 0x00, 0x00, 0x00, 0x00, 0x00, 0x00, 0x00, 0x03, 0x00, 0x00, 0x00, 0x84, 0x52, 0x00, 0x00,
    0x00, 0x00, 0x00, 0x00, 0x00, 0x00, 0x00, 0x00, 0xFF, 0xFF, 0x00, 0x00, 0x32, 0x75, 0x00, 0x00,
    0x00, 0x00, 0x00, 0x00, 0x00, 0x00, 0x00, 0x00, 0x03, 0x00, 0x00, 0x00, 0x70, 0x52, 0x00, 0x00,
    0x00, 0x00, 0x00, 0x00, 0x00, 0x00, 0x00, 0x00, 0xFF, 0xFF, 0x00, 0x00, 0x37, 0x75, 0x00, 0x00,
    0x00, 0x00, 0x00, 0x00, 0x00, 0x00, 0x00, 0x00, 0x03, 0x00, 0x00, 0x00, 0x5C, 0x52, 0x00, 0x00,
    0x00, 0x00, 0x00, 0x00, 0x00, 0x00, 0x00, 0x00, 0xFF, 0xFF, 0x00, 0x00, 0x38, 0x75, 0x00, 0x00,
    0x00, 0x00, 0x00, 0x00, 0x00, 0x00, 0x00, 0x00, 0x03, 0x00, 0x00, 0x00, 0x48, 0x52, 0x00, 0x00,
    0x00, 0x00, 0x00, 0x00, 0x00, 0x00, 0x00, 0x00, 0xFF, 0xFF, 0x00, 0x00, 0x34, 0x75, 0x00, 0x00,
    0x00, 0x00, 0x00, 0x00, 0x00, 0x00, 0x00, 0x00, 0x03, 0x00, 0x00, 0x00, 0x34, 0x52, 0x00, 0x00,
    0x00, 0x00, 0x00, 0x00, 0x00, 0x00, 0x00, 0x00, 0xFF, 0xFF, 0x00, 0x00, 0x32, 0x75, 0x00, 0x00,
    0x00, 0x00, 0x00, 0x00, 0x00, 0x00, 0x00, 0x00, 0x03, 0x00, 0x00, 0x00, 0x20, 0x52, 0x00, 0x00,
    0x00, 0x00, 0x00, 0x00, 0x00, 0x00, 0x00, 0x00, 0xFF, 0xFF, 0x00, 0x00, 0x38, 0x75, 0x00, 0x00,
    0x00, 0x00, 0x00, 0x00, 0x00, 0x00, 0x00, 0x00, 0x03, 0x00, 0x00, 0x00, 0x0C, 0x52, 0x00, 0x00,
    0x00, 0x00, 0x00, 0x00, 0x00, 0x00, 0x00, 0x00, 0xFF, 0xFF, 0x00, 0x00, 0x37, 0x75, 0x00, 0x00,
    0x00, 0x00, 0x00, 0x00, 0x00, 0x00, 0x00, 0x00, 0x03, 0x00, 0x00, 0x00, 0xF8, 0x51, 0x00, 0x00,
    0x00, 0x00, 0x00, 0x00, 0x00, 0x00, 0x00, 0x00, 0xFF, 0xFF, 0x00, 0x00, 0x34, 0x75, 0x00, 0x00,
    0x00, 0x00, 0x00, 0x00, 0x00, 0x00, 0x00, 0x00, 0x03, 0x00, 0x00, 0x00, 0xE4, 0x51, 0x00, 0x00,
    0x00, 0x00, 0x00, 0x00, 0x00, 0x00, 0x00, 0x00, 0xFF, 0xFF, 0x00, 0x00, 0x32, 0x75, 0x00, 0x00,
    0x00, 0x00, 0x00, 0x00, 0x00, 0x00, 0x00, 0x00, 0x03, 0x00, 0x00, 0x00, 0xD0, 0x51, 0x00, 0x00,
    0x00, 0x00, 0x00, 0x00, 0x00, 0x00, 0x00, 0x00, 0xFF, 0xFF, 0x00, 0x00, 0x3A, 0x75, 0x00, 0x00,
    0x00, 0x00, 0x00, 0x00, 0x00, 0x00, 0x00, 0x00, 0x03, 0x00, 0x00, 0x00, 0xBC, 0x51, 0x00, 0x00,
    0x00, 0x00, 0x00, 0x00, 0x00, 0x00, 0x00, 0x00, 0xFF, 0xFF, 0x00, 0x00, 0x34, 0x75, 0x00, 0x00,
    0x00, 0x00, 0x00, 0x00, 0x00, 0x00, 0x00, 0x00, 0x03, 0x00, 0x00, 0x00, 0xA8, 0x51, 0x00, 0x00,
    0x00, 0x00, 0x00, 0x00, 0x00, 0x00, 0x00, 0x00, 0xFF, 0xFF, 0x00, 0x00, 0x32, 0x75, 0x00, 0x00,
    0x00, 0x00, 0x00, 0x00, 0x00, 0x00, 0x00, 0x00, 0x03, 0x00, 0x00, 0x00, 0x94, 0x51, 0x00, 0x00,
    0x00, 0x00, 0x00, 0x00, 0x00, 0x00, 0x00, 0x00, 0xFF, 0xFF, 0x00, 0x00, 0x3A, 0x75, 0x00, 0x00,
    0x00, 0x00, 0x00, 0x00, 0x00, 0x00, 0x00, 0x00, 0x03, 0x00, 0x00, 0x00, 0x80, 0x51, 0x00, 0x00,
    0x00, 0x00, 0x00, 0x00, 0x00, 0x00, 0x00, 0x00, 0xFF, 0xFF, 0x00, 0x00, 0x3D, 0x75, 0x00, 0x00,
    0x00, 0x00, 0x00, 0x00, 0x00, 0x00, 0x00, 0x00, 0x03, 0x00, 0x00, 0x00, 0x6C, 0x51, 0x00, 0x00,
    0x00, 0x00, 0x00, 0x00, 0x00, 0x00, 0x00, 0x00, 0xFF, 0xFF, 0x00, 0x00, 0x34, 0x75, 0x00, 0x00,
    0x00, 0x00, 0x00, 0x00, 0x00, 0x00, 0x00, 0x00, 0x03, 0x00, 0x00, 0x00, 0x58, 0x51, 0x00, 0x00,
    0x00, 0x00, 0x00, 0x00, 0x00, 0x00, 0x00, 0x00, 0xFF, 0xFF, 0x00, 0x00, 0x32, 0x75, 0x00, 0x00,
    0x00, 0x00, 0x00, 0x00, 0x00, 0x00, 0x00, 0x00, 0x03, 0x00, 0x00, 0x00, 0x44, 0x51, 0x00, 0x00,
    0x00, 0x00, 0x00, 0x00, 0x00, 0x00, 0x00, 0x00, 0xFF, 0xFF, 0x00, 0x00, 0x35, 0x75, 0x00, 0x00,
    0x00, 0x00, 0x00, 0x00, 0x00, 0x00, 0x00, 0x00, 0x03, 0x00, 0x00, 0x00, 0x30, 0x51, 0x00, 0x00,
    0x00, 0x00, 0x00, 0x00, 0x00, 0x00, 0x00, 0x00, 0xFF, 0xFF, 0x00, 0x00, 0x32, 0x75, 0x00, 0x00,
    0x00, 0x00, 0x00, 0x00, 0x00, 0x00, 0x00, 0x00, 0x03, 0x00, 0x00, 0x00, 0x1C, 0x51, 0x00, 0x00,
    0x00, 0x00, 0x00, 0x00, 0x00, 0x00, 0x00, 0x00, 0xFF, 0xFF, 0x00, 0x00, 0x34, 0x75, 0x00, 0x00,
    0x00, 0x00, 0x00, 0x00, 0x00, 0x00, 0x00, 0x00, 0x03, 0x00, 0x00, 0x00, 0x08, 0x51, 0x00, 0x00,
    0x00, 0x00, 0x00, 0x00, 0x00, 0x00, 0x00, 0x00, 0xFF, 0xFF, 0x00, 0x00, 0x32, 0x75, 0x00, 0x00,
    0x00, 0x00, 0x00, 0x00, 0x00, 0x00, 0x00, 0x00, 0x03, 0x00, 0x00, 0x00, 0xF4, 0x50, 0x00, 0x00,
    0x00, 0x00, 0x00, 0x00, 0x00, 0x00, 0x00, 0x00, 0xFF, 0xFF, 0x00, 0x00, 0x35, 0x75, 0x00, 0x00,
    0x00, 0x00, 0x00, 0x00, 0x00, 0x00, 0x00, 0x00, 0x03, 0x00, 0x00, 0x00, 0xE0, 0x50, 0x00, 0x00,
    0x00, 0x00, 0x00, 0x00, 0x00, 0x00, 0x00, 0x00, 0xFF, 0xFF, 0x00, 0x00, 0x32, 0x75, 0x00, 0x00,
    0x00, 0x00, 0x00, 0x00, 0x00, 0x00, 0x00, 0x00, 0x03, 0x00, 0x00, 0x00, 0xCC, 0x50, 0x00, 0x00,
    0x00, 0x00, 0x00, 0x00, 0x00, 0x00, 0x00, 0x00, 0xFF, 0xFF, 0x00, 0x00, 0x34, 0x75, 0x00, 0x00,
    0x00, 0x00, 0x00, 0x00, 0x00, 0x00, 0x00, 0x00, 0x03, 0x00, 0x00, 0x00, 0xB8, 0x50, 0x00, 0x00,
    0x00, 0x00, 0x00, 0x00, 0x00, 0x00, 0x00, 0x00, 0xFF, 0xFF, 0x00, 0x00, 0x32, 0x75, 0x00, 0x00,
    0x00, 0x00, 0x00, 0x00, 0x00, 0x00, 0x00, 0x00, 0x03, 0x00, 0x00, 0x00, 0xA4, 0x50, 0x00, 0x00,
    0x00, 0x00, 0x00, 0x00, 0x00, 0x00, 0x00, 0x00, 0xFF, 0xFF, 0x00, 0x00, 0x35, 0x75, 0x00, 0x00,
    0x00, 0x00, 0x00, 0x00, 0x00, 0x00, 0x00, 0x00, 0x03, 0x00, 0x00, 0x00, 0x90, 0x50, 0x00, 0x00,
    0x00, 0x00, 0x00, 0x00, 0x00, 0x00, 0x00, 0x00, 0xFF, 0xFF, 0x00, 0x00, 0x32, 0x75, 0x00, 0x00,
    0x00, 0x00, 0x00, 0x00, 0x00, 0x00, 0x00, 0x00, 0x03, 0x00, 0x00, 0x00, 0x7C, 0x50, 0x00, 0x00,
    0x00, 0x00, 0x00, 0x00, 0x00, 0x00, 0x00, 0x00, 0xFF, 0xFF, 0x00, 0x00, 0x34, 0x75, 0x00, 0x00,
    0x00, 0x00, 0x00, 0x00, 0x00, 0x00, 0x00, 0x00, 0x03, 0x00, 0x00, 0x00, 0x68, 0x50, 0x00, 0x00,
    0x00, 0x00, 0x00, 0x00, 0x00, 0x00, 0x00, 0x00, 0xFF, 0xFF, 0x00, 0x00, 0x35, 0x75, 0x00, 0x00,
    0x00, 0x00, 0x00, 0x00, 0x00, 0x00, 0x00, 0x00, 0x03, 0x00, 0x00, 0x00, 0x54, 0x50, 0x00, 0x00,
    0x00, 0x00, 0x00, 0x00, 0x00, 0x00, 0x00, 0x00, 0xFF, 0xFF, 0x00, 0x00, 0x32, 0x75, 0x00, 0x00,
    0x00, 0x00, 0x00, 0x00, 0x00, 0x00, 0x00, 0x00, 0x04, 0x00, 0x00, 0x00, 0x40, 0x50, 0x00, 0x00,
    0x00, 0x00, 0x00, 0x00, 0x00, 0x00, 0x00, 0x00, 0xFF, 0xFF, 0x00, 0x00, 0x34, 0x75, 0x00, 0x00,
    0x00, 0x00, 0x00, 0x00, 0x00, 0x00, 0x00, 0x00, 0x03, 0x00, 0x00, 0x00, 0x30, 0x50, 0x00, 0x00,
    0x00, 0x00, 0x00, 0x00, 0x00, 0x00, 0x00, 0x00, 0xFF, 0xFF, 0x00, 0x00, 0x32, 0x75, 0x00, 0x00,
    0x00, 0x00, 0x00, 0x00, 0x00, 0x00, 0x00, 0x00, 0x03, 0x00, 0x00, 0x00, 0x1C, 0x50, 0x00, 0x00,
    0x00, 0x00, 0x00, 0x00, 0x00, 0x00, 0x00, 0x00, 0xFF, 0xFF, 0x00, 0x00, 0x3A, 0x75, 0x00, 0x00,
    0x00, 0x00, 0x00, 0x00, 0x00, 0x00, 0x00, 0x00, 0x03, 0x00, 0x00, 0x00, 0x08, 0x50, 0x00, 0x00,
    0x00, 0x00, 0x00, 0x00, 0x00, 0x00, 0x00, 0x00, 0xFF, 0xFF, 0x00, 0x00, 0x30, 0x75, 0x00, 0x00,
    0x00, 0x00, 0x00, 0x00, 0x00, 0x00, 0x00, 0x00, 0x03, 0x00, 0x00, 0x00, 0xF4, 0x4F, 0x00, 0x00,
    0x00, 0x00, 0x00, 0x00, 0x00, 0x00, 0x00, 0x00, 0xFF, 0xFF, 0x00, 0x00, 0x32, 0x75, 0x00, 0x00,
    0x00, 0x00, 0x00, 0x00, 0x00, 0x00, 0x00, 0x00, 0x03, 0x00, 0x00, 0x00, 0xE0, 0x4F, 0x00, 0x00,
    0x00, 0x00, 0x00, 0x00, 0x00, 0x00, 0x00, 0x00, 0xFF, 0xFF, 0x00, 0x00, 0x34, 0x75, 0x00, 0x00,
    0x00, 0x00, 0x00, 0x00, 0x00, 0x00, 0x00, 0x00, 0x03, 0x00, 0x00, 0x00, 0xCC, 0x4F, 0x00, 0x00,
    0x00, 0x00, 0x00, 0x00, 0x00, 0x00, 0x00, 0x00, 0xFF, 0xFF, 0x00, 0x00, 0x35, 0x75, 0x00, 0x00,
    0x00, 0x00, 0x00, 0x00, 0x00, 0x00, 0x00, 0x00, 0x03, 0x00, 0x00, 0x00, 0xB8, 0x4F, 0x00, 0x00,
    0x00, 0x00, 0x00, 0x00, 0x00, 0x00, 0x00, 0x00, 0xFF, 0xFF, 0x00, 0x00, 0x32, 0x75, 0x00, 0x00,
    0x00, 0x00, 0x00, 0x00, 0x00, 0x00, 0x00, 0x00, 0x03, 0x00, 0x00, 0x00, 0xA4, 0x4F, 0x00, 0x00,
    0x00, 0x00, 0x00, 0x00, 0x00, 0x00, 0x00, 0x00, 0xFF, 0xFF, 0x00, 0x00, 0x3B, 0x75, 0x00, 0x00,
    0x00, 0x00, 0x00, 0x00, 0x00, 0x00, 0x00, 0x00, 0x03, 0x00, 0x00, 0x00, 0x90, 0x4F, 0x00, 0x00,
    0x00, 0x00, 0x00, 0x00, 0x00, 0x00, 0x00, 0x00, 0xFF, 0xFF, 0x00, 0x00, 0x32, 0x75, 0x00, 0x00,
    0x00, 0x00, 0x00, 0x00, 0x00, 0x00, 0x00, 0x00, 0x04, 0x00, 0x00, 0x00, 0x7C, 0x4F, 0x00, 0x00,
    0x00, 0x00, 0x00, 0x00, 0x00, 0x00, 0x00, 0x00, 0xFF, 0xFF, 0x00, 0x00, 0x31, 0x75, 0x00, 0x00,
    0x00, 0x00, 0x00, 0x00, 0x00, 0x00, 0x00, 0x00, 0x03, 0x00, 0x00, 0x00, 0x6C, 0x4F, 0x00, 0x00,
    0x00, 0x00, 0x00, 0x00, 0x00, 0x00, 0x00, 0x00, 0xFF, 0xFF, 0x00, 0x00, 0x32, 0x75, 0x00, 0x00,
    0x00, 0x00, 0x00, 0x00, 0x00, 0x00, 0x00, 0x00, 0x03, 0x00, 0x00, 0x00, 0x58, 0x4F, 0x00, 0x00,
    0x00, 0x00, 0x00, 0x00, 0x00, 0x00, 0x00, 0x00, 0xFF, 0xFF, 0x00, 0x00, 0x32, 0x75, 0x00, 0x00,
    0x00, 0x00, 0x00, 0x00, 0x00, 0x00, 0x00, 0x00, 0x04, 0x00, 0x00, 0x00, 0x44, 0x4F, 0x00, 0x00,
    0x00, 0x00, 0x00, 0x00, 0x00, 0x00, 0x00, 0x00, 0xFF, 0xFF, 0x00, 0x00, 0x35, 0x75, 0x00, 0x00,
    0x00, 0x00, 0x00, 0x00, 0x00, 0x00, 0x00, 0x00, 0x03, 0x00, 0x00, 0x00, 0x34, 0x4F, 0x00, 0x00,
    0x00, 0x00, 0x00, 0x00, 0x00, 0x00, 0x00, 0x00, 0xFF, 0xFF, 0x00, 0x00, 0x32, 0x75, 0x00, 0x00,
    0x00, 0x00, 0x00, 0x00, 0x00, 0x00, 0x00, 0x00, 0x04, 0x00, 0x00, 0x00, 0x20, 0x4F, 0x00, 0x00,
    0x00, 0x00, 0x00, 0x00, 0x00, 0x00, 0x00, 0x00, 0xFF, 0xFF, 0x00, 0x00, 0x34, 0x75, 0x00, 0x00,
    0x00, 0x00, 0x00, 0x00, 0x00, 0x00, 0x00, 0x00, 0x03, 0x00, 0x00, 0x00, 0x10, 0x4F, 0x00, 0x00,
    0x00, 0x00, 0x00, 0x00, 0x00, 0x00, 0x00, 0x00, 0xFF, 0xFF, 0x00, 0x00, 0x30, 0x75, 0x00, 0x00,
    0x00, 0x00, 0x00, 0x00, 0x00, 0x00, 0x00, 0x00, 0x03, 0x00, 0x00, 0x00, 0xFC, 0x4E, 0x00, 0x00,
    0x00, 0x00, 0x00, 0x00, 0x00, 0x00, 0x00, 0x00, 0xFF, 0xFF, 0x00, 0x00, 0x32, 0x75, 0x00, 0x00,
    0x00, 0x00, 0x00, 0x00, 0x00, 0x00, 0x00, 0x00, 0x03, 0x00, 0x00, 0x00, 0xE8, 0x4E, 0x00, 0x00,
    0x00, 0x00, 0x00, 0x00, 0x00, 0x00, 0x00, 0x00, 0xFF, 0xFF, 0x00, 0x00, 0x32, 0x75, 0x00, 0x00,
    0x00, 0x00, 0x00, 0x00, 0x00, 0x00, 0x00, 0x00, 0x04, 0x00, 0x00, 0x00, 0xD4, 0x4E, 0x00, 0x00,
    0x00, 0x00, 0x00, 0x00, 0x00, 0x00, 0x00, 0x00, 0xFF, 0xFF, 0x00, 0x00, 0x34, 0x75, 0x00, 0x00,
    0x00, 0x00, 0x00, 0x00, 0x00, 0x00, 0x00, 0x00, 0x03, 0x00, 0x00, 0x00, 0xC4, 0x4E, 0x00, 0x00,
    0x00, 0x00, 0x00, 0x00, 0x00, 0x00, 0x00, 0x00, 0xFF, 0xFF, 0x00, 0x00, 0x32, 0x75, 0x00, 0x00,
    0x00, 0x00, 0x00, 0x00, 0x00, 0x00, 0x00, 0x00, 0x03, 0x00, 0x00, 0x00, 0xB0, 0x4E, 0x00, 0x00,
    0x00, 0x00, 0x00, 0x00, 0x00, 0x00, 0x00, 0x00, 0xFF, 0xFF, 0x00, 0x00, 0x32, 0x75, 0x00, 0x00,
    0x00, 0x00, 0x00, 0x00, 0x00, 0x00, 0x00, 0x00, 0x03, 0x00, 0x00, 0x00, 0x9C, 0x4E, 0x00, 0x00,
    0x00, 0x00, 0x00, 0x00, 0x00, 0x00, 0x00, 0x00, 0xFF, 0xFF, 0x00, 0x00, 0x34, 0x75, 0x00, 0x00,
    0x00, 0x00, 0x00, 0x00, 0x00, 0x00, 0x00, 0x00, 0x03, 0x00, 0x00, 0x00, 0x88, 0x4E, 0x00, 0x00,
    0x00, 0x00, 0x00, 0x00, 0x00, 0x00, 0x00, 0x00, 0xFF, 0xFF, 0x00, 0x00, 0x32, 0x75, 0x00, 0x00,
    0x00, 0x00, 0x00, 0x00, 0x00, 0x00, 0x00, 0x00, 0x03, 0x00, 0x00, 0x00, 0x74, 0x4E, 0x00, 0x00,
    0x00, 0x00, 0x00, 0x00, 0x00, 0x00, 0x00, 0x00, 0xFF, 0xFF, 0x00, 0x00, 0x32, 0x75, 0x00, 0x00,
    0x00, 0x00, 0x00, 0x00, 0x00, 0x00, 0x00, 0x00, 0x03, 0x00, 0x00, 0x00, 0x60, 0x4E, 0x00, 0x00,
    0x00, 0x00, 0x00, 0x00, 0x00, 0x00, 0x00, 0x00, 0xFF, 0xFF, 0x00, 0x00, 0x34, 0x75, 0x00, 0x00,
    0x00, 0x00, 0x00, 0x00, 0x00, 0x00, 0x00, 0x00, 0x03, 0x00, 0x00, 0x00, 0x4C, 0x4E, 0x00, 0x00,
    0x00, 0x00, 0x00, 0x00, 0x00, 0x00, 0x00, 0x00, 0xFF, 0xFF, 0x00, 0x00, 0x32, 0x75, 0x00, 0x00,
    0x00, 0x00, 0x00, 0x00, 0x00, 0x00, 0x00, 0x00, 0x03, 0x00, 0x00, 0x00, 0x38, 0x4E, 0x00, 0x00,
    0x00, 0x00, 0x00, 0x00, 0x00, 0x00, 0x00, 0x00, 0xFF, 0xFF, 0x00, 0x00, 0x32, 0x75, 0x00, 0x00,
    0x00, 0x00, 0x00, 0x00, 0x00, 0x00, 0x00, 0x00, 0x03, 0x00, 0x00, 0x00, 0x24, 0x4E, 0x00, 0x00,
    0x00, 0x00, 0x00, 0x00, 0x00, 0x00, 0x00, 0x00, 0xFF, 0xFF, 0x00, 0x00, 0x34, 0x75, 0x00, 0x00,
    0x00, 0x00, 0x00, 0x00, 0x00, 0x00, 0x00, 0x00, 0x03, 0x00, 0x00, 0x00, 0x10, 0x4E, 0x00, 0x00,
    0x00, 0x00, 0x00, 0x00, 0x00, 0x00, 0x00, 0x00, 0xFF, 0xFF, 0x00, 0x00, 0x30, 0x75, 0x00, 0x00,
    0x00, 0x00, 0x00, 0x00, 0x00, 0x00, 0x00, 0x00, 0x03, 0x00, 0x00, 0x00, 0xFC, 0x4D, 0x00, 0x00,
    0x00, 0x00, 0x00, 0x00, 0x00, 0x00, 0x00, 0x00, 0xFF, 0xFF, 0x00, 0x00, 0x32, 0x75, 0x00, 0x00,
    0x00, 0x00, 0x00, 0x00, 0x00, 0x00, 0x00, 0x00, 0x03, 0x00, 0x00, 0x00, 0xE8, 0x4D, 0x00, 0x00,
    0x00, 0x00, 0x00, 0x00, 0x00, 0x00, 0x00, 0x00, 0xFF, 0xFF, 0x00, 0x00, 0x3B, 0x75, 0x00, 0x00,
    0x00, 0x00, 0x00, 0x00, 0x00, 0x00, 0x00, 0x00, 0x03, 0x00, 0x00, 0x00, 0xD4, 0x4D, 0x00, 0x00,
    0x00, 0x00, 0x00, 0x00, 0x00, 0x00, 0x00, 0x00, 0xFF, 0xFF, 0x00, 0x00, 0x32, 0x75, 0x00, 0x00,
    0x00, 0x00, 0x00, 0x00, 0x00, 0x00, 0x00, 0x00, 0x04, 0x00, 0x00, 0x00, 0xC0, 0x4D, 0x00, 0x00,
    0x00, 0x00, 0x00, 0x00, 0x00, 0x00, 0x00, 0x00, 0xFF, 0xFF, 0x00, 0x00, 0x31, 0x75, 0x00, 0x00,
    0x00, 0x00, 0x00, 0x00, 0x00, 0x00, 0x00, 0x00, 0x03, 0x00, 0x00, 0x00, 0xB0, 0x4D, 0x00, 0x00,
    0x00, 0x00, 0x00, 0x00, 0x00, 0x00, 0x00, 0x00, 0xFF, 0xFF, 0x00, 0x00, 0x32, 0x75, 0x00, 0x00,
    0x00, 0x00, 0x00, 0x00, 0x00, 0x00, 0x00, 0x00, 0x03, 0x00, 0x00, 0x00, 0x9C, 0x4D, 0x00, 0x00,
    0x00, 0x00, 0x00, 0x00, 0x00, 0x00, 0x00, 0x00, 0xFF, 0xFF, 0x00, 0x00, 0x35, 0x75, 0x00, 0x00,
    0x00, 0x00, 0x00, 0x00, 0x00, 0x00, 0x00, 0x00, 0x03, 0x00, 0x00, 0x00, 0x88, 0x4D, 0x00, 0x00,
    0x00, 0x00, 0x00, 0x00, 0x00, 0x00, 0x00, 0x00, 0xFF, 0xFF, 0x00, 0x00, 0x32, 0x75, 0x00, 0x00,
    0x00, 0x00, 0x00, 0x00, 0x00, 0x00, 0x00, 0x00, 0x03, 0x00, 0x00, 0x00, 0x74, 0x4D, 0x00, 0x00,
    0x00, 0x00, 0x00, 0x00, 0x00, 0x00, 0x00, 0x00, 0xFF, 0xFF, 0x00, 0x00, 0x32, 0x75, 0x00, 0x00,
    0x00, 0x00, 0x00, 0x00, 0x00, 0x00, 0x00, 0x00, 0x04, 0x00, 0x00, 0x00, 0x60, 0x4D, 0x00, 0x00,
    0x00, 0x00, 0x00, 0x00, 0x00, 0x00, 0x00, 0x00, 0xFF, 0xFF, 0x00, 0x00, 0x32, 0x75, 0x00, 0x00,
    0x00, 0x00, 0x00, 0x00, 0x00, 0x00, 0x00, 0x00, 0x04, 0x00, 0x00, 0x00, 0x50, 0x4D, 0x00, 0x00,
    0x00, 0x00, 0x00, 0x00, 0x00, 0x00, 0x00, 0x00, 0xFF, 0xFF, 0x00, 0x00, 0x3E, 0x75, 0x00, 0x00,
    0x00, 0x00, 0x00, 0x00, 0x00, 0x00, 0x00, 0x00, 0x03, 0x00, 0x00, 0x00, 0x40, 0x4D, 0x00, 0x00,
    0x00, 0x00, 0x00, 0x00, 0x00, 0x00, 0x00, 0x00, 0xFF, 0xFF, 0x00, 0x00, 0x3B, 0x75, 0x00, 0x00,
    0x00, 0x00, 0x00, 0x00, 0x00, 0x00, 0x00, 0x00, 0x03, 0x00, 0x00, 0x00, 0x2C, 0x4D, 0x00, 0x00,
    0x00, 0x00, 0x00, 0x00, 0x00, 0x00, 0x00, 0x00, 0xFF, 0xFF, 0x00, 0x00, 0x3B, 0x75, 0x00, 0x00,
    0x00, 0x00, 0x00, 0x00, 0x00, 0x00, 0x00, 0x00, 0x03, 0x00, 0x00, 0x00, 0x18, 0x4D, 0x00, 0x00,
    0x00, 0x00, 0x00, 0x00, 0x00, 0x00, 0x00, 0x00, 0xFF, 0xFF, 0x00, 0x00, 0x3B, 0x75, 0x00, 0x00,
    0x00, 0x00, 0x00, 0x00, 0x00, 0x00, 0x00, 0x00, 0x03, 0x00, 0x00, 0x00, 0x04, 0x4D, 0x00, 0x00,
    0x00, 0x00, 0x00, 0x00, 0x00, 0x00, 0x00, 0x00, 0xFF, 0xFF, 0x00, 0x00, 0x3B, 0x75, 0x00, 0x00,
    0x00, 0x00, 0x00, 0x00, 0x00, 0x00, 0x00, 0x00, 0x03, 0x00, 0x00, 0x00, 0xF0, 0x4C, 0x00, 0x00,
    0x00, 0x00, 0x00, 0x00, 0x00, 0x00, 0x00, 0x00, 0xFF, 0xFF, 0x00, 0x00, 0x3B, 0x75, 0x00, 0x00,
    0x00, 0x00, 0x00, 0x00, 0x00, 0x00, 0x00, 0x00, 0x03, 0x00, 0x00, 0x00, 0xDC, 0x4C, 0x00, 0x00,
    0x00, 0x00, 0x00, 0x00, 0x00, 0x00, 0x00, 0x00, 0xFF, 0xFF, 0x00, 0x00, 0x34, 0x75, 0x00, 0x00,
    0x00, 0x00, 0x00, 0x00, 0x00, 0x00, 0x00, 0x00, 0x03, 0x00, 0x00, 0x00, 0xC8, 0x4C, 0x00, 0x00,
    0x00, 0x00, 0x00, 0x00, 0x00, 0x00, 0x00, 0x00, 0xFF, 0xFF, 0x00, 0x00, 0x32, 0x75, 0x00, 0x00,
    0x00, 0x00, 0x00, 0x00, 0x00, 0x00, 0x00, 0x00, 0x03, 0x00, 0x00, 0x00, 0xB4, 0x4C, 0x00, 0x00,
    0x00, 0x00, 0x00, 0x00, 0x00, 0x00, 0x00, 0x00, 0xFF, 0xFF, 0x00, 0x00, 0x37, 0x75, 0x00, 0x00,
    0x00, 0x00, 0x00, 0x00, 0x00, 0x00, 0x00, 0x00, 0x03, 0x00, 0x00, 0x00, 0xA0, 0x4C, 0x00, 0x00,
    0x00, 0x00, 0x00, 0x00, 0x00, 0x00, 0x00, 0x00, 0xFF, 0xFF, 0x00, 0x00, 0x38, 0x75, 0x00, 0x00,
    0x00, 0x00, 0x00, 0x00, 0x00, 0x00, 0x00, 0x00, 0x03, 0x00, 0x00, 0x00, 0x8C, 0x4C, 0x00, 0x00,
    0x00, 0x00, 0x00, 0x00, 0x00, 0x00, 0x00, 0x00, 0xFF, 0xFF, 0x00, 0x00, 0x32, 0x75, 0x00, 0x00,
    0x00, 0x00, 0x00, 0x00, 0x00, 0x00, 0x00, 0x00, 0x03, 0x00, 0x00, 0x00, 0x78, 0x4C, 0x00, 0x00,
    0x00, 0x00, 0x00, 0x00, 0x00, 0x00, 0x00, 0x00, 0xFF, 0xFF, 0x00, 0x00, 0x37, 0x75, 0x00, 0x00,
    0x00, 0x00, 0x00, 0x00, 0x00, 0x00, 0x00, 0x00, 0x03, 0x00, 0x00, 0x00, 0x64, 0x4C, 0x00, 0x00,
    0x00, 0x00, 0x00, 0x00, 0x00, 0x00, 0x00, 0x00, 0xFF, 0xFF, 0x00, 0x00, 0x38, 0x75, 0x00, 0x00,
    0x00, 0x00, 0x00, 0x00, 0x00, 0x00, 0x00, 0x00, 0x03, 0x00, 0x00, 0x00, 0x50, 0x4C, 0x00, 0x00,
    0x00, 0x00, 0x00, 0x00, 0x00, 0x00, 0x00, 0x00, 0xFF, 0xFF, 0x00, 0x00, 0x32, 0x75, 0x00, 0x00,
    0x00, 0x00, 0x00, 0x00, 0x00, 0x00, 0x00, 0x00, 0x03, 0x00, 0x00, 0x00, 0x3C, 0x4C, 0x00, 0x00,
    0x00, 0x00, 0x00, 0x00, 0x00, 0x00, 0x00, 0x00, 0xFF, 0xFF, 0x00, 0x00, 0x37, 0x75, 0x00, 0x00,
    0x00, 0x00, 0x00, 0x00, 0x00, 0x00, 0x00, 0x00, 0x03, 0x00, 0x00, 0x00, 0x28, 0x4C, 0x00, 0x00,
    0x00, 0x00, 0x00, 0x00, 0x00, 0x00, 0x00, 0x00, 0xFF, 0xFF, 0x00, 0x00, 0x38, 0x75, 0x00, 0x00,
    0x00, 0x00, 0x00, 0x00, 0x00, 0x00, 0x00, 0x00, 0x03, 0x00, 0x00, 0x00, 0x14, 0x4C, 0x00, 0x00,
    0x00, 0x00, 0x00, 0x00, 0x00, 0x00, 0x00, 0x00, 0xFF, 0xFF, 0x00, 0x00, 0x35, 0x75, 0x00, 0x00,
    0x00, 0x00, 0x00, 0x00, 0x00, 0x00, 0x00, 0x00, 0x03, 0x00, 0x00, 0x00, 0x00, 0x4C, 0x00, 0x00,
    0x00, 0x00, 0x00, 0x00, 0x00, 0x00, 0x00, 0x00, 0xFF, 0xFF, 0x00, 0x00, 0x32, 0x75, 0x00, 0x00,
    0x00, 0x00, 0x00, 0x00, 0x00, 0x00, 0x00, 0x00, 0x03, 0x00, 0x00, 0x00, 0xEC, 0x4B, 0x00, 0x00,
    0x00, 0x00, 0x00, 0x00, 0x00, 0x00, 0x00, 0x00, 0xFF, 0xFF, 0x00, 0x00, 0x3B, 0x75, 0x00, 0x00,
    0x00, 0x00, 0x00, 0x00, 0x00, 0x00, 0x00, 0x00, 0x03, 0x00, 0x00, 0x00, 0xD8, 0x4B, 0x00, 0x00,
    0x00, 0x00, 0x00, 0x00, 0x00, 0x00, 0x00, 0x00, 0xFF, 0xFF, 0x00, 0x00, 0x32, 0x75, 0x00, 0x00,
    0x00, 0x00, 0x00, 0x00, 0x00, 0x00, 0x00, 0x00, 0x04, 0x00, 0x00, 0x00, 0xC4, 0x4B, 0x00, 0x00,
    0x00, 0x00, 0x00, 0x00, 0x00, 0x00, 0x00, 0x00, 0xFF, 0xFF, 0x00, 0x00, 0x31, 0x75, 0x00, 0x00,
    0x00, 0x00, 0x00, 0x00, 0x00, 0x00, 0x00, 0x00, 0x03, 0x00, 0x00, 0x00, 0xB4, 0x4B, 0x00, 0x00,
    0x00, 0x00, 0x00, 0x00, 0x00, 0x00, 0x00, 0x00, 0xFF, 0xFF, 0x00, 0x00, 0x32, 0x75, 0x00, 0x00,
    0x00, 0x00, 0x00, 0x00, 0x00, 0x00, 0x00, 0x00, 0x03, 0x00, 0x00, 0x00, 0xA0, 0x4B, 0x00, 0x00,
    0x00, 0x00, 0x00, 0x00, 0x00, 0x00, 0x00, 0x00, 0xFF, 0xFF, 0x00, 0x00, 0x32, 0x75, 0x00, 0x00,
    0x00, 0x00, 0x00, 0x00, 0x00, 0x00, 0x00, 0x00, 0x04, 0x00, 0x00, 0x00, 0x8C, 0x4B, 0x00, 0x00,
    0x00, 0x00, 0x00, 0x00, 0x00, 0x00, 0x00, 0x00, 0xFF, 0xFF, 0x00, 0x00, 0x32, 0x75, 0x00, 0x00,
    0x00, 0x00, 0x00, 0x00, 0x00, 0x00, 0x00, 0x00, 0x04, 0x00, 0x00, 0x00, 0x7C, 0x4B, 0x00, 0x00,
    0x00, 0x00, 0x00, 0x00, 0x00, 0x00, 0x00, 0x00, 0xFF, 0xFF, 0x00, 0x00, 0x35, 0x75, 0x00, 0x00,
    0x00, 0x00, 0x00, 0x00, 0x00, 0x00, 0x00, 0x00, 0x03, 0x00, 0x00, 0x00, 0x6C, 0x4B, 0x00, 0x00,
    0x00, 0x00, 0x00, 0x00, 0x00, 0x00, 0x00, 0x00, 0xFF, 0xFF, 0x00, 0x00, 0x32, 0x75, 0x00, 0x00,
    0x00, 0x00, 0x00, 0x00, 0x00, 0x00, 0x00, 0x00, 0x03, 0x00, 0x00, 0x00, 0x58, 0x4B, 0x00, 0x00,
    0x00, 0x00, 0x00, 0x00, 0x00, 0x00, 0x00, 0x00, 0xFF, 0xFF, 0x00, 0x00, 0x35, 0x75, 0x00, 0x00,
    0x00, 0x00, 0x00, 0x00, 0x00, 0x00, 0x00, 0x00, 0x03, 0x00, 0x00, 0x00, 0x44, 0x4B, 0x00, 0x00,
    0x00, 0x00, 0x00, 0x00, 0x00, 0x00, 0x00, 0x00, 0xFF, 0xFF, 0x00, 0x00, 0x32, 0x75, 0x00, 0x00,
    0x00, 0x00, 0x00, 0x00, 0x00, 0x00, 0x00, 0x00, 0x03, 0x00, 0x00, 0x00, 0x30, 0x4B, 0x00, 0x00,
    0x00, 0x00, 0x00, 0x00, 0x00, 0x00, 0x00, 0x00, 0xFF, 0xFF, 0x00, 0x00, 0x32, 0x75, 0x00, 0x00,
    0x00, 0x00, 0x00, 0x00, 0x00, 0x00, 0x00, 0x00, 0x03, 0x00, 0x00, 0x00, 0x1C, 0x4B, 0x00, 0x00,
    0x00, 0x00, 0x00, 0x00, 0x00, 0x00, 0x00, 0x00, 0xFF, 0xFF, 0x00, 0x00, 0x32, 0x75, 0x00, 0x00,
    0x00, 0x00, 0x00, 0x00, 0x00, 0x00, 0x00, 0x00, 0x03, 0x00, 0x00, 0x00, 0x08, 0x4B, 0x00, 0x00,
    0x00, 0x00, 0x00, 0x00, 0x00, 0x00, 0x00, 0x00, 0xFF, 0xFF, 0x00, 0x00, 0x32, 0x75, 0x00, 0x00,
    0x00, 0x00, 0x00, 0x00, 0x00, 0x00, 0x00, 0x00, 0x03, 0x00, 0x00, 0x00, 0xF4, 0x4A, 0x00, 0x00,
    0x00, 0x00, 0x00, 0x00, 0x00, 0x00, 0x00, 0x00, 0xFF, 0xFF, 0x00, 0x00, 0x32, 0x75, 0x00, 0x00,
    0x00, 0x00, 0x00, 0x00, 0x00, 0x00, 0x00, 0x00, 0x03, 0x00, 0x00, 0x00, 0xE0, 0x4A, 0x00, 0x00,
    0x00, 0x00, 0x00, 0x00, 0x00, 0x00, 0x00, 0x00, 0xFF, 0xFF, 0x00, 0x00, 0x34, 0x75, 0x00, 0x00,
    0x00, 0x00, 0x00, 0x00, 0x00, 0x00, 0x00, 0x00, 0x03, 0x00, 0x00, 0x00, 0xCC, 0x4A, 0x00, 0x00,
    0x00, 0x00, 0x00, 0x00, 0x00, 0x00, 0x00, 0x00, 0xFF, 0xFF, 0x00, 0x00, 0x37, 0x75, 0x00, 0x00,
    0x00, 0x00, 0x00, 0x00, 0x00, 0x00, 0x00, 0x00, 0x03, 0x00, 0x00, 0x00, 0xB8, 0x4A, 0x00, 0x00,
    0x00, 0x00, 0x00, 0x00, 0x00, 0x00, 0x00, 0x00, 0xFF, 0xFF, 0x00, 0x00, 0x38, 0x75, 0x00, 0x00,
    0x00, 0x00, 0x00, 0x00, 0x00, 0x00, 0x00, 0x00, 0x03, 0x00, 0x00, 0x00, 0xA4, 0x4A, 0x00, 0x00,
    0x00, 0x00, 0x00, 0x00, 0x00, 0x00, 0x00, 0x00, 0xFF, 0xFF, 0x00, 0x00, 0x32, 0x75, 0x00, 0x00,
    0x00, 0x00, 0x00, 0x00, 0x00, 0x00, 0x00, 0x00, 0x03, 0x00, 0x00, 0x00, 0x90, 0x4A, 0x00, 0x00,
    0x00, 0x00, 0x00, 0x00, 0x00, 0x00, 0x00, 0x00, 0xFF, 0xFF, 0x00, 0x00, 0x37, 0x75, 0x00, 0x00,
    0x00, 0x00, 0x00, 0x00, 0x00, 0x00, 0x00, 0x00, 0x03, 0x00, 0x00, 0x00, 0x7C, 0x4A, 0x00, 0x00,
    0x00, 0x00, 0x00, 0x00, 0x00, 0x00, 0x00, 0x00, 0xFF, 0xFF, 0x00, 0x00, 0x38, 0x75, 0x00, 0x00,
    0x00, 0x00, 0x00, 0x00, 0x00, 0x00, 0x00, 0x00, 0x03, 0x00, 0x00, 0x00, 0x68, 0x4A, 0x00, 0x00,
    0x00, 0x00, 0x00, 0x00, 0x00, 0x00, 0x00, 0x00, 0xFF, 0xFF, 0x00, 0x00, 0x32, 0x75, 0x00, 0x00,
    0x00, 0x00, 0x00, 0x00, 0x00, 0x00, 0x00, 0x00, 0x03, 0x00, 0x00, 0x00, 0x54, 0x4A, 0x00, 0x00,
    0x00, 0x00, 0x00, 0x00, 0x00, 0x00, 0x00, 0x00, 0xFF, 0xFF, 0x00, 0x00, 0x37, 0x75, 0x00, 0x00,
    0x00, 0x00, 0x00, 0x00, 0x00, 0x00, 0x00, 0x00, 0x03, 0x00, 0x00, 0x00, 0x40, 0x4A, 0x00, 0x00,
    0x00, 0x00, 0x00, 0x00, 0x00, 0x00, 0x00, 0x00, 0xFF, 0xFF, 0x00, 0x00, 0x38, 0x75, 0x00, 0x00,
    0x00, 0x00, 0x00, 0x00, 0x00, 0x00, 0x00, 0x00, 0x03, 0x00, 0x00, 0x00, 0x2C, 0x4A, 0x00, 0x00,
    0x00, 0x00, 0x00, 0x00, 0x00, 0x00, 0x00, 0x00, 0xFF, 0xFF, 0x00, 0x00, 0x32, 0x75, 0x00, 0x00,
    0x00, 0x00, 0x00, 0x00, 0x00, 0x00, 0x00, 0x00, 0x03, 0x00, 0x00, 0x00, 0x18, 0x4A, 0x00, 0x00,
    0x00, 0x00, 0x00, 0x00, 0x00, 0x00, 0x00, 0x00, 0xFF, 0xFF, 0x00, 0x00, 0x32, 0x75, 0x00, 0x00,
    0x00, 0x00, 0x00, 0x00, 0x00, 0x00, 0x00, 0x00, 0x03, 0x00, 0x00, 0x00, 0x04, 0x4A, 0x00, 0x00,
    0x00, 0x00, 0x00, 0x00, 0x00, 0x00, 0x00, 0x00, 0xFF, 0xFF, 0x00, 0x00, 0x34, 0x75, 0x00, 0x00,
    0x00, 0x00, 0x00, 0x00, 0x00, 0x00, 0x00, 0x00, 0x03, 0x00, 0x00, 0x00, 0xF0, 0x49, 0x00, 0x00,
    0x00, 0x00, 0x00, 0x00, 0x00, 0x00, 0x00, 0x00, 0xFF, 0xFF, 0x00, 0x00, 0x3F, 0x75, 0x00, 0x00,
    0x00, 0x00, 0x00, 0x00, 0x00, 0x00, 0x00, 0x00, 0x03, 0x00, 0x00, 0x00, 0xDC, 0x49, 0x00, 0x00,
    0x00, 0x00, 0x00, 0x00, 0x00, 0x00, 0x00, 0x00, 0xFF, 0xFF, 0x00, 0x00, 0x3F, 0x75, 0x00, 0x00,
    0x00, 0x00, 0x00, 0x00, 0x00, 0x00, 0x00, 0x00, 0x03, 0x00, 0x00, 0x00, 0xC8, 0x49, 0x00, 0x00,
    0x00, 0x00, 0x00, 0x00, 0x00, 0x00, 0x00, 0x00, 0xFF, 0xFF, 0x00, 0x00, 0x3F, 0x75, 0x00, 0x00,
    0x00, 0x00, 0x00, 0x00, 0x00, 0x00, 0x00, 0x00, 0x03, 0x00, 0x00, 0x00, 0xB4, 0x49, 0x00, 0x00,
    0x00, 0x00, 0x00, 0x00, 0x00, 0x00, 0x00, 0x00, 0xFF, 0xFF, 0x00, 0x00, 0x34, 0x75, 0x00, 0x00,
    0x00, 0x00, 0x00, 0x00, 0x00, 0x00, 0x00, 0x00, 0x03, 0x00, 0x00, 0x00, 0xA0, 0x49, 0x00, 0x00,
    0x00, 0x00, 0x00, 0x00, 0x00, 0x00, 0x00, 0x00, 0xFF, 0xFF, 0x00, 0x00, 0x3F, 0x75, 0x00, 0x00,
    0x00, 0x00, 0x00, 0x00, 0x00, 0x00, 0x00, 0x00, 0x03, 0x00, 0x00, 0x00, 0x8C, 0x49, 0x00, 0x00,
    0x00, 0x00, 0x00, 0x00, 0x00, 0x00, 0x00, 0x00, 0xFF, 0xFF, 0x00, 0x00, 0x34, 0x75, 0x00, 0x00,
    0x00, 0x00, 0x00, 0x00, 0x00, 0x00, 0x00, 0x00, 0x03, 0x00, 0x00, 0x00, 0x78, 0x49, 0x00, 0x00,
    0x00, 0x00, 0x00, 0x00, 0x00, 0x00, 0x00, 0x00, 0xFF, 0xFF, 0x00, 0x00, 0x3B, 0x75, 0x00, 0x00,
    0x00, 0x00, 0x00, 0x00, 0x00, 0x00, 0x00, 0x00, 0x03, 0x00, 0x00, 0x00, 0x64, 0x49, 0x00, 0x00,
    0x00, 0x00, 0x00, 0x00, 0x00, 0x00, 0x00, 0x00, 0xFF, 0xFF, 0x00, 0x00, 0x3B, 0x75, 0x00, 0x00,
    0x00, 0x00, 0x00, 0x00, 0x00, 0x00, 0x00, 0x00, 0x03, 0x00, 0x00, 0x00, 0x50, 0x49, 0x00, 0x00,
    0x00, 0x00, 0x00, 0x00, 0x00, 0x00, 0x00, 0x00, 0xFF, 0xFF, 0x00, 0x00, 0x3B, 0x75, 0x00, 0x00,
    0x00, 0x00, 0x00, 0x00, 0x00, 0x00, 0x00, 0x00, 0x03, 0x00, 0x00, 0x00, 0x3C, 0x49, 0x00, 0x00,
    0x00, 0x00, 0x00, 0x00, 0x00, 0x00, 0x00, 0x00, 0xFF, 0xFF, 0x00, 0x00, 0x3B, 0x75, 0x00, 0x00,
    0x00, 0x00, 0x00, 0x00, 0x00, 0x00, 0x00, 0x00, 0x03, 0x00, 0x00, 0x00, 0x28, 0x49, 0x00, 0x00,
    0x00, 0x00, 0x00, 0x00, 0x00, 0x00, 0x00, 0x00, 0xFF, 0xFF, 0x00, 0x00, 0x32, 0x75, 0x00, 0x00,
    0x00, 0x00, 0x00, 0x00, 0x00, 0x00, 0x00, 0x00, 0x04, 0x00, 0x00, 0x00, 0x14, 0x49, 0x00, 0x00,
    0x00, 0x00, 0x00, 0x00, 0x00, 0x00, 0x00, 0x00, 0xFF, 0xFF, 0x00, 0x00, 0x31, 0x75, 0x00, 0x00,
    0x00, 0x00, 0x00, 0x00, 0x00, 0x00, 0x00, 0x00, 0x03, 0x00, 0x00, 0x00, 0x04, 0x49, 0x00, 0x00,
    0x00, 0x00, 0x00, 0x00, 0x00, 0x00, 0x00, 0x00, 0xFF, 0xFF, 0x00, 0x00, 0x32, 0x75, 0x00, 0x00,
    0x00, 0x00, 0x00, 0x00, 0x00, 0x00, 0x00, 0x00, 0x03, 0x00, 0x00, 0x00, 0xF0, 0x48, 0x00, 0x00,
    0x00, 0x00, 0x00, 0x00, 0x00, 0x00, 0x00, 0x00, 0xFF, 0xFF, 0x00, 0x00, 0x32, 0x75, 0x00, 0x00,
    0x00, 0x00, 0x00, 0x00, 0x00, 0x00, 0x00, 0x00, 0x04, 0x00, 0x00, 0x00, 0xDC, 0x48, 0x00, 0x00,
    0x00, 0x00, 0x00, 0x00, 0x00, 0x00, 0x00, 0x00, 0xFF, 0xFF, 0x00, 0x00, 0x32, 0x75, 0x00, 0x00,
    0x00, 0x00, 0x00, 0x00, 0x00, 0x00, 0x00, 0x00, 0x04, 0x00, 0x00, 0x00, 0xCC, 0x48, 0x00, 0x00,
    0x00, 0x00, 0x00, 0x00, 0x00, 0x00, 0x00, 0x00, 0xFF, 0xFF, 0x00, 0x00, 0x35, 0x75, 0x00, 0x00,
    0x00, 0x00, 0x00, 0x00, 0x00, 0x00, 0x00, 0x00, 0x03, 0x00, 0x00, 0x00, 0xBC, 0x48, 0x00, 0x00,
    0x00, 0x00, 0x00, 0x00, 0x00, 0x00, 0x00, 0x00, 0xFF, 0xFF, 0x00, 0x00, 0x32, 0x75, 0x00, 0x00,
    0x00, 0x00, 0x00, 0x00, 0x00, 0x00, 0x00, 0x00, 0x03, 0x00, 0x00, 0x00, 0xA8, 0x48, 0x00, 0x00,
    0x00, 0x00, 0x00, 0x00, 0x00, 0x00, 0x00, 0x00, 0xFF, 0xFF, 0x00, 0x00, 0x34, 0x75, 0x00, 0x00,
    0x00, 0x00, 0x00, 0x00, 0x00, 0x00, 0x00, 0x00, 0x03, 0x00, 0x00, 0x00, 0x94, 0x48, 0x00, 0x00,
    0x00, 0x00, 0x00, 0x00, 0x00, 0x00, 0x00, 0x00, 0xFF, 0xFF, 0x00, 0x00, 0x3F, 0x75, 0x00, 0x00,
    0x00, 0x00, 0x00, 0x00, 0x00, 0x00, 0x00, 0x00, 0x03, 0x00, 0x00, 0x00, 0x80, 0x48, 0x00, 0x00,
    0x00, 0x00, 0x00, 0x00, 0x00, 0x00, 0x00, 0x00, 0xFF, 0xFF, 0x00, 0x00, 0x34, 0x75, 0x00, 0x00,
    0x00, 0x00, 0x00, 0x00, 0x00, 0x00, 0x00, 0x00, 0x03, 0x00, 0x00, 0x00, 0x6C, 0x48, 0x00, 0x00,
    0x00, 0x00, 0x00, 0x00, 0x00, 0x00, 0x00, 0x00, 0xFF, 0xFF, 0x00, 0x00, 0x32, 0x75, 0x00, 0x00,
    0x00, 0x00, 0x00, 0x00, 0x00, 0x00, 0x00, 0x00, 0x03, 0x00, 0x00, 0x00, 0x58, 0x48, 0x00, 0x00,
    0x00, 0x00, 0x00, 0x00, 0x00, 0x00, 0x00, 0x00, 0xFF, 0xFF, 0x00, 0x00, 0x32, 0x75, 0x00, 0x00,
    0x00, 0x00, 0x00, 0x00, 0x00, 0x00, 0x00, 0x00, 0x03, 0x00, 0x00, 0x00, 0x44, 0x48, 0x00, 0x00,
    0x00, 0x00, 0x00, 0x00, 0x00, 0x00, 0x00, 0x00, 0xFF, 0xFF, 0x00, 0x00, 0x34, 0x75, 0x00, 0x00,
    0x00, 0x00, 0x00, 0x00, 0x00, 0x00, 0x00, 0x00, 0x03, 0x00, 0x00, 0x00, 0x30, 0x48, 0x00, 0x00,
    0x00, 0x00, 0x00, 0x00, 0x00, 0x00, 0x00, 0x00, 0xFF, 0xFF, 0x00, 0x00, 0x35, 0x75, 0x00, 0x00,
    0x00, 0x00, 0x00, 0x00, 0x00, 0x00, 0x00, 0x00, 0x03, 0x00, 0x00, 0x00, 0x1C, 0x48, 0x00, 0x00,
    0x00, 0x00, 0x00, 0x00, 0x00, 0x00, 0x00, 0x00, 0xFF, 0xFF, 0x00, 0x00, 0x32, 0x75, 0x00, 0x00,
    0x00, 0x00, 0x00, 0x00, 0x00, 0x00, 0x00, 0x00, 0x03, 0x00, 0x00, 0x00, 0x08, 0x48, 0x00, 0x00,
    0x00, 0x00, 0x00, 0x00, 0x00, 0x00, 0x00, 0x00, 0xFF, 0xFF, 0x00, 0x00, 0x32, 0x75, 0x00, 0x00,
    0x00, 0x00, 0x00, 0x00, 0x00, 0x00, 0x00, 0x00, 0x03, 0x00, 0x00, 0x00, 0xF4, 0x47, 0x00, 0x00,
    0x00, 0x00, 0x00, 0x00, 0x00, 0x00, 0x00, 0x00, 0xFF, 0xFF, 0x00, 0x00, 0x3E, 0x75, 0x00, 0x00,
    0x00, 0x00, 0x00, 0x00, 0x00, 0x00, 0x00, 0x00, 0x03, 0x00, 0x00, 0x00, 0xE0, 0x47, 0x00, 0x00,
    0x00, 0x00, 0x00, 0x00, 0x00, 0x00, 0x00, 0x00, 0xFF, 0xFF, 0x00, 0x00, 0x3B, 0x75, 0x00, 0x00,
    0x00, 0x00, 0x00, 0x00, 0x00, 0x00, 0x00, 0x00, 0x03, 0x00, 0x00, 0x00, 0xCC, 0x47, 0x00, 0x00,
    0x00, 0x00, 0x00, 0x00, 0x00, 0x00, 0x00, 0x00, 0xFF, 0xFF, 0x00, 0x00, 0x32, 0x75, 0x00, 0x00,
    0x00, 0x00, 0x00, 0x00, 0x00, 0x00, 0x00, 0x00, 0x04, 0x00, 0x00, 0x00, 0xB8, 0x47, 0x00, 0x00,
    0x00, 0x00, 0x00, 0x00, 0x00, 0x00, 0x00, 0x00, 0xFF, 0xFF, 0x00, 0x00, 0x31, 0x75, 0x00, 0x00,
    0x00, 0x00, 0x00, 0x00, 0x00, 0x00, 0x00, 0x00, 0x03, 0x00, 0x00, 0x00, 0xA8, 0x47, 0x00, 0x00,
    0x00, 0x00, 0x00, 0x00, 0x00, 0x00, 0x00, 0x00, 0xFF, 0xFF, 0x00, 0x00, 0x32, 0x75, 0x00, 0x00,
    0x00, 0x00, 0x00, 0x00, 0x00, 0x00, 0x00, 0x00, 0x03, 0x00, 0x00, 0x00, 0x94, 0x47, 0x00, 0x00,
    0x00, 0x00, 0x00, 0x00, 0x00, 0x00, 0x00, 0x00, 0xFF, 0xFF, 0x00, 0x00, 0x32, 0x75, 0x00, 0x00,
    0x00, 0x00, 0x00, 0x00, 0x00, 0x00, 0x00, 0x00, 0x04, 0x00, 0x00, 0x00, 0x80, 0x47, 0x00, 0x00,
    0x00, 0x00, 0x00, 0x00, 0x00, 0x00, 0x00, 0x00, 0xFF, 0xFF, 0x00, 0x00, 0x35, 0x75, 0x00, 0x00,
    0x00, 0x00, 0x00, 0x00, 0x00, 0x00, 0x00, 0x00, 0x03, 0x00, 0x00, 0x00, 0x70, 0x47, 0x00, 0x00,
    0x00, 0x00, 0x00, 0x00, 0x00, 0x00, 0x00, 0x00, 0xFF, 0xFF, 0x00, 0x00, 0x32, 0x75, 0x00, 0x00,
    0x00, 0x00, 0x00, 0x00, 0x00, 0x00, 0x00, 0x00, 0x03, 0x00, 0x00, 0x00, 0x5C, 0x47, 0x00, 0x00,
    0x00, 0x00, 0x00, 0x00, 0x00, 0x00, 0x00, 0x00, 0xFF, 0xFF, 0x00, 0x00, 0x32, 0x75, 0x00, 0x00,
    0x00, 0x00, 0x00, 0x00, 0x00, 0x00, 0x00, 0x00, 0x04, 0x00, 0x00, 0x00, 0x48, 0x47, 0x00, 0x00,
    0x00, 0x00, 0x00, 0x00, 0x00, 0x00, 0x00, 0x00, 0xFF, 0xFF, 0x00, 0x00, 0x3E, 0x75, 0x00, 0x00,
    0x00, 0x00, 0x00, 0x00, 0x00, 0x00, 0x00, 0x00, 0x03, 0x00, 0x00, 0x00, 0x38, 0x47, 0x00, 0x00,
    0x00, 0x00, 0x00, 0x00, 0x00, 0x00, 0x00, 0x00, 0xFF, 0xFF, 0x00, 0x00, 0x34, 0x75, 0x00, 0x00,
    0x00, 0x00, 0x00, 0x00, 0x00, 0x00, 0x00, 0x00, 0x03, 0x00, 0x00, 0x00, 0x24, 0x47, 0x00, 0x00,
    0x00, 0x00, 0x00, 0x00, 0x00, 0x00, 0x00, 0x00, 0xFF, 0xFF, 0x00, 0x00, 0x32, 0x75, 0x00, 0x00,
    0x00, 0x00, 0x00, 0x00, 0x00, 0x00, 0x00, 0x00, 0x03, 0x00, 0x00, 0x00, 0x10, 0x47, 0x00, 0x00,
    0x00, 0x00, 0x00, 0x00, 0x00, 0x00, 0x00, 0x00, 0xFF, 0xFF, 0x00, 0x00, 0x32, 0x75, 0x00, 0x00,
    0x00, 0x00, 0x00, 0x00, 0x00, 0x00, 0x00, 0x00, 0x03, 0x00, 0x00, 0x00, 0xFC, 0x46, 0x00, 0x00,
    0x00, 0x00, 0x00, 0x00, 0x00, 0x00, 0x00, 0x00, 0xFF, 0xFF, 0x00, 0x00, 0x32, 0x75, 0x00, 0x00,
    0x00, 0x00, 0x00, 0x00, 0x00, 0x00, 0x00, 0x00, 0x03, 0x00, 0x00, 0x00, 0xE8, 0x46, 0x00, 0x00,
    0x00, 0x00, 0x00, 0x00, 0x00, 0x00, 0x00, 0x00, 0xFF, 0xFF, 0x00, 0x00, 0x32, 0x75, 0x00, 0x00,
    0x00, 0x00, 0x00, 0x00, 0x00, 0x00, 0x00, 0x00, 0x03, 0x00, 0x00, 0x00, 0xD4, 0x46, 0x00, 0x00,
    0x00, 0x00, 0x00, 0x00, 0x00, 0x00, 0x00, 0x00, 0xFF, 0xFF, 0x00, 0x00, 0x3E, 0x75, 0x00, 0x00,
    0x00, 0x00, 0x00, 0x00, 0x00, 0x00, 0x00, 0x00, 0x03, 0x00, 0x00, 0x00, 0xC0, 0x46, 0x00, 0x00,
    0x00, 0x00, 0x00, 0x00, 0x00, 0x00, 0x00, 0x00, 0xFF, 0xFF, 0x00, 0x00, 0x32, 0x75, 0x00, 0x00,
    0x00, 0x00, 0x00, 0x00, 0x00, 0x00, 0x00, 0x00, 0x03, 0x00, 0x00, 0x00, 0xAC, 0x46, 0x00, 0x00,
    0x00, 0x00, 0x00, 0x00, 0x00, 0x00, 0x00, 0x00, 0xFF, 0xFF, 0x00, 0x00, 0x32, 0x75, 0x00, 0x00,
    0x00, 0x00, 0x00, 0x00, 0x00, 0x00, 0x00, 0x00, 0x03, 0x00, 0x00, 0x00, 0x98, 0x46, 0x00, 0x00,
    0x00, 0x00, 0x00, 0x00, 0x00, 0x00, 0x00, 0x00, 0xFF, 0xFF, 0x00, 0x00, 0x32, 0x75, 0x00, 0x00,
    0x00, 0x00, 0x00, 0x00, 0x00, 0x00, 0x00, 0x00, 0x03, 0x00, 0x00, 0x00, 0x84, 0x46, 0x00, 0x00,
    0x00, 0x00, 0x00, 0x00, 0x00, 0x00, 0x00, 0x00, 0xFF, 0xFF, 0x00, 0x00, 0x32, 0x75, 0x00, 0x00,
    0x00, 0x00, 0x00, 0x00, 0x00, 0x00, 0x00, 0x00, 0x03, 0x00, 0x00, 0x00, 0x70, 0x46, 0x00, 0x00,
    0x00, 0x00, 0x00, 0x00, 0x00, 0x00, 0x00, 0x00, 0xFF, 0xFF, 0x00, 0x00, 0x32, 0x75, 0x00, 0x00,
    0x00, 0x00, 0x00, 0x00, 0x00, 0x00, 0x00, 0x00, 0x03, 0x00, 0x00, 0x00, 0x5C, 0x46, 0x00, 0x00,
    0x00, 0x00, 0x00, 0x00, 0x00, 0x00, 0x00, 0x00, 0xFF, 0xFF, 0x00, 0x00, 0x32, 0x75, 0x00, 0x00,
    0x00, 0x00, 0x00, 0x00, 0x00, 0x00, 0x00, 0x00, 0x03, 0x00, 0x00, 0x00, 0x48, 0x46, 0x00, 0x00,
    0x00, 0x00, 0x00, 0x00, 0x00, 0x00, 0x00, 0x00, 0xFF, 0xFF, 0x00, 0x00, 0x3B, 0x75, 0x00, 0x00,
    0x00, 0x00, 0x00, 0x00, 0x00, 0x00, 0x00, 0x00, 0x03, 0x00, 0x00, 0x00, 0x34, 0x46, 0x00, 0x00,
    0x00, 0x00, 0x00, 0x00, 0x00, 0x00, 0x00, 0x00, 0xFF, 0xFF, 0x00, 0x00, 0x32, 0x75, 0x00, 0x00,
    0x00, 0x00, 0x00, 0x00, 0x00, 0x00, 0x00, 0x00, 0x04, 0x00, 0x00, 0x00, 0x20, 0x46, 0x00, 0x00,
    0x00, 0x00, 0x00, 0x00, 0x00, 0x00, 0x00, 0x00, 0xFF, 0xFF, 0x00, 0x00, 0x31, 0x75, 0x00, 0x00,
    0x00, 0x00, 0x00, 0x00, 0x00, 0x00, 0x00, 0x00, 0x03, 0x00, 0x00, 0x00, 0x10, 0x46, 0x00, 0x00,
    0x00, 0x00, 0x00, 0x00, 0x00, 0x00, 0x00, 0x00, 0xFF, 0xFF, 0x00, 0x00, 0x32, 0x75, 0x00, 0x00,
    0x00, 0x00, 0x00, 0x00, 0x00, 0x00, 0x00, 0x00, 0x03, 0x00, 0x00, 0x00, 0xFC, 0x45, 0x00, 0x00,
    0x00, 0x00, 0x00, 0x00, 0x00, 0x00, 0x00, 0x00, 0xFF, 0xFF, 0x00, 0x00, 0x35, 0x75, 0x00, 0x00,
    0x00, 0x00, 0x00, 0x00, 0x00, 0x00, 0x00, 0x00, 0x03, 0x00, 0x00, 0x00, 0xE8, 0x45, 0x00, 0x00,
    0x00, 0x00, 0x00, 0x00, 0x00, 0x00, 0x00, 0x00, 0xFF, 0xFF, 0x00, 0x00, 0x32, 0x75, 0x00, 0x00,
    0x00, 0x00, 0x00, 0x00, 0x00, 0x00, 0x00, 0x00, 0x03, 0x00, 0x00, 0x00, 0xD4, 0x45, 0x00, 0x00,
    0x00, 0x00, 0x00, 0x00, 0x00, 0x00, 0x00, 0x00, 0xFF, 0xFF, 0x00, 0x00, 0x35, 0x75, 0x00, 0x00,
    0x00, 0x00, 0x00, 0x00, 0x00, 0x00, 0x00, 0x00, 0x03, 0x00, 0x00, 0x00, 0xC0, 0x45, 0x00, 0x00,
    0x00, 0x00, 0x00, 0x00, 0x00, 0x00, 0x00, 0x00, 0xFF, 0xFF, 0x00, 0x00, 0x32, 0x75, 0x00, 0x00,
    0x00, 0x00, 0x00, 0x00, 0x00, 0x00, 0x00, 0x00, 0x03, 0x00, 0x00, 0x00, 0xAC, 0x45, 0x00, 0x00,
    0x00, 0x00, 0x00, 0x00, 0x00, 0x00, 0x00, 0x00, 0xFF, 0xFF, 0x00, 0x00, 0x35, 0x75, 0x00, 0x00,
    0x00, 0x00, 0x00, 0x00, 0x00, 0x00, 0x00, 0x00, 0x03, 0x00, 0x00, 0x00, 0x98, 0x45, 0x00, 0x00,
    0x00, 0x00, 0x00, 0x00, 0x00, 0x00, 0x00, 0x00, 0xFF, 0xFF, 0x00, 0x00, 0x32, 0x75, 0x00, 0x00,
    0x00, 0x00, 0x00, 0x00, 0x00, 0x00, 0x00, 0x00, 0x04, 0x00, 0x00, 0x00, 0x84, 0x45, 0x00, 0x00,
    0x00, 0x00, 0x00, 0x00, 0x00, 0x00, 0x00, 0x00, 0xFF, 0xFF, 0x00, 0x00, 0x32, 0x75, 0x00, 0x00,
    0x00, 0x00, 0x00, 0x00, 0x00, 0x00, 0x00, 0x00, 0x04, 0x00, 0x00, 0x00, 0x74, 0x45, 0x00, 0x00,
    0x00, 0x00, 0x00, 0x00, 0x00, 0x00, 0x00, 0x00, 0xFF, 0xFF, 0x00, 0x00, 0x32, 0x75, 0x00, 0x00,
    0x00, 0x00, 0x00, 0x00, 0x00, 0x00, 0x00, 0x00, 0x04, 0x00, 0x00, 0x00, 0x64, 0x45, 0x00, 0x00,
    0x00, 0x00, 0x00, 0x00, 0x00, 0x00, 0x00, 0x00, 0xFF, 0xFF, 0x00, 0x00, 0x34, 0x75, 0x00, 0x00,
    0x00, 0x00, 0x00, 0x00, 0x00, 0x00, 0x00, 0x00, 0x03, 0x00, 0x00, 0x00, 0x54, 0x45, 0x00, 0x00,
    0x00, 0x00, 0x00, 0x00, 0x00, 0x00, 0x00, 0x00, 0xFF, 0xFF, 0x00, 0x00, 0x34, 0x75, 0x00, 0x00,
    0x00, 0x00, 0x00, 0x00, 0x00, 0x00, 0x00, 0x00, 0x03, 0x00, 0x00, 0x00, 0x40, 0x45, 0x00, 0x00,
    0x00, 0x00, 0x00, 0x00, 0x00, 0x00, 0x00, 0x00, 0xFF, 0xFF, 0x00, 0x00, 0x34, 0x75, 0x00, 0x00,
    0x00, 0x00, 0x00, 0x00, 0x00, 0x00, 0x00, 0x00, 0x03, 0x00, 0x00, 0x00, 0x2C, 0x45, 0x00, 0x00,
    0x00, 0x00, 0x00, 0x00, 0x00, 0x00, 0x00, 0x00, 0xFF, 0xFF, 0x00, 0x00, 0x34, 0x75, 0x00, 0x00,
    0x00, 0x00, 0x00, 0x00, 0x00, 0x00, 0x00, 0x00, 0x03, 0x00, 0x00, 0x00, 0x18, 0x45, 0x00, 0x00,
    0x00, 0x00, 0x00, 0x00, 0x00, 0x00, 0x00, 0x00, 0xFF, 0xFF, 0x00, 0x00, 0x34, 0x75, 0x00, 0x00,
    0x00, 0x00, 0x00, 0x00, 0x00, 0x00, 0x00, 0x00, 0x03, 0x00, 0x00, 0x00, 0x04, 0x45, 0x00, 0x00,
    0x00, 0x00, 0x00, 0x00, 0x00, 0x00, 0x00, 0x00, 0xFF, 0xFF, 0x00, 0x00, 0x34, 0x75, 0x00, 0x00,
    0x00, 0x00, 0x00, 0x00, 0x00, 0x00, 0x00, 0x00, 0x03, 0x00, 0x00, 0x00, 0xF0, 0x44, 0x00, 0x00,
    0x00, 0x00, 0x00, 0x00, 0x00, 0x00, 0x00, 0x00, 0xFF, 0xFF, 0x00, 0x00, 0x34, 0x75, 0x00, 0x00,
    0x00, 0x00, 0x00, 0x00, 0x00, 0x00, 0x00, 0x00, 0x03, 0x00, 0x00, 0x00, 0xDC, 0x44, 0x00, 0x00,
    0x00, 0x00, 0x00, 0x00, 0x00, 0x00, 0x00, 0x00, 0xFF, 0xFF, 0x00, 0x00, 0x34, 0x75, 0x00, 0x00,
    0x00, 0x00, 0x00, 0x00, 0x00, 0x00, 0x00, 0x00, 0x03, 0x00, 0x00, 0x00, 0xC8, 0x44, 0x00, 0x00,
    0x00, 0x00, 0x00, 0x00, 0x00, 0x00, 0x00, 0x00, 0xFF, 0xFF, 0x00, 0x00, 0x34, 0x75, 0x00, 0x00,
    0x00, 0x00, 0x00, 0x00, 0x00, 0x00, 0x00, 0x00, 0x03, 0x00, 0x00, 0x00, 0xB4, 0x44, 0x00, 0x00,
    0x00, 0x00, 0x00, 0x00, 0x00, 0x00, 0x00, 0x00, 0xFF, 0xFF, 0x00, 0x00, 0x34, 0x75, 0x00, 0x00,
    0x00, 0x00, 0x00, 0x00, 0x00, 0x00, 0x00, 0x00, 0x03, 0x00, 0x00, 0x00, 0xA0, 0x44, 0x00, 0x00,
    0x00, 0x00, 0x00, 0x00, 0x00, 0x00, 0x00, 0x00, 0xFF, 0xFF, 0x00, 0x00, 0x34, 0x75, 0x00, 0x00,
    0x00, 0x00, 0x00, 0x00, 0x00, 0x00, 0x00, 0x00, 0x03, 0x00, 0x00, 0x00, 0x8C, 0x44, 0x00, 0x00,
    0x00, 0x00, 0x00, 0x00, 0x00, 0x00, 0x00, 0x00, 0xFF, 0xFF, 0x00, 0x00, 0x34, 0x75, 0x00, 0x00,
    0x00, 0x00, 0x00, 0x00, 0x00, 0x00, 0x00, 0x00, 0x03, 0x00, 0x00, 0x00, 0x78, 0x44, 0x00, 0x00,
    0x00, 0x00, 0x00, 0x00, 0x00, 0x00, 0x00, 0x00, 0xFF, 0xFF, 0x00, 0x00, 0x34, 0x75, 0x00, 0x00,
    0x00, 0x00, 0x00, 0x00, 0x00, 0x00, 0x00, 0x00, 0x03, 0x00, 0x00, 0x00, 0x64, 0x44, 0x00, 0x00,
    0x00, 0x00, 0x00, 0x00, 0x00, 0x00, 0x00, 0x00, 0xFF, 0xFF, 0x00, 0x00, 0x34, 0x75, 0x00, 0x00,
    0x00, 0x00, 0x00, 0x00, 0x00, 0x00, 0x00, 0x00, 0x03, 0x00, 0x00, 0x00, 0x50, 0x44, 0x00, 0x00,
    0x00, 0x00, 0x00, 0x00, 0x00, 0x00, 0x00, 0x00, 0xFF, 0xFF, 0x00, 0x00, 0x34, 0x75, 0x00, 0x00,
    0x00, 0x00, 0x00, 0x00, 0x00, 0x00, 0x00, 0x00, 0x03, 0x00, 0x00, 0x00, 0x3C, 0x44, 0x00, 0x00,
    0x00, 0x00, 0x00, 0x00, 0x00, 0x00, 0x00, 0x00, 0xFF, 0xFF, 0x00, 0x00, 0x34, 0x75, 0x00, 0x00,
    0x00, 0x00, 0x00, 0x00, 0x00, 0x00, 0x00, 0x00, 0x03, 0x00, 0x00, 0x00, 0x28, 0x44, 0x00, 0x00,
    0x00, 0x00, 0x00, 0x00, 0x00, 0x00, 0x00, 0x00, 0xFF, 0xFF, 0x00, 0x00, 0x34, 0x75, 0x00, 0x00,
    0x00, 0x00, 0x00, 0x00, 0x00, 0x00, 0x00, 0x00, 0x03, 0x00, 0x00, 0x00, 0x14, 0x44, 0x00, 0x00,
    0x00, 0x00, 0x00, 0x00, 0x00, 0x00, 0x00, 0x00, 0xFF, 0xFF, 0x00, 0x00, 0x34, 0x75, 0x00, 0x00,
    0x00, 0x00, 0x00, 0x00, 0x00, 0x00, 0x00, 0x00, 0x03, 0x00, 0x00, 0x00, 0x00, 0x44, 0x00, 0x00,
    0x00, 0x00, 0x00, 0x00, 0x00, 0x00, 0x00, 0x00, 0xFF, 0xFF, 0x00, 0x00, 0x32, 0x75, 0x00, 0x00,
    0x00, 0x00, 0x00, 0x00, 0x00, 0x00, 0x00, 0x00, 0x03, 0x00, 0x00, 0x00, 0xEC, 0x43, 0x00, 0x00,
    0x00, 0x00, 0x00, 0x00, 0x00, 0x00, 0x00, 0x00, 0xFF, 0xFF, 0x00, 0x00, 0x36, 0x75, 0x00, 0x00,
    0x00, 0x00, 0x00, 0x00, 0x00, 0x00, 0x00, 0x00, 0x03, 0x00, 0x00, 0x00, 0xD8, 0x43, 0x00, 0x00,
    0x00, 0x00, 0x00, 0x00, 0x00, 0x00, 0x00, 0x00, 0xFF, 0xFF, 0x00, 0x00, 0x3E, 0x75, 0x00, 0x00,
    0x00, 0x00, 0x00, 0x00, 0x00, 0x00, 0x00, 0x00, 0x03, 0x00, 0x00, 0x00, 0xC4, 0x43, 0x00, 0x00,
    0x00, 0x00, 0x00, 0x00, 0x00, 0x00, 0x00, 0x00, 0xFF, 0xFF, 0x00, 0x00, 0x34, 0x75, 0x00, 0x00,
    0x00, 0x00, 0x00, 0x00, 0x00, 0x00, 0x00, 0x00, 0x03, 0x00, 0x00, 0x00, 0xB0, 0x43, 0x00, 0x00,
    0x00, 0x00, 0x00, 0x00, 0x00, 0x00, 0x00, 0x00, 0xFF, 0xFF, 0x00, 0x00, 0x35, 0x75, 0x00, 0x00,
    0x00, 0x00, 0x00, 0x00, 0x00, 0x00, 0x00, 0x00, 0x03, 0x00, 0x00, 0x00, 0x9C, 0x43, 0x00, 0x00,
    0x00, 0x00, 0x00, 0x00, 0x00, 0x00, 0x00, 0x00, 0xFF, 0xFF, 0x00, 0x00, 0x32, 0x75, 0x00, 0x00,
    0x00, 0x00, 0x00, 0x00, 0x00, 0x00, 0x00, 0x00, 0x04, 0x00, 0x00, 0x00, 0x88, 0x43, 0x00, 0x00,
    0x00, 0x00, 0x00, 0x00, 0x00, 0x00, 0x00, 0x00, 0xFF, 0xFF, 0x00, 0x00, 0x34, 0x75, 0x00, 0x00,
    0x00, 0x00, 0x00, 0x00, 0x00, 0x00, 0x00, 0x00, 0x03, 0x00, 0x00, 0x00, 0x78, 0x43, 0x00, 0x00,
    0x00, 0x00, 0x00, 0x00, 0x00, 0x00, 0x00, 0x00, 0xFF, 0xFF, 0x00, 0x00, 0x32, 0x75, 0x00, 0x00,
    0x00, 0x00, 0x00, 0x00, 0x00, 0x00, 0x00, 0x00, 0x03, 0x00, 0x00, 0x00, 0x64, 0x43, 0x00, 0x00,
    0x00, 0x00, 0x00, 0x00, 0x00, 0x00, 0x00, 0x00, 0xFF, 0xFF, 0x00, 0x00, 0x37, 0x75, 0x00, 0x00,
    0x00, 0x00, 0x00, 0x00, 0x00, 0x00, 0x00, 0x00, 0x03, 0x00, 0x00, 0x00, 0x50, 0x43, 0x00, 0x00,
    0x00, 0x00, 0x00, 0x00, 0x00, 0x00, 0x00, 0x00, 0xFF, 0xFF, 0x00, 0x00, 0x38, 0x75, 0x00, 0x00,
    0x00, 0x00, 0x00, 0x00, 0x00, 0x00, 0x00, 0x00, 0x03, 0x00, 0x00, 0x00, 0x3C, 0x43, 0x00, 0x00,
    0x00, 0x00, 0x00, 0x00, 0x00, 0x00, 0x00, 0x00, 0xFF, 0xFF, 0x00, 0x00, 0x34, 0x75, 0x00, 0x00,
    0x00, 0x00, 0x00, 0x00, 0x00, 0x00, 0x00, 0x00, 0x03, 0x00, 0x00, 0x00, 0x28, 0x43, 0x00, 0x00,
    0x00, 0x00, 0x00, 0x00, 0x00, 0x00, 0x00, 0x00, 0xFF, 0xFF, 0x00, 0x00, 0x32, 0x75, 0x00, 0x00,
    0x00, 0x00, 0x00, 0x00, 0x00, 0x00, 0x00, 0x00, 0x03, 0x00, 0x00, 0x00, 0x14, 0x43, 0x00, 0x00,
    0x00, 0x00, 0x00, 0x00, 0x00, 0x00, 0x00, 0x00, 0xFF, 0xFF, 0x00, 0x00, 0x37, 0x75, 0x00, 0x00,
    0x00, 0x00, 0x00, 0x00, 0x00, 0x00, 0x00, 0x00, 0x03, 0x00, 0x00, 0x00, 0x00, 0x43, 0x00, 0x00,
    0x00, 0x00, 0x00, 0x00, 0x00, 0x00, 0x00, 0x00, 0xFF, 0xFF, 0x00, 0x00, 0x38, 0x75, 0x00, 0x00,
    0x00, 0x00, 0x00, 0x00, 0x00, 0x00, 0x00, 0x00, 0x03, 0x00, 0x00, 0x00, 0xEC, 0x42, 0x00, 0x00,
    0x00, 0x00, 0x00, 0x00, 0x00, 0x00, 0x00, 0x00, 0xFF, 0xFF, 0x00, 0x00, 0x34, 0x75, 0x00, 0x00,
    0x00, 0x00, 0x00, 0x00, 0x00, 0x00, 0x00, 0x00, 0x03, 0x00, 0x00, 0x00, 0xD8, 0x42, 0x00, 0x00,
    0x00, 0x00, 0x00, 0x00, 0x00, 0x00, 0x00, 0x00, 0xFF, 0xFF, 0x00, 0x00, 0x32, 0x75, 0x00, 0x00,
    0x00, 0x00, 0x00, 0x00, 0x00, 0x00, 0x00, 0x00, 0x03, 0x00, 0x00, 0x00, 0xC4, 0x42, 0x00, 0x00,
    0x00, 0x00, 0x00, 0x00, 0x00, 0x00, 0x00, 0x00, 0xFF, 0xFF, 0x00, 0x00, 0x37, 0x75, 0x00, 0x00,
    0x00, 0x00, 0x00, 0x00, 0x00, 0x00, 0x00, 0x00, 0x03, 0x00, 0x00, 0x00, 0xB0, 0x42, 0x00, 0x00,
    0x00, 0x00, 0x00, 0x00, 0x00, 0x00, 0x00, 0x00, 0xFF, 0xFF, 0x00, 0x00, 0x38, 0x75, 0x00, 0x00,
    0x00, 0x00, 0x00, 0x00, 0x00, 0x00, 0x00, 0x00, 0x03, 0x00, 0x00, 0x00, 0x9C, 0x42, 0x00, 0x00,
    0x00, 0x00, 0x00, 0x00, 0x00, 0x00, 0x00, 0x00, 0xFF, 0xFF, 0x00, 0x00, 0x34, 0x75, 0x00, 0x00,
    0x00, 0x00, 0x00, 0x00, 0x00, 0x00, 0x00, 0x00, 0x03, 0x00, 0x00, 0x00, 0x88, 0x42, 0x00, 0x00,
    0x00, 0x00, 0x00, 0x00, 0x00, 0x00, 0x00, 0x00, 0xFF, 0xFF, 0x00, 0x00, 0x32, 0x75, 0x00, 0x00,
    0x00, 0x00, 0x00, 0x00, 0x00, 0x00, 0x00, 0x00, 0x03, 0x00, 0x00, 0x00, 0x74, 0x42, 0x00, 0x00,
    0x00, 0x00, 0x00, 0x00, 0x00, 0x00, 0x00, 0x00, 0xFF, 0xFF, 0x00, 0x00, 0x37, 0x75, 0x00, 0x00,
    0x00, 0x00, 0x00, 0x00, 0x00, 0x00, 0x00, 0x00, 0x03, 0x00, 0x00, 0x00, 0x60, 0x42, 0x00, 0x00,
    0x00, 0x00, 0x00, 0x00, 0x00, 0x00, 0x00, 0x00, 0xFF, 0xFF, 0x00, 0x00, 0x38, 0x75, 0x00, 0x00,
    0x00, 0x00, 0x00, 0x00, 0x00, 0x00, 0x00, 0x00, 0x03, 0x00, 0x00, 0x00, 0x4C, 0x42, 0x00, 0x00,
    0x00, 0x00, 0x00, 0x00, 0x00, 0x00, 0x00, 0x00, 0xFF, 0xFF, 0x00, 0x00, 0x3B, 0x75, 0x00, 0x00,
    0x00, 0x00, 0x00, 0x00, 0x00, 0x00, 0x00, 0x00, 0x03, 0x00, 0x00, 0x00, 0x38, 0x42, 0x00, 0x00,
    0x00, 0x00, 0x00, 0x00, 0x00, 0x00, 0x00, 0x00, 0xFF, 0xFF, 0x00, 0x00, 0x32, 0x75, 0x00, 0x00,
    0x00, 0x00, 0x00, 0x00, 0x00, 0x00, 0x00, 0x00, 0x04, 0x00, 0x00, 0x00, 0x24, 0x42, 0x00, 0x00,
    0x00, 0x00, 0x00, 0x00, 0x00, 0x00, 0x00, 0x00, 0xFF, 0xFF, 0x00, 0x00, 0x31, 0x75, 0x00, 0x00,
    0x00, 0x00, 0x00, 0x00, 0x00, 0x00, 0x00, 0x00, 0x03, 0x00, 0x00, 0x00, 0x14, 0x42, 0x00, 0x00,
    0x00, 0x00, 0x00, 0x00, 0x00, 0x00, 0x00, 0x00, 0xFF, 0xFF, 0x00, 0x00, 0x32, 0x75, 0x00, 0x00,
    0x00, 0x00, 0x00, 0x00, 0x00, 0x00, 0x00, 0x00, 0x03, 0x00, 0x00, 0x00, 0x00, 0x42, 0x00, 0x00,
    0x00, 0x00, 0x00, 0x00, 0x00, 0x00, 0x00, 0x00, 0xFF, 0xFF, 0x00, 0x00, 0x32, 0x75, 0x00, 0x00,
    0x00, 0x00, 0x00, 0x00, 0x00, 0x00, 0x00, 0x00, 0x04, 0x00, 0x00, 0x00, 0xEC, 0x41, 0x00, 0x00,
    0x00, 0x00, 0x00, 0x00, 0x00, 0x00, 0x00, 0x00, 0xFF, 0xFF, 0x00, 0x00, 0x32, 0x75, 0x00, 0x00,
    0x00, 0x00, 0x00, 0x00, 0x00, 0x00, 0x00, 0x00, 0x04, 0x00, 0x00, 0x00, 0xDC, 0x41, 0x00, 0x00,
    0x00, 0x00, 0x00, 0x00, 0x00, 0x00, 0x00, 0x00, 0xFF, 0xFF, 0x00, 0x00, 0x35, 0x75, 0x00, 0x00,
    0x00, 0x00, 0x00, 0x00, 0x00, 0x00, 0x00, 0x00, 0x03, 0x00, 0x00, 0x00, 0xCC, 0x41, 0x00, 0x00,
    0x00, 0x00, 0x00, 0x00, 0x00, 0x00, 0x00, 0x00, 0xFF, 0xFF, 0x00, 0x00, 0x32, 0x75, 0x00, 0x00,
    0x00, 0x00, 0x00, 0x00, 0x00, 0x00, 0x00, 0x00, 0x03, 0x00, 0x00, 0x00, 0xB8, 0x41, 0x00, 0x00,
    0x00, 0x00, 0x00, 0x00, 0x00, 0x00, 0x00, 0x00, 0xFF, 0xFF, 0x00, 0x00, 0x35, 0x75, 0x00, 0x00,
    0x00, 0x00, 0x00, 0x00, 0x00, 0x00, 0x00, 0x00, 0x03, 0x00, 0x00, 0x00, 0xA4, 0x41, 0x00, 0x00,
    0x00, 0x00, 0x00, 0x00, 0x00, 0x00, 0x00, 0x00, 0xFF, 0xFF, 0x00, 0x00, 0x32, 0x75, 0x00, 0x00,
    0x00, 0x00, 0x00, 0x00, 0x00, 0x00, 0x00, 0x00, 0x03, 0x00, 0x00, 0x00, 0x90, 0x41, 0x00, 0x00,
    0x00, 0x00, 0x00, 0x00, 0x00, 0x00, 0x00, 0x00, 0xFF, 0xFF, 0x00, 0x00, 0x35, 0x75, 0x00, 0x00,
    0x00, 0x00, 0x00, 0x00, 0x00, 0x00, 0x00, 0x00, 0x03, 0x00, 0x00, 0x00, 0x7C, 0x41, 0x00, 0x00,
    0x00, 0x00, 0x00, 0x00, 0x00, 0x00, 0x00, 0x00, 0xFF, 0xFF, 0x00, 0x00, 0x32, 0x75, 0x00, 0x00,
    0x00, 0x00, 0x00, 0x00, 0x00, 0x00, 0x00, 0x00, 0x04, 0x00, 0x00, 0x00, 0x68, 0x41, 0x00, 0x00,
    0x00, 0x00, 0x00, 0x00, 0x00, 0x00, 0x00, 0x00, 0xFF, 0xFF, 0x00, 0x00, 0x3E, 0x75, 0x00, 0x00,
    0x00, 0x00, 0x00, 0x00, 0x00, 0x00, 0x00, 0x00, 0x03, 0x00, 0x00, 0x00, 0x58, 0x41, 0x00, 0x00,
    0x00, 0x00, 0x00, 0x00, 0x00, 0x00, 0x00, 0x00, 0xFF, 0xFF, 0x00, 0x00, 0x34, 0x75, 0x00, 0x00,
    0x00, 0x00, 0x00, 0x00, 0x00, 0x00, 0x00, 0x00, 0x03, 0x00, 0x00, 0x00, 0x44, 0x41, 0x00, 0x00,
    0x00, 0x00, 0x00, 0x00, 0x00, 0x00, 0x00, 0x00, 0xFF, 0xFF, 0x00, 0x00, 0x34, 0x75, 0x00, 0x00,
    0x00, 0x00, 0x00, 0x00, 0x00, 0x00, 0x00, 0x00, 0x03, 0x00, 0x00, 0x00, 0x30, 0x41, 0x00, 0x00,
    0x00, 0x00, 0x00, 0x00, 0x00, 0x00, 0x00, 0x00, 0xFF, 0xFF, 0x00, 0x00, 0x32, 0x75, 0x00, 0x00,
    0x00, 0x00, 0x00, 0x00, 0x00, 0x00, 0x00, 0x00, 0x03, 0x00, 0x00, 0x00, 0x1C, 0x41, 0x00, 0x00,
    0x00, 0x00, 0x00, 0x00, 0x00, 0x00, 0x00, 0x00, 0xFF, 0xFF, 0x00, 0x00, 0x34, 0x75, 0x00, 0x00,
    0x00, 0x00, 0x00, 0x00, 0x00, 0x00, 0x00, 0x00, 0x03, 0x00, 0x00, 0x00, 0x08, 0x41, 0x00, 0x00,
    0x00, 0x00, 0x00, 0x00, 0x00, 0x00, 0x00, 0x00, 0xFF, 0xFF, 0x00, 0x00, 0x32, 0x75, 0x00, 0x00,
    0x00, 0x00, 0x00, 0x00, 0x00, 0x00, 0x00, 0x00, 0x03, 0x00, 0x00, 0x00, 0xF4, 0x40, 0x00, 0x00,
    0x00, 0x00, 0x00, 0x00, 0x00, 0x00, 0x00, 0x00, 0xFF, 0xFF, 0x00, 0x00, 0x34, 0x75, 0x00, 0x00,
    0x00, 0x00, 0x00, 0x00, 0x00, 0x00, 0x00, 0x00, 0x03, 0x00, 0x00, 0x00, 0xE0, 0x40, 0x00, 0x00,
    0x00, 0x00, 0x00, 0x00, 0x00, 0x00, 0x00, 0x00, 0xFF, 0xFF, 0x00, 0x00, 0x32, 0x75, 0x00, 0x00,
    0x00, 0x00, 0x00, 0x00, 0x00, 0x00, 0x00, 0x00, 0x03, 0x00, 0x00, 0x00, 0xCC, 0x40, 0x00, 0x00,
    0x00, 0x00, 0x00, 0x00, 0x00, 0x00, 0x00, 0x00, 0xFF, 0xFF, 0x00, 0x00, 0x34, 0x75, 0x00, 0x00,
    0x00, 0x00, 0x00, 0x00, 0x00, 0x00, 0x00, 0x00, 0x03, 0x00, 0x00, 0x00, 0xB8, 0x40, 0x00, 0x00,
    0x00, 0x00, 0x00, 0x00, 0x00, 0x00, 0x00, 0x00, 0xFF, 0xFF, 0x00, 0x00, 0x32, 0x75, 0x00, 0x00,
    0x00, 0x00, 0x00, 0x00, 0x00, 0x00, 0x00, 0x00, 0x03, 0x00, 0x00, 0x00, 0xA4, 0x40, 0x00, 0x00,
    0x00, 0x00, 0x00, 0x00, 0x00, 0x00, 0x00, 0x00, 0xFF, 0xFF, 0x00, 0x00, 0x34, 0x75, 0x00, 0x00,
    0x00, 0x00, 0x00, 0x00, 0x00, 0x00, 0x00, 0x00, 0x03, 0x00, 0x00, 0x00, 0x90, 0x40, 0x00, 0x00,
    0x00, 0x00, 0x00, 0x00, 0x00, 0x00, 0x00, 0x00, 0xFF, 0xFF, 0x00, 0x00, 0x32, 0x75, 0x00, 0x00,
    0x00, 0x00, 0x00, 0x00, 0x00, 0x00, 0x00, 0x00, 0x03, 0x00, 0x00, 0x00, 0x7C, 0x40, 0x00, 0x00,
    0x00, 0x00, 0x00, 0x00, 0x00, 0x00, 0x00, 0x00, 0xFF, 0xFF, 0x00, 0x00, 0x34, 0x75, 0x00, 0x00,
    0x00, 0x00, 0x00, 0x00, 0x00, 0x00, 0x00, 0x00, 0x03, 0x00, 0x00, 0x00, 0x68, 0x40, 0x00, 0x00,
    0x00, 0x00, 0x00, 0x00, 0x00, 0x00, 0x00, 0x00, 0xFF, 0xFF, 0x00, 0x00, 0x32, 0x75, 0x00, 0x00,
    0x00, 0x00, 0x00, 0x00, 0x00, 0x00, 0x00, 0x00, 0x03, 0x00, 0x00, 0x00, 0x54, 0x40, 0x00, 0x00,
    0x00, 0x00, 0x00, 0x00, 0x00, 0x00, 0x00, 0x00, 0xFF, 0xFF, 0x00, 0x00, 0x34, 0x75, 0x00, 0x00,
    0x00, 0x00, 0x00, 0x00, 0x00, 0x00, 0x00, 0x00, 0x03, 0x00, 0x00, 0x00, 0x40, 0x40, 0x00, 0x00,
    0x00, 0x00, 0x00, 0x00, 0x00, 0x00, 0x00, 0x00, 0xFF, 0xFF, 0x00, 0x00, 0x32, 0x75, 0x00, 0x00,
    0x00, 0x00, 0x00, 0x00, 0x00, 0x00, 0x00, 0x00, 0x03, 0x00, 0x00, 0x00, 0x2C, 0x40, 0x00, 0x00,
    0x00, 0x00, 0x00, 0x00, 0x00, 0x00, 0x00, 0x00, 0xFF, 0xFF, 0x00, 0x00, 0x34, 0x75, 0x00, 0x00,
    0x00, 0x00, 0x00, 0x00, 0x00, 0x00, 0x00, 0x00, 0x03, 0x00, 0x00, 0x00, 0x18, 0x40, 0x00, 0x00,
    0x00, 0x00, 0x00, 0x00, 0x00, 0x00, 0x00, 0x00, 0xFF, 0xFF, 0x00, 0x00, 0x32, 0x75, 0x00, 0x00,
    0x00, 0x00, 0x00, 0x00, 0x00, 0x00, 0x00, 0x00, 0x03, 0x00, 0x00, 0x00, 0x04, 0x40, 0x00, 0x00,
    0x00, 0x00, 0x00, 0x00, 0x00, 0x00, 0x00, 0x00, 0xFF, 0xFF, 0x00, 0x00, 0x34, 0x75, 0x00, 0x00,
    0x00, 0x00, 0x00, 0x00, 0x00, 0x00, 0x00, 0x00, 0x03, 0x00, 0x00, 0x00, 0xF0, 0x3F, 0x00, 0x00,
    0x00, 0x00, 0x00, 0x00, 0x00, 0x00, 0x00, 0x00, 0xFF, 0xFF, 0x00, 0x00, 0x35, 0x75, 0x00, 0x00,
    0x00, 0x00, 0x00, 0x00, 0x00, 0x00, 0x00, 0x00, 0x03, 0x00, 0x00, 0x00, 0xDC, 0x3F, 0x00, 0x00,
    0x00, 0x00, 0x00, 0x00, 0x00, 0x00, 0x00, 0x00, 0xFF, 0xFF, 0x00, 0x00, 0x32, 0x75, 0x00, 0x00,
    0x00, 0x00, 0x00, 0x00, 0x00, 0x00, 0x00, 0x00, 0x04, 0x00, 0x00, 0x00, 0xC8, 0x3F, 0x00, 0x00,
    0x00, 0x00, 0x00, 0x00, 0x00, 0x00, 0x00, 0x00, 0xFF, 0xFF, 0x00, 0x00, 0x34, 0x75, 0x00, 0x00,
    0x00, 0x00, 0x00, 0x00, 0x00, 0x00, 0x00, 0x00, 0x03, 0x00, 0x00, 0x00, 0xB8, 0x3F, 0x00, 0x00,
    0x00, 0x00, 0x00, 0x00, 0x00, 0x00, 0x00, 0x00, 0xFF, 0xFF, 0x00, 0x00, 0x32, 0x75, 0x00, 0x00,
    0x00, 0x00, 0x00, 0x00, 0x00, 0x00, 0x00, 0x00, 0x03, 0x00, 0x00, 0x00, 0xA4, 0x3F, 0x00, 0x00,
    0x00, 0x00, 0x00, 0x00, 0x00, 0x00, 0x00, 0x00, 0xFF, 0xFF, 0x00, 0x00, 0x37, 0x75, 0x00, 0x00,
    0x00, 0x00, 0x00, 0x00, 0x00, 0x00, 0x00, 0x00, 0x03, 0x00, 0x00, 0x00, 0x90, 0x3F, 0x00, 0x00,
    0x00, 0x00, 0x00, 0x00, 0x00, 0x00, 0x00, 0x00, 0xFF, 0xFF, 0x00, 0x00, 0x38, 0x75, 0x00, 0x00,
    0x00, 0x00, 0x00, 0x00, 0x00, 0x00, 0x00, 0x00, 0x03, 0x00, 0x00, 0x00, 0x7C, 0x3F, 0x00, 0x00,
    0x00, 0x00, 0x00, 0x00, 0x00, 0x00, 0x00, 0x00, 0xFF, 0xFF, 0x00, 0x00, 0x34, 0x75, 0x00, 0x00,
    0x00, 0x00, 0x00, 0x00, 0x00, 0x00, 0x00, 0x00, 0x03, 0x00, 0x00, 0x00, 0x68, 0x3F, 0x00, 0x00,
    0x00, 0x00, 0x00, 0x00, 0x00, 0x00, 0x00, 0x00, 0xFF, 0xFF, 0x00, 0x00, 0x32, 0x75, 0x00, 0x00,
    0x00, 0x00, 0x00, 0x00, 0x00, 0x00, 0x00, 0x00, 0x03, 0x00, 0x00, 0x00, 0x54, 0x3F, 0x00, 0x00,
    0x00, 0x00, 0x00, 0x00, 0x00, 0x00, 0x00, 0x00, 0xFF, 0xFF, 0x00, 0x00, 0x37, 0x75, 0x00, 0x00,
    0x00, 0x00, 0x00, 0x00, 0x00, 0x00, 0x00, 0x00, 0x03, 0x00, 0x00, 0x00, 0x40, 0x3F, 0x00, 0x00,
    0x00, 0x00, 0x00, 0x00, 0x00, 0x00, 0x00, 0x00, 0xFF, 0xFF, 0x00, 0x00, 0x38, 0x75, 0x00, 0x00,
    0x00, 0x00, 0x00, 0x00, 0x00, 0x00, 0x00, 0x00, 0x03, 0x00, 0x00, 0x00, 0x2C, 0x3F, 0x00, 0x00,
    0x00, 0x00, 0x00, 0x00, 0x00, 0x00, 0x00, 0x00, 0xFF, 0xFF, 0x00, 0x00, 0x3B, 0x75, 0x00, 0x00,
    0x00, 0x00, 0x00, 0x00, 0x00, 0x00, 0x00, 0x00, 0x03, 0x00, 0x00, 0x00, 0x18, 0x3F, 0x00, 0x00,
    0x00, 0x00, 0x00, 0x00, 0x00, 0x00, 0x00, 0x00, 0xFF, 0xFF, 0x00, 0x00, 0x32, 0x75, 0x00, 0x00,
    0x00, 0x00, 0x00, 0x00, 0x00, 0x00, 0x00, 0x00, 0x03, 0x00, 0x00, 0x00, 0x04, 0x3F, 0x00, 0x00,
    0x00, 0x00, 0x00, 0x00, 0x00, 0x00, 0x00, 0x00, 0xFF, 0xFF, 0x00, 0x00, 0x31, 0x75, 0x00, 0x00,
    0x00, 0x00, 0x00, 0x00, 0x00, 0x00, 0x00, 0x00, 0x03, 0x00, 0x00, 0x00, 0xF0, 0x3E, 0x00, 0x00,
    0x00, 0x00, 0x00, 0x00, 0x00, 0x00, 0x00, 0x00, 0xFF, 0xFF, 0x00, 0x00, 0x32, 0x75, 0x00, 0x00,
    0x00, 0x00, 0x00, 0x00, 0x00, 0x00, 0x00, 0x00, 0x04, 0x00, 0x00, 0x00, 0xDC, 0x3E, 0x00, 0x00,
    0x00, 0x00, 0x00, 0x00, 0x00, 0x00, 0x00, 0x00, 0xFF, 0xFF, 0x00, 0x00, 0x32, 0x75, 0x00, 0x00,
    0x00, 0x00, 0x00, 0x00, 0x00, 0x00, 0x00, 0x00, 0x04, 0x00, 0x00, 0x00, 0xCC, 0x3E, 0x00, 0x00,
    0x00, 0x00, 0x00, 0x00, 0x00, 0x00, 0x00, 0x00, 0xFF, 0xFF, 0x00, 0x00, 0x32, 0x75, 0x00, 0x00,
    0x00, 0x00, 0x00, 0x00, 0x00, 0x00, 0x00, 0x00, 0x04, 0x00, 0x00, 0x00, 0xBC, 0x3E, 0x00, 0x00,
    0x00, 0x00, 0x00, 0x00, 0x00, 0x00, 0x00, 0x00, 0xFF, 0xFF, 0x00, 0x00, 0x35, 0x75, 0x00, 0x00,
    0x00, 0x00, 0x00, 0x00, 0x00, 0x00, 0x00, 0x00, 0x03, 0x00, 0x00, 0x00, 0xAC, 0x3E, 0x00, 0x00,
    0x00, 0x00, 0x00, 0x00, 0x00, 0x00, 0x00, 0x00, 0xFF, 0xFF, 0x00, 0x00, 0x32, 0x75, 0x00, 0x00,
    0x00, 0x00, 0x00, 0x00, 0x00, 0x00, 0x00, 0x00, 0x03, 0x00, 0x00, 0x00, 0x98, 0x3E, 0x00, 0x00,
    0x00, 0x00, 0x00, 0x00, 0x00, 0x00, 0x00, 0x00, 0xFF, 0xFF, 0x00, 0x00, 0x35, 0x75, 0x00, 0x00,
    0x00, 0x00, 0x00, 0x00, 0x00, 0x00, 0x00, 0x00, 0x03, 0x00, 0x00, 0x00, 0x84, 0x3E, 0x00, 0x00,
    0x00, 0x00, 0x00, 0x00, 0x00, 0x00, 0x00, 0x00, 0xFF, 0xFF, 0x00, 0x00, 0x32, 0x75, 0x00, 0x00,
    0x00, 0x00, 0x00, 0x00, 0x00, 0x00, 0x00, 0x00, 0x04, 0x00, 0x00, 0x00, 0x70, 0x3E, 0x00, 0x00,
    0x00, 0x00, 0x00, 0x00, 0x00, 0x00, 0x00, 0x00, 0xFF, 0xFF, 0x00, 0x00, 0x34, 0x75, 0x00, 0x00,
    0x00, 0x00, 0x00, 0x00, 0x00, 0x00, 0x00, 0x00, 0x03, 0x00, 0x00, 0x00, 0x60, 0x3E, 0x00, 0x00,
    0x00, 0x00, 0x00, 0x00, 0x00, 0x00, 0x00, 0x00, 0xFF, 0xFF, 0x00, 0x00, 0x32, 0x75, 0x00, 0x00,
    0x00, 0x00, 0x00, 0x00, 0x00, 0x00, 0x00, 0x00, 0x03, 0x00, 0x00, 0x00, 0x4C, 0x3E, 0x00, 0x00,
    0x00, 0x00, 0x00, 0x00, 0x00, 0x00, 0x00, 0x00, 0xFF, 0xFF, 0x00, 0x00, 0x40, 0x75, 0x00, 0x00,
    0x00, 0x00, 0x00, 0x00, 0x00, 0x00, 0x00, 0x00, 0x03, 0x00, 0x00, 0x00, 0x38, 0x3E, 0x00, 0x00,
    0x00, 0x00, 0x00, 0x00, 0x00, 0x00, 0x00, 0x00, 0xFF, 0xFF, 0x00, 0x00, 0x35, 0x75, 0x00, 0x00,
    0x00, 0x00, 0x00, 0x00, 0x00, 0x00, 0x00, 0x00, 0x03, 0x00, 0x00, 0x00, 0x24, 0x3E, 0x00, 0x00,
    0x00, 0x00, 0x00, 0x00, 0x00, 0x00, 0x00, 0x00, 0xFF, 0xFF, 0x00, 0x00, 0x32, 0x75, 0x00, 0x00,
    0x00, 0x00, 0x00, 0x00, 0x00, 0x00, 0x00, 0x00, 0x03, 0x00, 0x00, 0x00, 0x10, 0x3E, 0x00, 0x00,
    0x00, 0x00, 0x00, 0x00, 0x00, 0x00, 0x00, 0x00, 0xFF, 0xFF, 0x00, 0x00, 0x34, 0x75, 0x00, 0x00,
    0x00, 0x00, 0x00, 0x00, 0x00, 0x00, 0x00, 0x00, 0x03, 0x00, 0x00, 0x00, 0xFC, 0x3D, 0x00, 0x00,
    0x00, 0x00, 0x00, 0x00, 0x00, 0x00, 0x00, 0x00, 0xFF, 0xFF, 0x00, 0x00, 0x32, 0x75, 0x00, 0x00,
    0x00, 0x00, 0x00, 0x00, 0x00, 0x00, 0x00, 0x00, 0x03, 0x00, 0x00, 0x00, 0xE8, 0x3D, 0x00, 0x00,
    0x00, 0x00, 0x00, 0x00, 0x00, 0x00, 0x00, 0x00, 0xFF, 0xFF, 0x00, 0x00, 0x40, 0x75, 0x00, 0x00,
    0x00, 0x00, 0x00, 0x00, 0x00, 0x00, 0x00, 0x00, 0x03, 0x00, 0x00, 0x00, 0xD4, 0x3D, 0x00, 0x00,
    0x00, 0x00, 0x00, 0x00, 0x00, 0x00, 0x00, 0x00, 0xFF, 0xFF, 0x00, 0x00, 0x34, 0x75, 0x00, 0x00,
    0x00, 0x00, 0x00, 0x00, 0x00, 0x00, 0x00, 0x00, 0x03, 0x00, 0x00, 0x00, 0xC0, 0x3D, 0x00, 0x00,
    0x00, 0x00, 0x00, 0x00, 0x00, 0x00, 0x00, 0x00, 0xFF, 0xFF, 0x00, 0x00, 0x34, 0x75, 0x00, 0x00,
    0x00, 0x00, 0x00, 0x00, 0x00, 0x00, 0x00, 0x00, 0x03, 0x00, 0x00, 0x00, 0xAC, 0x3D, 0x00, 0x00,
    0x00, 0x00, 0x00, 0x00, 0x00, 0x00, 0x00, 0x00, 0xFF, 0xFF, 0x00, 0x00, 0x32, 0x75, 0x00, 0x00,
    0x00, 0x00, 0x00, 0x00, 0x00, 0x00, 0x00, 0x00, 0x03, 0x00, 0x00, 0x00, 0x98, 0x3D, 0x00, 0x00,
    0x00, 0x00, 0x00, 0x00, 0x00, 0x00, 0x00, 0x00, 0xFF, 0xFF, 0x00, 0x00, 0x32, 0x75, 0x00, 0x00,
    0x00, 0x00, 0x00, 0x00, 0x00, 0x00, 0x00, 0x00, 0x03, 0x00, 0x00, 0x00, 0x84, 0x3D, 0x00, 0x00,
    0x00, 0x00, 0x00, 0x00, 0x00, 0x00, 0x00, 0x00, 0xFF, 0xFF, 0x00, 0x00, 0x32, 0x75, 0x00, 0x00,
    0x00, 0x00, 0x00, 0x00, 0x00, 0x00, 0x00, 0x00, 0x03, 0x00, 0x00, 0x00, 0x70, 0x3D, 0x00, 0x00,
    0x00, 0x00, 0x00, 0x00, 0x00, 0x00, 0x00, 0x00, 0xFF, 0xFF, 0x00, 0x00, 0x32, 0x75, 0x00, 0x00,
    0x00, 0x00, 0x00, 0x00, 0x00, 0x00, 0x00, 0x00, 0x03, 0x00, 0x00, 0x00, 0x5C, 0x3D, 0x00, 0x00,
    0x00, 0x00, 0x00, 0x00, 0x00, 0x00, 0x00, 0x00, 0xFF, 0xFF, 0x00, 0x00, 0x32, 0x75, 0x00, 0x00,
    0x00, 0x00, 0x00, 0x00, 0x00, 0x00, 0x00, 0x00, 0x03, 0x00, 0x00, 0x00, 0x48, 0x3D, 0x00, 0x00,
    0x00, 0x00, 0x00, 0x00, 0x00, 0x00, 0x00, 0x00, 0xFF, 0xFF, 0x00, 0x00, 0x32, 0x75, 0x00, 0x00,
    0x00, 0x00, 0x00, 0x00, 0x00, 0x00, 0x00, 0x00, 0x03, 0x00, 0x00, 0x00, 0x34, 0x3D, 0x00, 0x00,
    0x00, 0x00, 0x00, 0x00, 0x00, 0x00, 0x00, 0x00, 0xFF, 0xFF, 0x00, 0x00, 0x32, 0x75, 0x00, 0x00,
    0x00, 0x00, 0x00, 0x00, 0x00, 0x00, 0x00, 0x00, 0x03, 0x00, 0x00, 0x00, 0x20, 0x3D, 0x00, 0x00,
    0x00, 0x00, 0x00, 0x00, 0x00, 0x00, 0x00, 0x00, 0xFF, 0xFF, 0x00, 0x00, 0x34, 0x75, 0x00, 0x00,
    0x00, 0x00, 0x00, 0x00, 0x00, 0x00, 0x00, 0x00, 0x03, 0x00, 0x00, 0x00, 0x0C, 0x3D, 0x00, 0x00,
    0x00, 0x00, 0x00, 0x00, 0x00, 0x00, 0x00, 0x00, 0xFF, 0xFF, 0x00, 0x00, 0x35, 0x75, 0x00, 0x00,
    0x00, 0x00, 0x00, 0x00, 0x00, 0x00, 0x00, 0x00, 0x03, 0x00, 0x00, 0x00, 0xF8, 0x3C, 0x00, 0x00,
    0x00, 0x00, 0x00, 0x00, 0x00, 0x00, 0x00, 0x00, 0xFF, 0xFF, 0x00, 0x00, 0x32, 0x75, 0x00, 0x00,
    0x00, 0x00, 0x00, 0x00, 0x00, 0x00, 0x00, 0x00, 0x04, 0x00, 0x00, 0x00, 0xE4, 0x3C, 0x00, 0x00,
    0x00, 0x00, 0x00, 0x00, 0x00, 0x00, 0x00, 0x00, 0xFF, 0xFF, 0x00, 0x00, 0x35, 0x75, 0x00, 0x00,
    0x00, 0x00, 0x00, 0x00, 0x00, 0x00, 0x00, 0x00, 0x03, 0x00, 0x00, 0x00, 0xD4, 0x3C, 0x00, 0x00,
    0x00, 0x00, 0x00, 0x00, 0x00, 0x00, 0x00, 0x00, 0xFF, 0xFF, 0x00, 0x00, 0x32, 0x75, 0x00, 0x00,
    0x00, 0x00, 0x00, 0x00, 0x00, 0x00, 0x00, 0x00, 0x03, 0x00, 0x00, 0x00, 0xC0, 0x3C, 0x00, 0x00,
    0x00, 0x00, 0x00, 0x00, 0x00, 0x00, 0x00, 0x00, 0xFF, 0xFF, 0x00, 0x00, 0x35, 0x75, 0x00, 0x00,
    0x00, 0x00, 0x00, 0x00, 0x00, 0x00, 0x00, 0x00, 0x03, 0x00, 0x00, 0x00, 0xAC, 0x3C, 0x00, 0x00,
    0x00, 0x00, 0x00, 0x00, 0x00, 0x00, 0x00, 0x00, 0xFF, 0xFF, 0x00, 0x00, 0x32, 0x75, 0x00, 0x00,
    0x00, 0x00, 0x00, 0x00, 0x00, 0x00, 0x00, 0x00, 0x04, 0x00, 0x00, 0x00, 0x98, 0x3C, 0x00, 0x00,
    0x00, 0x00, 0x00, 0x00, 0x00, 0x00, 0x00, 0x00, 0xFF, 0xFF, 0x00, 0x00, 0x34, 0x75, 0x00, 0x00,
    0x00, 0x00, 0x00, 0x00, 0x00, 0x00, 0x00, 0x00, 0x03, 0x00, 0x00, 0x00, 0x88, 0x3C, 0x00, 0x00,
    0x00, 0x00, 0x00, 0x00, 0x00, 0x00, 0x00, 0x00, 0xFF, 0xFF, 0x00, 0x00, 0x39, 0x75, 0x00, 0x00,
    0x00, 0x00, 0x00, 0x00, 0x00, 0x00, 0x00, 0x00, 0x03, 0x00, 0x00, 0x00, 0x74, 0x3C, 0x00, 0x00,
    0x00, 0x00, 0x00, 0x00, 0x00, 0x00, 0x00, 0x00, 0xFF, 0xFF, 0x00, 0x00, 0x32, 0x75, 0x00, 0x00,
    0x00, 0x00, 0x00, 0x00, 0x00, 0x00, 0x00, 0x00, 0x03, 0x00, 0x00, 0x00, 0x60, 0x3C, 0x00, 0x00,
    0x00, 0x00, 0x00, 0x00, 0x00, 0x00, 0x00, 0x00, 0xFF, 0xFF, 0x00, 0x00, 0x32, 0x75, 0x00, 0x00,
    0x00, 0x00, 0x00, 0x00, 0x00, 0x00, 0x00, 0x00, 0x03, 0x00, 0x00, 0x00, 0x4C, 0x3C, 0x00, 0x00,
    0x00, 0x00, 0x00, 0x00, 0x00, 0x00, 0x00, 0x00, 0xFF, 0xFF, 0x00, 0x00, 0x34, 0x75, 0x00, 0x00,
    0x00, 0x00, 0x00, 0x00, 0x00, 0x00, 0x00, 0x00, 0x03, 0x00, 0x00, 0x00, 0x38, 0x3C, 0x00, 0x00,
    0x00, 0x00, 0x00, 0x00, 0x00, 0x00, 0x00, 0x00, 0xFF, 0xFF, 0x00, 0x00, 0x35, 0x75, 0x00, 0x00,
    0x00, 0x00, 0x00, 0x00, 0x00, 0x00, 0x00, 0x00, 0x03, 0x00, 0x00, 0x00, 0x24, 0x3C, 0x00, 0x00,
    0x00, 0x00, 0x00, 0x00, 0x00, 0x00, 0x00, 0x00, 0xFF, 0xFF, 0x00, 0x00, 0x32, 0x75, 0x00, 0x00,
    0x00, 0x00, 0x00, 0x00, 0x00, 0x00, 0x00, 0x00, 0x04, 0x00, 0x00, 0x00, 0x10, 0x3C, 0x00, 0x00,
    0x00, 0x00, 0x00, 0x00, 0x00, 0x00, 0x00, 0x00, 0xFF, 0xFF, 0x00, 0x00, 0x34, 0x75, 0x00, 0x00,
    0x00, 0x00, 0x00, 0x00, 0x00, 0x00, 0x00, 0x00, 0x03, 0x00, 0x00, 0x00, 0x00, 0x3C, 0x00, 0x00,
    0x00, 0x00, 0x00, 0x00, 0x00, 0x00, 0x00, 0x00, 0xFF, 0xFF, 0x00, 0x00, 0x32, 0x75, 0x00, 0x00,
    0x00, 0x00, 0x00, 0x00, 0x00, 0x00, 0x00, 0x00, 0x03, 0x00, 0x00, 0x00, 0xEC, 0x3B, 0x00, 0x00,
    0x00, 0x00, 0x00, 0x00, 0x00, 0x00, 0x00, 0x00, 0xFF, 0xFF, 0x00, 0x00, 0x37, 0x75, 0x00, 0x00,
    0x00, 0x00, 0x00, 0x00, 0x00, 0x00, 0x00, 0x00, 0x03, 0x00, 0x00, 0x00, 0xD8, 0x3B, 0x00, 0x00,
    0x00, 0x00, 0x00, 0x00, 0x00, 0x00, 0x00, 0x00, 0xFF, 0xFF, 0x00, 0x00, 0x38, 0x75, 0x00, 0x00,
    0x00, 0x00, 0x00, 0x00, 0x00, 0x00, 0x00, 0x00, 0x03, 0x00, 0x00, 0x00, 0xC4, 0x3B, 0x00, 0x00,
    0x00, 0x00, 0x00, 0x00, 0x00, 0x00, 0x00, 0x00, 0xFF, 0xFF, 0x00, 0x00, 0x3B, 0x75, 0x00, 0x00,
    0x00, 0x00, 0x00, 0x00, 0x00, 0x00, 0x00, 0x00, 0x03, 0x00, 0x00, 0x00, 0xB0, 0x3B, 0x00, 0x00,
    0x00, 0x00, 0x00, 0x00, 0x00, 0x00, 0x00, 0x00, 0xFF, 0xFF, 0x00, 0x00, 0x41, 0x75, 0x00, 0x00,
    0x00, 0x00, 0x00, 0x00, 0x00, 0x00, 0x00, 0x00, 0x03, 0x00, 0x00, 0x00, 0x9C, 0x3B, 0x00, 0x00,
    0x00, 0x00, 0x00, 0x00, 0x00, 0x00, 0x00, 0x00, 0xFF, 0xFF, 0x00, 0x00, 0x31, 0x75, 0x00, 0x00,
    0x00, 0x00, 0x00, 0x00, 0x00, 0x00, 0x00, 0x00, 0x03, 0x00, 0x00, 0x00, 0x88, 0x3B, 0x00, 0x00,
    0x00, 0x00, 0x00, 0x00, 0x00, 0x00, 0x00, 0x00, 0xFF, 0xFF, 0x00, 0x00, 0x41, 0x75, 0x00, 0x00,
    0x00, 0x00, 0x00, 0x00, 0x00, 0x00, 0x00, 0x00, 0x03, 0x00, 0x00, 0x00, 0x74, 0x3B, 0x00, 0x00,
    0x00, 0x00, 0x00, 0x00, 0x00, 0x00, 0x00, 0x00, 0xFF, 0xFF, 0x00, 0x00, 0x41, 0x75, 0x00, 0x00,
    0x00, 0x00, 0x00, 0x00, 0x00, 0x00, 0x00, 0x00, 0x03, 0x00, 0x00, 0x00, 0x60, 0x3B, 0x00, 0x00,
    0x00, 0x00, 0x00, 0x00, 0x00, 0x00, 0x00, 0x00, 0xFF, 0xFF, 0x00, 0x00, 0x41, 0x75, 0x00, 0x00,
    0x00, 0x00, 0x00, 0x00, 0x00, 0x00, 0x00, 0x00, 0x03, 0x00, 0x00, 0x00, 0x4C, 0x3B, 0x00, 0x00,
    0x00, 0x00, 0x00, 0x00, 0x00, 0x00, 0x00, 0x00, 0xFF, 0xFF, 0x00, 0x00, 0x32, 0x75, 0x00, 0x00,
    0x00, 0x00, 0x00, 0x00, 0x00, 0x00, 0x00, 0x00, 0x03, 0x00, 0x00, 0x00, 0x38, 0x3B, 0x00, 0x00,
    0x00, 0x00, 0x00, 0x00, 0x00, 0x00, 0x00, 0x00, 0xFF, 0xFF, 0x00, 0x00, 0x32, 0x75, 0x00, 0x00,
    0x00, 0x00, 0x00, 0x00, 0x00, 0x00, 0x00, 0x00, 0x04, 0x00, 0x00, 0x00, 0x24, 0x3B, 0x00, 0x00,
    0x00, 0x00, 0x00, 0x00, 0x00, 0x00, 0x00, 0x00, 0xFF, 0xFF, 0x00, 0x00, 0x32, 0x75, 0x00, 0x00,
    0x00, 0x00, 0x00, 0x00, 0x00, 0x00, 0x00, 0x00, 0x04, 0x00, 0x00, 0x00, 0x14, 0x3B, 0x00, 0x00,
    0x00, 0x00, 0x00, 0x00, 0x00, 0x00, 0x00, 0x00, 0xFF, 0xFF, 0x00, 0x00, 0x32, 0x75, 0x00, 0x00,
    0x00, 0x00, 0x00, 0x00, 0x00, 0x00, 0x00, 0x00, 0x04, 0x00, 0x00, 0x00, 0x04, 0x3B, 0x00, 0x00,
    0x00, 0x00, 0x00, 0x00, 0x00, 0x00, 0x00, 0x00, 0xFF, 0xFF, 0x00, 0x00, 0x35, 0x75, 0x00, 0x00,
    0x00, 0x00, 0x00, 0x00, 0x00, 0x00, 0x00, 0x00, 0x03, 0x00, 0x00, 0x00, 0xF4, 0x3A, 0x00, 0x00,
    0x00, 0x00, 0x00, 0x00, 0x00, 0x00, 0x00, 0x00, 0xFF, 0xFF, 0x00, 0x00, 0x32, 0x75, 0x00, 0x00,
    0x00, 0x00, 0x00, 0x00, 0x00, 0x00, 0x00, 0x00, 0x03, 0x00, 0x00, 0x00, 0xE0, 0x3A, 0x00, 0x00,
    0x00, 0x00, 0x00, 0x00, 0x00, 0x00, 0x00, 0x00, 0xFF, 0xFF, 0x00, 0x00, 0x35, 0x75, 0x00, 0x00,
    0x00, 0x00, 0x00, 0x00, 0x00, 0x00, 0x00, 0x00, 0x03, 0x00, 0x00, 0x00, 0xCC, 0x3A, 0x00, 0x00,
    0x00, 0x00, 0x00, 0x00, 0x00, 0x00, 0x00, 0x00, 0xFF, 0xFF, 0x00, 0x00, 0x32, 0x75, 0x00, 0x00,
    0x00, 0x00, 0x00, 0x00, 0x00, 0x00, 0x00, 0x00, 0x03, 0x00, 0x00, 0x00, 0xB8, 0x3A, 0x00, 0x00,
    0x00, 0x00, 0x00, 0x00, 0x00, 0x00, 0x00, 0x00, 0xFF, 0xFF, 0x00, 0x00, 0x35, 0x75, 0x00, 0x00,
    0x00, 0x00, 0x00, 0x00, 0x00, 0x00, 0x00, 0x00, 0x03, 0x00, 0x00, 0x00, 0xA4, 0x3A, 0x00, 0x00,
    0x00, 0x00, 0x00, 0x00, 0x00, 0x00, 0x00, 0x00, 0xFF, 0xFF, 0x00, 0x00, 0x32, 0x75, 0x00, 0x00,
    0x00, 0x00, 0x00, 0x00, 0x00, 0x00, 0x00, 0x00, 0x04, 0x00, 0x00, 0x00, 0x90, 0x3A, 0x00, 0x00,
    0x00, 0x00, 0x00, 0x00, 0x00, 0x00, 0x00, 0x00, 0xFF, 0xFF, 0x00, 0x00, 0x3B, 0x75, 0x00, 0x00,
    0x00, 0x00, 0x00, 0x00, 0x00, 0x00, 0x00, 0x00, 0x03, 0x00, 0x00, 0x00, 0x80, 0x3A, 0x00, 0x00,
    0x00, 0x00, 0x00, 0x00, 0x00, 0x00, 0x00, 0x00, 0xFF, 0xFF, 0x00, 0x00, 0x3B, 0x75, 0x00, 0x00,
    0x00, 0x00, 0x00, 0x00, 0x00, 0x00, 0x00, 0x00, 0x03, 0x00, 0x00, 0x00, 0x6C, 0x3A, 0x00, 0x00,
    0x00, 0x00, 0x00, 0x00, 0x00, 0x00, 0x00, 0x00, 0xFF, 0xFF, 0x00, 0x00, 0x3B, 0x75, 0x00, 0x00,
    0x00, 0x00, 0x00, 0x00, 0x00, 0x00, 0x00, 0x00, 0x03, 0x00, 0x00, 0x00, 0x58, 0x3A, 0x00, 0x00,
    0x00, 0x00, 0x00, 0x00, 0x00, 0x00, 0x00, 0x00, 0xFF, 0xFF, 0x00, 0x00, 0x34, 0x75, 0x00, 0x00,
    0x00, 0x00, 0x00, 0x00, 0x00, 0x00, 0x00, 0x00, 0x03, 0x00, 0x00, 0x00, 0x44, 0x3A, 0x00, 0x00,
    0x00, 0x00, 0x00, 0x00, 0x00, 0x00, 0x00, 0x00, 0xFF, 0xFF, 0x00, 0x00, 0x35, 0x75, 0x00, 0x00,
    0x00, 0x00, 0x00, 0x00, 0x00, 0x00, 0x00, 0x00, 0x03, 0x00, 0x00, 0x00, 0x30, 0x3A, 0x00, 0x00,
    0x00, 0x00, 0x00, 0x00, 0x00, 0x00, 0x00, 0x00, 0xFF, 0xFF, 0x00, 0x00, 0x32, 0x75, 0x00, 0x00,
    0x00, 0x00, 0x00, 0x00, 0x00, 0x00, 0x00, 0x00, 0x04, 0x00, 0x00, 0x00, 0x1C, 0x3A, 0x00, 0x00,
    0x00, 0x00, 0x00, 0x00, 0x00, 0x00, 0x00, 0x00, 0xFF, 0xFF, 0x00, 0x00, 0x34, 0x75, 0x00, 0x00,
    0x00, 0x00, 0x00, 0x00, 0x00, 0x00, 0x00, 0x00, 0x03, 0x00, 0x00, 0x00, 0x0C, 0x3A, 0x00, 0x00,
    0x00, 0x00, 0x00, 0x00, 0x00, 0x00, 0x00, 0x00, 0xFF, 0xFF, 0x00, 0x00, 0x32, 0x75, 0x00, 0x00,
    0x00, 0x00, 0x00, 0x00, 0x00, 0x00, 0x00, 0x00, 0x03, 0x00, 0x00, 0x00, 0xF8, 0x39, 0x00, 0x00,
    0x00, 0x00, 0x00, 0x00, 0x00, 0x00, 0x00, 0x00, 0xFF, 0xFF, 0x00, 0x00, 0x37, 0x75, 0x00, 0x00,
    0x00, 0x00, 0x00, 0x00, 0x00, 0x00, 0x00, 0x00, 0x03, 0x00, 0x00, 0x00, 0xE4, 0x39, 0x00, 0x00,
    0x00, 0x00, 0x00, 0x00, 0x00, 0x00, 0x00, 0x00, 0xFF, 0xFF, 0x00, 0x00, 0x38, 0x75, 0x00, 0x00,
    0x00, 0x00, 0x00, 0x00, 0x00, 0x00, 0x00, 0x00, 0x03, 0x00, 0x00, 0x00, 0xD0, 0x39, 0x00, 0x00,
    0x00, 0x00, 0x00, 0x00, 0x00, 0x00, 0x00, 0x00, 0xFF, 0xFF, 0x00, 0x00, 0x34, 0x75, 0x00, 0x00,
    0x00, 0x00, 0x00, 0x00, 0x00, 0x00, 0x00, 0x00, 0x03, 0x00, 0x00, 0x00, 0xBC, 0x39, 0x00, 0x00,
    0x00, 0x00, 0x00, 0x00, 0x00, 0x00, 0x00, 0x00, 0xFF, 0xFF, 0x00, 0x00, 0x32, 0x75, 0x00, 0x00,
    0x00, 0x00, 0x00, 0x00, 0x00, 0x00, 0x00, 0x00, 0x03, 0x00, 0x00, 0x00, 0xA8, 0x39, 0x00, 0x00,
    0x00, 0x00, 0x00, 0x00, 0x00, 0x00, 0x00, 0x00, 0xFF, 0xFF, 0x00, 0x00, 0x37, 0x75, 0x00, 0x00,
    0x00, 0x00, 0x00, 0x00, 0x00, 0x00, 0x00, 0x00, 0x03, 0x00, 0x00, 0x00, 0x94, 0x39, 0x00, 0x00,
    0x00, 0x00, 0x00, 0x00, 0x00, 0x00, 0x00, 0x00, 0xFF, 0xFF, 0x00, 0x00, 0x38, 0x75, 0x00, 0x00,
    0x00, 0x00, 0x00, 0x00, 0x00, 0x00, 0x00, 0x00, 0x03, 0x00, 0x00, 0x00, 0x80, 0x39, 0x00, 0x00,
    0x00, 0x00, 0x00, 0x00, 0x00, 0x00, 0x00, 0x00, 0xFF, 0xFF, 0x00, 0x00, 0x3B, 0x75, 0x00, 0x00,
    0x00, 0x00, 0x00, 0x00, 0x00, 0x00, 0x00, 0x00, 0x03, 0x00, 0x00, 0x00, 0x6C, 0x39, 0x00, 0x00,
    0x00, 0x00, 0x00, 0x00, 0x00, 0x00, 0x00, 0x00, 0xFF, 0xFF, 0x00, 0x00, 0x32, 0x75, 0x00, 0x00,
    0x00, 0x00, 0x00, 0x00, 0x00, 0x00, 0x00, 0x00, 0x03, 0x00, 0x00, 0x00, 0x58, 0x39, 0x00, 0x00,
    0x00, 0x00, 0x00, 0x00, 0x00, 0x00, 0x00, 0x00, 0xFF, 0xFF, 0x00, 0x00, 0x31, 0x75, 0x00, 0x00,
    0x00, 0x00, 0x00, 0x00, 0x00, 0x00, 0x00, 0x00, 0x03, 0x00, 0x00, 0x00, 0x44, 0x39, 0x00, 0x00,
    0x00, 0x00, 0x00, 0x00, 0x00, 0x00, 0x00, 0x00, 0xFF, 0xFF, 0x00, 0x00, 0x32, 0x75, 0x00, 0x00,
    0x00, 0x00, 0x00, 0x00, 0x00, 0x00, 0x00, 0x00, 0x04, 0x00, 0x00, 0x00, 0x30, 0x39, 0x00, 0x00,
    0x00, 0x00, 0x00, 0x00, 0x00, 0x00, 0x00, 0x00, 0xFF, 0xFF, 0x00, 0x00, 0x32, 0x75, 0x00, 0x00,
    0x00, 0x00, 0x00, 0x00, 0x00, 0x00, 0x00, 0x00, 0x04, 0x00, 0x00, 0x00, 0x20, 0x39, 0x00, 0x00,
    0x00, 0x00, 0x00, 0x00, 0x00, 0x00, 0x00, 0x00, 0xFF, 0xFF, 0x00, 0x00, 0x32, 0x75, 0x00, 0x00,
    0x00, 0x00, 0x00, 0x00, 0x00, 0x00, 0x00, 0x00, 0x04, 0x00, 0x00, 0x00, 0x10, 0x39, 0x00, 0x00,
    0x00, 0x00, 0x00, 0x00, 0x00, 0x00, 0x00, 0x00, 0xFF, 0xFF, 0x00, 0x00, 0x35, 0x75, 0x00, 0x00,
    0x00, 0x00, 0x00, 0x00, 0x00, 0x00, 0x00, 0x00, 0x03, 0x00, 0x00, 0x00, 0x00, 0x39, 0x00, 0x00,
    0x00, 0x00, 0x00, 0x00, 0x00, 0x00, 0x00, 0x00, 0xFF, 0xFF, 0x00, 0x00, 0x32, 0x75, 0x00, 0x00,
    0x00, 0x00, 0x00, 0x00, 0x00, 0x00, 0x00, 0x00, 0x03, 0x00, 0x00, 0x00, 0xEC, 0x38, 0x00, 0x00,
    0x00, 0x00, 0x00, 0x00, 0x00, 0x00, 0x00, 0x00, 0xFF, 0xFF, 0x00, 0x00, 0x35, 0x75, 0x00, 0x00,
    0x00, 0x00, 0x00, 0x00, 0x00, 0x00, 0x00, 0x00, 0x03, 0x00, 0x00, 0x00, 0xD8, 0x38, 0x00, 0x00,
    0x00, 0x00, 0x00, 0x00, 0x00, 0x00, 0x00, 0x00, 0xFF, 0xFF, 0x00, 0x00, 0x32, 0x75, 0x00, 0x00,
    0x00, 0x00, 0x00, 0x00, 0x00, 0x00, 0x00, 0x00, 0x04, 0x00, 0x00, 0x00, 0xC4, 0x38, 0x00, 0x00,
    0x00, 0x00, 0x00, 0x00, 0x00, 0x00, 0x00, 0x00, 0xFF, 0xFF, 0x00, 0x00, 0x34, 0x75, 0x00, 0x00,
    0x00, 0x00, 0x00, 0x00, 0x00, 0x00, 0x00, 0x00, 0x03, 0x00, 0x00, 0x00, 0xB4, 0x38, 0x00, 0x00,
    0x00, 0x00, 0x00, 0x00, 0x00, 0x00, 0x00, 0x00, 0xFF, 0xFF, 0x00, 0x00, 0x35, 0x75, 0x00, 0x00,
    0x00, 0x00, 0x00, 0x00, 0x00, 0x00, 0x00, 0x00, 0x03, 0x00, 0x00, 0x00, 0xA0, 0x38, 0x00, 0x00,
    0x00, 0x00, 0x00, 0x00, 0x00, 0x00, 0x00, 0x00, 0xFF, 0xFF, 0x00, 0x00, 0x32, 0x75, 0x00, 0x00,
    0x00, 0x00, 0x00, 0x00, 0x00, 0x00, 0x00, 0x00, 0x03, 0x00, 0x00, 0x00, 0x8C, 0x38, 0x00, 0x00,
    0x00, 0x00, 0x00, 0x00, 0x00, 0x00, 0x00, 0x00, 0xFF, 0xFF, 0x00, 0x00, 0x32, 0x75, 0x00, 0x00,
    0x00, 0x00, 0x00, 0x00, 0x00, 0x00, 0x00, 0x00, 0x03, 0x00, 0x00, 0x00, 0x78, 0x38, 0x00, 0x00,
    0x00, 0x00, 0x00, 0x00, 0x00, 0x00, 0x00, 0x00, 0xFF, 0xFF, 0x00, 0x00, 0x32, 0x75, 0x00, 0x00,
    0x00, 0x00, 0x00, 0x00, 0x00, 0x00, 0x00, 0x00, 0x03, 0x00, 0x00, 0x00, 0x64, 0x38, 0x00, 0x00,
    0x00, 0x00, 0x00, 0x00, 0x00, 0x00, 0x00, 0x00, 0xFF, 0xFF, 0x00, 0x00, 0x35, 0x75, 0x00, 0x00,
    0x00, 0x00, 0x00, 0x00, 0x00, 0x00, 0x00, 0x00, 0x03, 0x00, 0x00, 0x00, 0x50, 0x38, 0x00, 0x00,
    0x00, 0x00, 0x00, 0x00, 0x00, 0x00, 0x00, 0x00, 0xFF, 0xFF, 0x00, 0x00, 0x32, 0x75, 0x00, 0x00,
    0x00, 0x00, 0x00, 0x00, 0x00, 0x00, 0x00, 0x00, 0x03, 0x00, 0x00, 0x00, 0x3C, 0x38, 0x00, 0x00,
    0x00, 0x00, 0x00, 0x00, 0x00, 0x00, 0x00, 0x00, 0xFF, 0xFF, 0x00, 0x00, 0x34, 0x75, 0x00, 0x00,
    0x00, 0x00, 0x00, 0x00, 0x00, 0x00, 0x00, 0x00, 0x03, 0x00, 0x00, 0x00, 0x28, 0x38, 0x00, 0x00,
    0x00, 0x00, 0x00, 0x00, 0x00, 0x00, 0x00, 0x00, 0xFF, 0xFF, 0x00, 0x00, 0x3B, 0x75, 0x00, 0x00,
    0x00, 0x00, 0x00, 0x00, 0x00, 0x00, 0x00, 0x00, 0x03, 0x00, 0x00, 0x00, 0x14, 0x38, 0x00, 0x00,
    0x00, 0x00, 0x00, 0x00, 0x00, 0x00, 0x00, 0x00, 0xFF, 0xFF, 0x00, 0x00, 0x3B, 0x75, 0x00, 0x00,
    0x00, 0x00, 0x00, 0x00, 0x00, 0x00, 0x00, 0x00, 0x03, 0x00, 0x00, 0x00, 0x00, 0x38, 0x00, 0x00,
    0x00, 0x00, 0x00, 0x00, 0x00, 0x00, 0x00, 0x00, 0xFF, 0xFF, 0x00, 0x00, 0x3B, 0x75, 0x00, 0x00,
    0x00, 0x00, 0x00, 0x00, 0x00, 0x00, 0x00, 0x00, 0x03, 0x00, 0x00, 0x00, 0xEC, 0x37, 0x00, 0x00,
    0x00, 0x00, 0x00, 0x00, 0x00, 0x00, 0x00, 0x00, 0xFF, 0xFF, 0x00, 0x00, 0x3B, 0x75, 0x00, 0x00,
    0x00, 0x00, 0x00, 0x00, 0x00, 0x00, 0x00, 0x00, 0x03, 0x00, 0x00, 0x00, 0xD8, 0x37, 0x00, 0x00,
    0x00, 0x00, 0x00, 0x00, 0x00, 0x00, 0x00, 0x00, 0xFF, 0xFF, 0x00, 0x00, 0x3B, 0x75, 0x00, 0x00,
    0x00, 0x00, 0x00, 0x00, 0x00, 0x00, 0x00, 0x00, 0x03, 0x00, 0x00, 0x00, 0xC4, 0x37, 0x00, 0x00,
    0x00, 0x00, 0x00, 0x00, 0x00, 0x00, 0x00, 0x00, 0xFF, 0xFF, 0x00, 0x00, 0x3B, 0x75, 0x00, 0x00,
    0x00, 0x00, 0x00, 0x00, 0x00, 0x00, 0x00, 0x00, 0x03, 0x00, 0x00, 0x00, 0xB0, 0x37, 0x00, 0x00,
    0x00, 0x00, 0x00, 0x00, 0x00, 0x00, 0x00, 0x00, 0xFF, 0xFF, 0x00, 0x00, 0x3B, 0x75, 0x00, 0x00,
    0x00, 0x00, 0x00, 0x00, 0x00, 0x00, 0x00, 0x00, 0x03, 0x00, 0x00, 0x00, 0x9C, 0x37, 0x00, 0x00,
    0x00, 0x00, 0x00, 0x00, 0x00, 0x00, 0x00, 0x00, 0xFF, 0xFF, 0x00, 0x00, 0x3B, 0x75, 0x00, 0x00,
    0x00, 0x00, 0x00, 0x00, 0x00, 0x00, 0x00, 0x00, 0x03, 0x00, 0x00, 0x00, 0x88, 0x37, 0x00, 0x00,
    0x00, 0x00, 0x00, 0x00, 0x00, 0x00, 0x00, 0x00, 0xFF, 0xFF, 0x00, 0x00, 0x3B, 0x75, 0x00, 0x00,
    0x00, 0x00, 0x00, 0x00, 0x00, 0x00, 0x00, 0x00, 0x03, 0x00, 0x00, 0x00, 0x74, 0x37, 0x00, 0x00,
    0x00, 0x00, 0x00, 0x00, 0x00, 0x00, 0x00, 0x00, 0xFF, 0xFF, 0x00, 0x00, 0x3B, 0x75, 0x00, 0x00,
    0x00, 0x00, 0x00, 0x00, 0x00, 0x00, 0x00, 0x00, 0x03, 0x00, 0x00, 0x00, 0x60, 0x37, 0x00, 0x00,
    0x00, 0x00, 0x00, 0x00, 0x00, 0x00, 0x00, 0x00, 0xFF, 0xFF, 0x00, 0x00, 0x3B, 0x75, 0x00, 0x00,
    0x00, 0x00, 0x00, 0x00, 0x00, 0x00, 0x00, 0x00, 0x03, 0x00, 0x00, 0x00, 0x4C, 0x37, 0x00, 0x00,
    0x00, 0x00, 0x00, 0x00, 0x00, 0x00, 0x00, 0x00, 0xFF, 0xFF, 0x00, 0x00, 0x3B, 0x75, 0x00, 0x00,
    0x00, 0x00, 0x00, 0x00, 0x00, 0x00, 0x00, 0x00, 0x03, 0x00, 0x00, 0x00, 0x38, 0x37, 0x00, 0x00,
    0x00, 0x00, 0x00, 0x00, 0x00, 0x00, 0x00, 0x00, 0xFF, 0xFF, 0x00, 0x00, 0x3B, 0x75, 0x00, 0x00,
    0x00, 0x00, 0x00, 0x00, 0x00, 0x00, 0x00, 0x00, 0x03, 0x00, 0x00, 0x00, 0x24, 0x37, 0x00, 0x00,
    0x00, 0x00, 0x00, 0x00, 0x00, 0x00, 0x00, 0x00, 0xFF, 0xFF, 0x00, 0x00, 0x3B, 0x75, 0x00, 0x00,
    0x00, 0x00, 0x00, 0x00, 0x00, 0x00, 0x00, 0x00, 0x03, 0x00, 0x00, 0x00, 0x10, 0x37, 0x00, 0x00,
    0x00, 0x00, 0x00, 0x00, 0x00, 0x00, 0x00, 0x00, 0xFF, 0xFF, 0x00, 0x00, 0x3B, 0x75, 0x00, 0x00,
    0x00, 0x00, 0x00, 0x00, 0x00, 0x00, 0x00, 0x00, 0x03, 0x00, 0x00, 0x00, 0xFC, 0x36, 0x00, 0x00,
    0x00, 0x00, 0x00, 0x00, 0x00, 0x00, 0x00, 0x00, 0xFF, 0xFF, 0x00, 0x00, 0x3B, 0x75, 0x00, 0x00,
    0x00, 0x00, 0x00, 0x00, 0x00, 0x00, 0x00, 0x00, 0x03, 0x00, 0x00, 0x00, 0xE8, 0x36, 0x00, 0x00,
    0x00, 0x00, 0x00, 0x00, 0x00, 0x00, 0x00, 0x00, 0xFF, 0xFF, 0x00, 0x00, 0x32, 0x75, 0x00, 0x00,
    0x00, 0x00, 0x00, 0x00, 0x00, 0x00, 0x00, 0x00, 0x03, 0x00, 0x00, 0x00, 0xD4, 0x36, 0x00, 0x00,
    0x00, 0x00, 0x00, 0x00, 0x00, 0x00, 0x00, 0x00, 0xFF, 0xFF, 0x00, 0x00, 0x37, 0x75, 0x00, 0x00,
    0x00, 0x00, 0x00, 0x00, 0x00, 0x00, 0x00, 0x00, 0x03, 0x00, 0x00, 0x00, 0xC0, 0x36, 0x00, 0x00,
    0x00, 0x00, 0x00, 0x00, 0x00, 0x00, 0x00, 0x00, 0xFF, 0xFF, 0x00, 0x00, 0x38, 0x75, 0x00, 0x00,
    0x00, 0x00, 0x00, 0x00, 0x00, 0x00, 0x00, 0x00, 0x03, 0x00, 0x00, 0x00, 0xAC, 0x36, 0x00, 0x00,
    0x00, 0x00, 0x00, 0x00, 0x00, 0x00, 0x00, 0x00, 0xFF, 0xFF, 0x00, 0x00, 0x32, 0x75, 0x00, 0x00,
    0x00, 0x00, 0x00, 0x00, 0x00, 0x00, 0x00, 0x00, 0x03, 0x00, 0x00, 0x00, 0x98, 0x36, 0x00, 0x00,
    0x00, 0x00, 0x00, 0x00, 0x00, 0x00, 0x00, 0x00, 0xFF, 0xFF, 0x00, 0x00, 0x37, 0x75, 0x00, 0x00,
    0x00, 0x00, 0x00, 0x00, 0x00, 0x00, 0x00, 0x00, 0x03, 0x00, 0x00, 0x00, 0x84, 0x36, 0x00, 0x00,
    0x00, 0x00, 0x00, 0x00, 0x00, 0x00, 0x00, 0x00, 0xFF, 0xFF, 0x00, 0x00, 0x38, 0x75, 0x00, 0x00,
    0x00, 0x00, 0x00, 0x00, 0x00, 0x00, 0x00, 0x00, 0x03, 0x00, 0x00, 0x00, 0x70, 0x36, 0x00, 0x00,
    0x00, 0x00, 0x00, 0x00, 0x00, 0x00, 0x00, 0x00, 0xFF, 0xFF, 0x00, 0x00, 0x35, 0x75, 0x00, 0x00,
    0x00, 0x00, 0x00, 0x00, 0x00, 0x00, 0x00, 0x00, 0x03, 0x00, 0x00, 0x00, 0x5C, 0x36, 0x00, 0x00,
    0x00, 0x00, 0x00, 0x00, 0x00, 0x00, 0x00, 0x00, 0xFF, 0xFF, 0x00, 0x00, 0x32, 0x75, 0x00, 0x00,
    0x00, 0x00, 0x00, 0x00, 0x00, 0x00, 0x00, 0x00, 0x03, 0x00, 0x00, 0x00, 0x48, 0x36, 0x00, 0x00,
    0x00, 0x00, 0x00, 0x00, 0x00, 0x00, 0x00, 0x00, 0xFF, 0xFF, 0x00, 0x00, 0x39, 0x75, 0x00, 0x00,
    0x00, 0x00, 0x00, 0x00, 0x00, 0x00, 0x00, 0x00, 0x03, 0x00, 0x00, 0x00, 0x34, 0x36, 0x00, 0x00,
    0x00, 0x00, 0x00, 0x00, 0x00, 0x00, 0x00, 0x00, 0xFF, 0xFF, 0x00, 0x00, 0x35, 0x75, 0x00, 0x00,
    0x00, 0x00, 0x00, 0x00, 0x00, 0x00, 0x00, 0x00, 0x03, 0x00, 0x00, 0x00, 0x20, 0x36, 0x00, 0x00,
    0x00, 0x00, 0x00, 0x00, 0x00, 0x00, 0x00, 0x00, 0xFF, 0xFF, 0x00, 0x00, 0x32, 0x75, 0x00, 0x00,
    0x00, 0x00, 0x00, 0x00, 0x00, 0x00, 0x00, 0x00, 0x03, 0x00, 0x00, 0x00, 0x0C, 0x36, 0x00, 0x00,
    0x00, 0x00, 0x00, 0x00, 0x00, 0x00, 0x00, 0x00, 0xFF, 0xFF, 0x00, 0x00, 0x34, 0x75, 0x00, 0x00,
    0x00, 0x00, 0x00, 0x00, 0x00, 0x00, 0x00, 0x00, 0x03, 0x00, 0x00, 0x00, 0xF8, 0x35, 0x00, 0x00,
    0x00, 0x00, 0x00, 0x00, 0x00, 0x00, 0x00, 0x00, 0xFF, 0xFF, 0x00, 0x00, 0x35, 0x75, 0x00, 0x00,
    0x00, 0x00, 0x00, 0x00, 0x00, 0x00, 0x00, 0x00, 0x03, 0x00, 0x00, 0x00, 0xE4, 0x35, 0x00, 0x00,
    0x00, 0x00, 0x00, 0x00, 0x00, 0x00, 0x00, 0x00, 0xFF, 0xFF, 0x00, 0x00, 0x32, 0x75, 0x00, 0x00,
    0x00, 0x00, 0x00, 0x00, 0x00, 0x00, 0x00, 0x00, 0x04, 0x00, 0x00, 0x00, 0xD0, 0x35, 0x00, 0x00,
    0x00, 0x00, 0x00, 0x00, 0x00, 0x00, 0x00, 0x00, 0xFF, 0xFF, 0x00, 0x00, 0x34, 0x75, 0x00, 0x00,
    0x00, 0x00, 0x00, 0x00, 0x00, 0x00, 0x00, 0x00, 0x03, 0x00, 0x00, 0x00, 0xC0, 0x35, 0x00, 0x00,
    0x00, 0x00, 0x00, 0x00, 0x00, 0x00, 0x00, 0x00, 0xFF, 0xFF, 0x00, 0x00, 0x32, 0x75, 0x00, 0x00,
    0x00, 0x00, 0x00, 0x00, 0x00, 0x00, 0x00, 0x00, 0x03, 0x00, 0x00, 0x00, 0xAC, 0x35, 0x00, 0x00,
    0x00, 0x00, 0x00, 0x00, 0x00, 0x00, 0x00, 0x00, 0xFF, 0xFF, 0x00, 0x00, 0x37, 0x75, 0x00, 0x00,
    0x00, 0x00, 0x00, 0x00, 0x00, 0x00, 0x00, 0x00, 0x03, 0x00, 0x00, 0x00, 0x98, 0x35, 0x00, 0x00,
    0x00, 0x00, 0x00, 0x00, 0x00, 0x00, 0x00, 0x00, 0xFF, 0xFF, 0x00, 0x00, 0x38, 0x75, 0x00, 0x00,
    0x00, 0x00, 0x00, 0x00, 0x00, 0x00, 0x00, 0x00, 0x03, 0x00, 0x00, 0x00, 0x84, 0x35, 0x00, 0x00,
    0x00, 0x00, 0x00, 0x00, 0x00, 0x00, 0x00, 0x00, 0xFF, 0xFF, 0x00, 0x00, 0x3B, 0x75, 0x00, 0x00,
    0x00, 0x00, 0x00, 0x00, 0x00, 0x00, 0x00, 0x00, 0x03, 0x00, 0x00, 0x00, 0x70, 0x35, 0x00, 0x00,
    0x00, 0x00, 0x00, 0x00, 0x00, 0x00, 0x00, 0x00, 0xFF, 0xFF, 0x00, 0x00, 0x32, 0x75, 0x00, 0x00,
    0x00, 0x00, 0x00, 0x00, 0x00, 0x00, 0x00, 0x00, 0x03, 0x00, 0x00, 0x00, 0x5C, 0x35, 0x00, 0x00,
    0x00, 0x00, 0x00, 0x00, 0x00, 0x00, 0x00, 0x00, 0xFF, 0xFF, 0x00, 0x00, 0x31, 0x75, 0x00, 0x00,
    0x00, 0x00, 0x00, 0x00, 0x00, 0x00, 0x00, 0x00, 0x03, 0x00, 0x00, 0x00, 0x48, 0x35, 0x00, 0x00,
    0x00, 0x00, 0x00, 0x00, 0x00, 0x00, 0x00, 0x00, 0xFF, 0xFF, 0x00, 0x00, 0x35, 0x75, 0x00, 0x00,
    0x00, 0x00, 0x00, 0x00, 0x00, 0x00, 0x00, 0x00, 0x03, 0x00, 0x00, 0x00, 0x34, 0x35, 0x00, 0x00,
    0x00, 0x00, 0x00, 0x00, 0x00, 0x00, 0x00, 0x00, 0xFF, 0xFF, 0x00, 0x00, 0x32, 0x75, 0x00, 0x00,
    0x00, 0x00, 0x00, 0x00, 0x00, 0x00, 0x00, 0x00, 0x04, 0x00, 0x00, 0x00, 0x20, 0x35, 0x00, 0x00,
    0x00, 0x00, 0x00, 0x00, 0x00, 0x00, 0x00, 0x00, 0xFF, 0xFF, 0x00, 0x00, 0x32, 0x75, 0x00, 0x00,
    0x00, 0x00, 0x00, 0x00, 0x00, 0x00, 0x00, 0x00, 0x04, 0x00, 0x00, 0x00, 0x10, 0x35, 0x00, 0x00,
    0x00, 0x00, 0x00, 0x00, 0x00, 0x00, 0x00, 0x00, 0xFF, 0xFF, 0x00, 0x00, 0x32, 0x75, 0x00, 0x00,
    0x00, 0x00, 0x00, 0x00, 0x00, 0x00, 0x00, 0x00, 0x04, 0x00, 0x00, 0x00, 0x00, 0x35, 0x00, 0x00,
    0x00, 0x00, 0x00, 0x00, 0x00, 0x00, 0x00, 0x00, 0xFF, 0xFF, 0x00, 0x00, 0x32, 0x75, 0x00, 0x00,
    0x00, 0x00, 0x00, 0x00, 0x00, 0x00, 0x00, 0x00, 0x04, 0x00, 0x00, 0x00, 0xF0, 0x34, 0x00, 0x00,
    0x00, 0x00, 0x00, 0x00, 0x00, 0x00, 0x00, 0x00, 0xFF, 0xFF, 0x00, 0x00, 0x34, 0x75, 0x00, 0x00,
    0x00, 0x00, 0x00, 0x00, 0x00, 0x00, 0x00, 0x00, 0x03, 0x00, 0x00, 0x00, 0xE0, 0x34, 0x00, 0x00,
    0x00, 0x00, 0x00, 0x00, 0x00, 0x00, 0x00, 0x00, 0xFF, 0xFF, 0x00, 0x00, 0x34, 0x75, 0x00, 0x00,
    0x00, 0x00, 0x00, 0x00, 0x00, 0x00, 0x00, 0x00, 0x03, 0x00, 0x00, 0x00, 0xCC, 0x34, 0x00, 0x00,
    0x00, 0x00, 0x00, 0x00, 0x00, 0x00, 0x00, 0x00, 0xFF, 0xFF, 0x00, 0x00, 0x32, 0x75, 0x00, 0x00,
    0x00, 0x00, 0x00, 0x00, 0x00, 0x00, 0x00, 0x00, 0x03, 0x00, 0x00, 0x00, 0xB8, 0x34, 0x00, 0x00,
    0x00, 0x00, 0x00, 0x00, 0x00, 0x00, 0x00, 0x00, 0xFF, 0xFF, 0x00, 0x00, 0x32, 0x75, 0x00, 0x00,
    0x00, 0x00, 0x00, 0x00, 0x00, 0x00, 0x00, 0x00, 0x03, 0x00, 0x00, 0x00, 0xA4, 0x34, 0x00, 0x00,
    0x00, 0x00, 0x00, 0x00, 0x00, 0x00, 0x00, 0x00, 0xFF, 0xFF, 0x00, 0x00, 0x34, 0x75, 0x00, 0x00,
    0x00, 0x00, 0x00, 0x00, 0x00, 0x00, 0x00, 0x00, 0x03, 0x00, 0x00, 0x00, 0x90, 0x34, 0x00, 0x00,
    0x00, 0x00, 0x00, 0x00, 0x00, 0x00, 0x00, 0x00, 0xFF, 0xFF, 0x00, 0x00, 0x32, 0x75, 0x00, 0x00,
    0x00, 0x00, 0x00, 0x00, 0x00, 0x00, 0x00, 0x00, 0x03, 0x00, 0x00, 0x00, 0x7C, 0x34, 0x00, 0x00,
    0x00, 0x00, 0x00, 0x00, 0x00, 0x00, 0x00, 0x00, 0xFF, 0xFF, 0x00, 0x00, 0x32, 0x75, 0x00, 0x00,
    0x00, 0x00, 0x00, 0x00, 0x00, 0x00, 0x00, 0x00, 0x03, 0x00, 0x00, 0x00, 0x68, 0x34, 0x00, 0x00,
    0x00, 0x00, 0x00, 0x00, 0x00, 0x00, 0x00, 0x00, 0xFF, 0xFF, 0x00, 0x00, 0x35, 0x75, 0x00, 0x00,
    0x00, 0x00, 0x00, 0x00, 0x00, 0x00, 0x00, 0x00, 0x03, 0x00, 0x00, 0x00, 0x54, 0x34, 0x00, 0x00,
    0x00, 0x00, 0x00, 0x00, 0x00, 0x00, 0x00, 0x00, 0xFF, 0xFF, 0x00, 0x00, 0x32, 0x75, 0x00, 0x00,
    0x00, 0x00, 0x00, 0x00, 0x00, 0x00, 0x00, 0x00, 0x04, 0x00, 0x00, 0x00, 0x40, 0x34, 0x00, 0x00,
    0x00, 0x00, 0x00, 0x00, 0x00, 0x00, 0x00, 0x00, 0xFF, 0xFF, 0x00, 0x00, 0x35, 0x75, 0x00, 0x00,
    0x00, 0x00, 0x00, 0x00, 0x00, 0x00, 0x00, 0x00, 0x03, 0x00, 0x00, 0x00, 0x30, 0x34, 0x00, 0x00,
    0x00, 0x00, 0x00, 0x00, 0x00, 0x00, 0x00, 0x00, 0xFF, 0xFF, 0x00, 0x00, 0x32, 0x75, 0x00, 0x00,
    0x00, 0x00, 0x00, 0x00, 0x00, 0x00, 0x00, 0x00, 0x03, 0x00, 0x00, 0x00, 0x1C, 0x34, 0x00, 0x00,
    0x00, 0x00, 0x00, 0x00, 0x00, 0x00, 0x00, 0x00, 0xFF, 0xFF, 0x00, 0x00, 0x34, 0x75, 0x00, 0x00,
    0x00, 0x00, 0x00, 0x00, 0x00, 0x00, 0x00, 0x00, 0x03, 0x00, 0x00, 0x00, 0x08, 0x34, 0x00, 0x00,
    0x00, 0x00, 0x00, 0x00, 0x00, 0x00, 0x00, 0x00, 0xFF, 0xFF, 0x00, 0x00, 0x35, 0x75, 0x00, 0x00,
    0x00, 0x00, 0x00, 0x00, 0x00, 0x00, 0x00, 0x00, 0x03, 0x00, 0x00, 0x00, 0xF4, 0x33, 0x00, 0x00,
    0x00, 0x00, 0x00, 0x00, 0x00, 0x00, 0x00, 0x00, 0xFF, 0xFF, 0x00, 0x00, 0x32, 0x75, 0x00, 0x00,
    0x00, 0x00, 0x00, 0x00, 0x00, 0x00, 0x00, 0x00, 0x04, 0x00, 0x00, 0x00, 0xE0, 0x33, 0x00, 0x00,
    0x00, 0x00, 0x00, 0x00, 0x00, 0x00, 0x00, 0x00, 0xFF, 0xFF, 0x00, 0x00, 0x34, 0x75, 0x00, 0x00,
    0x00, 0x00, 0x00, 0x00, 0x00, 0x00, 0x00, 0x00, 0x03, 0x00, 0x00, 0x00, 0xD0, 0x33, 0x00, 0x00,
    0x00, 0x00, 0x00, 0x00, 0x00, 0x00, 0x00, 0x00, 0xFF, 0xFF, 0x00, 0x00, 0x32, 0x75, 0x00, 0x00,
    0x00, 0x00, 0x00, 0x00, 0x00, 0x00, 0x00, 0x00, 0x03, 0x00, 0x00, 0x00, 0xBC, 0x33, 0x00, 0x00,
    0x00, 0x00, 0x00, 0x00, 0x00, 0x00, 0x00, 0x00, 0xFF, 0xFF, 0x00, 0x00, 0x3A, 0x75, 0x00, 0x00,
    0x00, 0x00, 0x00, 0x00, 0x00, 0x00, 0x00, 0x00, 0x03, 0x00, 0x00, 0x00, 0xA8, 0x33, 0x00, 0x00,
    0x00, 0x00, 0x00, 0x00, 0x00, 0x00, 0x00, 0x00, 0xFF, 0xFF, 0x00, 0x00, 0x34, 0x75, 0x00, 0x00,
    0x00, 0x00, 0x00, 0x00, 0x00, 0x00, 0x00, 0x00, 0x03, 0x00, 0x00, 0x00, 0x94, 0x33, 0x00, 0x00,
    0x00, 0x00, 0x00, 0x00, 0x00, 0x00, 0x00, 0x00, 0xFF, 0xFF, 0x00, 0x00, 0x32, 0x75, 0x00, 0x00,
    0x00, 0x00, 0x00, 0x00, 0x00, 0x00, 0x00, 0x00, 0x03, 0x00, 0x00, 0x00, 0x80, 0x33, 0x00, 0x00,
    0x00, 0x00, 0x00, 0x00, 0x00, 0x00, 0x00, 0x00, 0xFF, 0xFF, 0x00, 0x00, 0x3A, 0x75, 0x00, 0x00,
    0x00, 0x00, 0x00, 0x00, 0x00, 0x00, 0x00, 0x00, 0x03, 0x00, 0x00, 0x00, 0x6C, 0x33, 0x00, 0x00,
    0x00, 0x00, 0x00, 0x00, 0x00, 0x00, 0x00, 0x00, 0xFF, 0xFF, 0x00, 0x00, 0x34, 0x75, 0x00, 0x00,
    0x00, 0x00, 0x00, 0x00, 0x00, 0x00, 0x00, 0x00, 0x03, 0x00, 0x00, 0x00, 0x58, 0x33, 0x00, 0x00,
    0x00, 0x00, 0x00, 0x00, 0x00, 0x00, 0x00, 0x00, 0xFF, 0xFF, 0x00, 0x00, 0x32, 0x75, 0x00, 0x00,
    0x00, 0x00, 0x00, 0x00, 0x00, 0x00, 0x00, 0x00, 0x03, 0x00, 0x00, 0x00, 0x44, 0x33, 0x00, 0x00,
    0x00, 0x00, 0x00, 0x00, 0x00, 0x00, 0x00, 0x00, 0xFF, 0xFF, 0x00, 0x00, 0x35, 0x75, 0x00, 0x00,
    0x00, 0x00, 0x00, 0x00, 0x00, 0x00, 0x00, 0x00, 0x03, 0x00, 0x00, 0x00, 0x30, 0x33, 0x00, 0x00,
    0x00, 0x00, 0x00, 0x00, 0x00, 0x00, 0x00, 0x00, 0xFF, 0xFF, 0x00, 0x00, 0x32, 0x75, 0x00, 0x00,
    0x00, 0x00, 0x00, 0x00, 0x00, 0x00, 0x00, 0x00, 0x03, 0x00, 0x00, 0x00, 0x1C, 0x33, 0x00, 0x00,
    0x00, 0x00, 0x00, 0x00, 0x00, 0x00, 0x00, 0x00, 0xFF, 0xFF, 0x00, 0x00, 0x32, 0x75, 0x00, 0x00,
    0x00, 0x00, 0x00, 0x00, 0x00, 0x00, 0x00, 0x00, 0x03, 0x00, 0x00, 0x00, 0x08, 0x33, 0x00, 0x00,
    0x00, 0x00, 0x00, 0x00, 0x00, 0x00, 0x00, 0x00, 0xFF, 0xFF, 0x00, 0x00, 0x31, 0x75, 0x00, 0x00,
    0x00, 0x00, 0x00, 0x00, 0x00, 0x00, 0x00, 0x00, 0x03, 0x00, 0x00, 0x00, 0xF4, 0x32, 0x00, 0x00,
    0x00, 0x00, 0x00, 0x00, 0x00, 0x00, 0x00, 0x00, 0xFF, 0xFF, 0x00, 0x00, 0x32, 0x75, 0x00, 0x00,
    0x00, 0x00, 0x00, 0x00, 0x00, 0x00, 0x00, 0x00, 0x04, 0x00, 0x00, 0x00, 0xE0, 0x32, 0x00, 0x00,
    0x00, 0x00, 0x00, 0x00, 0x00, 0x00, 0x00, 0x00, 0xFF, 0xFF, 0x00, 0x00, 0x32, 0x75, 0x00, 0x00,
    0x00, 0x00, 0x00, 0x00, 0x00, 0x00, 0x00, 0x00, 0x04, 0x00, 0x00, 0x00, 0xD0, 0x32, 0x00, 0x00,
    0x00, 0x00, 0x00, 0x00, 0x00, 0x00, 0x00, 0x00, 0xFF, 0xFF, 0x00, 0x00, 0x32, 0x75, 0x00, 0x00,
    0x00, 0x00, 0x00, 0x00, 0x00, 0x00, 0x00, 0x00, 0x04, 0x00, 0x00, 0x00, 0xC0, 0x32, 0x00, 0x00,
    0x00, 0x00, 0x00, 0x00, 0x00, 0x00, 0x00, 0x00, 0xFF, 0xFF, 0x00, 0x00, 0x35, 0x75, 0x00, 0x00,
    0x00, 0x00, 0x00, 0x00, 0x00, 0x00, 0x00, 0x00, 0x03, 0x00, 0x00, 0x00, 0xB0, 0x32, 0x00, 0x00,
    0x00, 0x00, 0x00, 0x00, 0x00, 0x00, 0x00, 0x00, 0xFF, 0xFF, 0x00, 0x00, 0x32, 0x75, 0x00, 0x00,
    0x00, 0x00, 0x00, 0x00, 0x00, 0x00, 0x00, 0x00, 0x03, 0x00, 0x00, 0x00, 0x9C, 0x32, 0x00, 0x00,
    0x00, 0x00, 0x00, 0x00, 0x00, 0x00, 0x00, 0x00, 0xFF, 0xFF, 0x00, 0x00, 0x35, 0x75, 0x00, 0x00,
    0x00, 0x00, 0x00, 0x00, 0x00, 0x00, 0x00, 0x00, 0x03, 0x00, 0x00, 0x00, 0x88, 0x32, 0x00, 0x00,
    0x00, 0x00, 0x00, 0x00, 0x00, 0x00, 0x00, 0x00, 0xFF, 0xFF, 0x00, 0x00, 0x32, 0x75, 0x00, 0x00,
    0x00, 0x00, 0x00, 0x00, 0x00, 0x00, 0x00, 0x00, 0x04, 0x00, 0x00, 0x00, 0x74, 0x32, 0x00, 0x00,
    0x00, 0x00, 0x00, 0x00, 0x00, 0x00, 0x00, 0x00, 0xFF, 0xFF, 0x00, 0x00, 0x34, 0x75, 0x00, 0x00,
    0x00, 0x00, 0x00, 0x00, 0x00, 0x00, 0x00, 0x00, 0x03, 0x00, 0x00, 0x00, 0x64, 0x32, 0x00, 0x00,
    0x00, 0x00, 0x00, 0x00, 0x00, 0x00, 0x00, 0x00, 0xFF, 0xFF, 0x00, 0x00, 0x34, 0x75, 0x00, 0x00,
    0x00, 0x00, 0x00, 0x00, 0x00, 0x00, 0x00, 0x00, 0x03, 0x00, 0x00, 0x00, 0x50, 0x32, 0x00, 0x00,
    0x00, 0x00, 0x00, 0x00, 0x00, 0x00, 0x00, 0x00, 0xFF, 0xFF, 0x00, 0x00, 0x32, 0x75, 0x00, 0x00,
    0x00, 0x00, 0x00, 0x00, 0x00, 0x00, 0x00, 0x00, 0x03, 0x00, 0x00, 0x00, 0x3C, 0x32, 0x00, 0x00,
    0x00, 0x00, 0x00, 0x00, 0x00, 0x00, 0x00, 0x00, 0xFF, 0xFF, 0x00, 0x00, 0x32, 0x75, 0x00, 0x00,
    0x00, 0x00, 0x00, 0x00, 0x00, 0x00, 0x00, 0x00, 0x03, 0x00, 0x00, 0x00, 0x28, 0x32, 0x00, 0x00,
    0x00, 0x00, 0x00, 0x00, 0x00, 0x00, 0x00, 0x00, 0xFF, 0xFF, 0x00, 0x00, 0x32, 0x75, 0x00, 0x00,
    0x00, 0x00, 0x00, 0x00, 0x00, 0x00, 0x00, 0x00, 0x03, 0x00, 0x00, 0x00, 0x14, 0x32, 0x00, 0x00,
    0x00, 0x00, 0x00, 0x00, 0x00, 0x00, 0x00, 0x00, 0xFF, 0xFF, 0x00, 0x00, 0x32, 0x75, 0x00, 0x00,
    0x00, 0x00, 0x00, 0x00, 0x00, 0x00, 0x00, 0x00, 0x03, 0x00, 0x00, 0x00, 0x00, 0x32, 0x00, 0x00,
    0x00, 0x00, 0x00, 0x00, 0x00, 0x00, 0x00, 0x00, 0xFF, 0xFF, 0x00, 0x00, 0x32, 0x75, 0x00, 0x00,
    0x00, 0x00, 0x00, 0x00, 0x00, 0x00, 0x00, 0x00, 0x03, 0x00, 0x00, 0x00, 0xEC, 0x31, 0x00, 0x00,
    0x00, 0x00, 0x00, 0x00, 0x00, 0x00, 0x00, 0x00, 0xFF, 0xFF, 0x00, 0x00, 0x34, 0x75, 0x00, 0x00,
    0x00, 0x00, 0x00, 0x00, 0x00, 0x00, 0x00, 0x00, 0x03, 0x00, 0x00, 0x00, 0xD8, 0x31, 0x00, 0x00,
    0x00, 0x00, 0x00, 0x00, 0x00, 0x00, 0x00, 0x00, 0xFF, 0xFF, 0x00, 0x00, 0x34, 0x75, 0x00, 0x00,
    0x00, 0x00, 0x00, 0x00, 0x00, 0x00, 0x00, 0x00, 0x03, 0x00, 0x00, 0x00, 0xC4, 0x31, 0x00, 0x00,
    0x00, 0x00, 0x00, 0x00, 0x00, 0x00, 0x00, 0x00, 0xFF, 0xFF, 0x00, 0x00, 0x34, 0x75, 0x00, 0x00,
    0x00, 0x00, 0x00, 0x00, 0x00, 0x00, 0x00, 0x00, 0x03, 0x00, 0x00, 0x00, 0xB0, 0x31, 0x00, 0x00,
    0x00, 0x00, 0x00, 0x00, 0x00, 0x00, 0x00, 0x00, 0xFF, 0xFF, 0x00, 0x00, 0x32, 0x75, 0x00, 0x00,
    0x00, 0x00, 0x00, 0x00, 0x00, 0x00, 0x00, 0x00, 0x03, 0x00, 0x00, 0x00, 0x9C, 0x31, 0x00, 0x00,
    0x00, 0x00, 0x00, 0x00, 0x00, 0x00, 0x00, 0x00, 0xFF, 0xFF, 0x00, 0x00, 0x32, 0x75, 0x00, 0x00,
    0x00, 0x00, 0x00, 0x00, 0x00, 0x00, 0x00, 0x00, 0x03, 0x00, 0x00, 0x00, 0x88, 0x31, 0x00, 0x00,
    0x00, 0x00, 0x00, 0x00, 0x00, 0x00, 0x00, 0x00, 0xFF, 0xFF, 0x00, 0x00, 0x34, 0x75, 0x00, 0x00,
    0x00, 0x00, 0x00, 0x00, 0x00, 0x00, 0x00, 0x00, 0x03, 0x00, 0x00, 0x00, 0x74, 0x31, 0x00, 0x00,
    0x00, 0x00, 0x00, 0x00, 0x00, 0x00, 0x00, 0x00, 0xFF, 0xFF, 0x00, 0x00, 0x32, 0x75, 0x00, 0x00,
    0x00, 0x00, 0x00, 0x00, 0x00, 0x00, 0x00, 0x00, 0x04, 0x00, 0x00, 0x00, 0x60, 0x31, 0x00, 0x00,
    0x00, 0x00, 0x00, 0x00, 0x00, 0x00, 0x00, 0x00, 0xFF, 0xFF, 0x00, 0x00, 0x32, 0x75, 0x00, 0x00,
    0x00, 0x00, 0x00, 0x00, 0x00, 0x00, 0x00, 0x00, 0x03, 0x00, 0x00, 0x00, 0x50, 0x31, 0x00, 0x00,
    0x00, 0x00, 0x00, 0x00, 0x00, 0x00, 0x00, 0x00, 0xFF, 0xFF, 0x00, 0x00, 0x34, 0x75, 0x00, 0x00,
    0x00, 0x00, 0x00, 0x00, 0x00, 0x00, 0x00, 0x00, 0x03, 0x00, 0x00, 0x00, 0x3C, 0x31, 0x00, 0x00,
    0x00, 0x00, 0x00, 0x00, 0x00, 0x00, 0x00, 0x00, 0xFF, 0xFF, 0x00, 0x00, 0x32, 0x75, 0x00, 0x00,
    0x00, 0x00, 0x00, 0x00, 0x00, 0x00, 0x00, 0x00, 0x03, 0x00, 0x00, 0x00, 0x28, 0x31, 0x00, 0x00,
    0x00, 0x00, 0x00, 0x00, 0x00, 0x00, 0x00, 0x00, 0xFF, 0xFF, 0x00, 0x00, 0x32, 0x75, 0x00, 0x00,
    0x00, 0x00, 0x00, 0x00, 0x00, 0x00, 0x00, 0x00, 0x03, 0x00, 0x00, 0x00, 0x14, 0x31, 0x00, 0x00,
    0x00, 0x00, 0x00, 0x00, 0x00, 0x00, 0x00, 0x00, 0xFF, 0xFF, 0x00, 0x00, 0x34, 0x75, 0x00, 0x00,
    0x00, 0x00, 0x00, 0x00, 0x00, 0x00, 0x00, 0x00, 0x03, 0x00, 0x00, 0x00, 0x00, 0x31, 0x00, 0x00,
    0x00, 0x00, 0x00, 0x00, 0x00, 0x00, 0x00, 0x00, 0xFF, 0xFF, 0x00, 0x00, 0x32, 0x75, 0x00, 0x00,
    0x00, 0x00, 0x00, 0x00, 0x00, 0x00, 0x00, 0x00, 0x03, 0x00, 0x00, 0x00, 0xEC, 0x30, 0x00, 0x00,
    0x00, 0x00, 0x00, 0x00, 0x00, 0x00, 0x00, 0x00, 0xFF, 0xFF, 0x00, 0x00, 0x32, 0x75, 0x00, 0x00,
    0x00, 0x00, 0x00, 0x00, 0x00, 0x00, 0x00, 0x00, 0x03, 0x00, 0x00, 0x00, 0xD8, 0x30, 0x00, 0x00,
    0x00, 0x00, 0x00, 0x00, 0x00, 0x00, 0x00, 0x00, 0xFF, 0xFF, 0x00, 0x00, 0x32, 0x75, 0x00, 0x00,
    0x00, 0x00, 0x00, 0x00, 0x00, 0x00, 0x00, 0x00, 0x03, 0x00, 0x00, 0x00, 0xC4, 0x30, 0x00, 0x00,
    0x00, 0x00, 0x00, 0x00, 0x00, 0x00, 0x00, 0x00, 0xFF, 0xFF, 0x00, 0x00, 0x34, 0x75, 0x00, 0x00,
    0x00, 0x00, 0x00, 0x00, 0x00, 0x00, 0x00, 0x00, 0x03, 0x00, 0x00, 0x00, 0xB0, 0x30, 0x00, 0x00,
    0x00, 0x00, 0x00, 0x00, 0x00, 0x00, 0x00, 0x00, 0xFF, 0xFF, 0x00, 0x00, 0x32, 0x75, 0x00, 0x00,
    0x00, 0x00, 0x00, 0x00, 0x00, 0x00, 0x00, 0x00, 0x03, 0x00, 0x00, 0x00, 0x9C, 0x30, 0x00, 0x00,
    0x00, 0x00, 0x00, 0x00, 0x00, 0x00, 0x00, 0x00, 0xFF, 0xFF, 0x00, 0x00, 0x32, 0x75, 0x00, 0x00,
    0x00, 0x00, 0x00, 0x00, 0x00, 0x00, 0x00, 0x00, 0x03, 0x00, 0x00, 0x00, 0x88, 0x30, 0x00, 0x00,
    0x00, 0x00, 0x00, 0x00, 0x00, 0x00, 0x00, 0x00, 0xFF, 0xFF, 0x00, 0x00, 0x32, 0x75, 0x00, 0x00,
    0x00, 0x00, 0x00, 0x00, 0x00, 0x00, 0x00, 0x00, 0x03, 0x00, 0x00, 0x00, 0x74, 0x30, 0x00, 0x00,
    0x00, 0x00, 0x00, 0x00, 0x00, 0x00, 0x00, 0x00, 0xFF, 0xFF, 0x00, 0x00, 0x34, 0x75, 0x00, 0x00,
    0x00, 0x00, 0x00, 0x00, 0x00, 0x00, 0x00, 0x00, 0x03, 0x00, 0x00, 0x00, 0x60, 0x30, 0x00, 0x00,
    0x00, 0x00, 0x00, 0x00, 0x00, 0x00, 0x00, 0x00, 0xFF, 0xFF, 0x00, 0x00, 0x34, 0x75, 0x00, 0x00,
    0x00, 0x00, 0x00, 0x00, 0x00, 0x00, 0x00, 0x00, 0x03, 0x00, 0x00, 0x00, 0x4C, 0x30, 0x00, 0x00,
    0x00, 0x00, 0x00, 0x00, 0x00, 0x00, 0x00, 0x00, 0xFF, 0xFF, 0x00, 0x00, 0x42, 0x75, 0x00, 0x00,
    0x00, 0x00, 0x00, 0x00, 0x00, 0x00, 0x00, 0x00, 0x03, 0x00, 0x00, 0x00, 0x38, 0x30, 0x00, 0x00,
    0x00, 0x00, 0x00, 0x00, 0x00, 0x00, 0x00, 0x00, 0xFF, 0xFF, 0x00, 0x00, 0x34, 0x75, 0x00, 0x00,
    0x00, 0x00, 0x00, 0x00, 0x00, 0x00, 0x00, 0x00, 0x03, 0x00, 0x00, 0x00, 0x24, 0x30, 0x00, 0x00,
    0x00, 0x00, 0x00, 0x00, 0x00, 0x00, 0x00, 0x00, 0xFF, 0xFF, 0x00, 0x00, 0x34, 0x75, 0x00, 0x00,
    0x00, 0x00, 0x00, 0x00, 0x00, 0x00, 0x00, 0x00, 0x03, 0x00, 0x00, 0x00, 0x10, 0x30, 0x00, 0x00,
    0x00, 0x00, 0x00, 0x00, 0x00, 0x00, 0x00, 0x00, 0xFF, 0xFF, 0x00, 0x00, 0x32, 0x75, 0x00, 0x00,
    0x00, 0x00, 0x00, 0x00, 0x00, 0x00, 0x00, 0x00, 0x03, 0x00, 0x00, 0x00, 0xFC, 0x2F, 0x00, 0x00,
    0x00, 0x00, 0x00, 0x00, 0x00, 0x00, 0x00, 0x00, 0xFF, 0xFF, 0x00, 0x00, 0x32, 0x75, 0x00, 0x00,
    0x00, 0x00, 0x00, 0x00, 0x00, 0x00, 0x00, 0x00, 0x03, 0x00, 0x00, 0x00, 0xE8, 0x2F, 0x00, 0x00,
    0x00, 0x00, 0x00, 0x00, 0x00, 0x00, 0x00, 0x00, 0xFF, 0xFF, 0x00, 0x00, 0x33, 0x75, 0x00, 0x00,
    0x00, 0x00, 0x00, 0x00, 0x00, 0x00, 0x00, 0x00, 0x03, 0x00, 0x00, 0x00, 0xD4, 0x2F, 0x00, 0x00,
    0x00, 0x00, 0x00, 0x00, 0x00, 0x00, 0x00, 0x00, 0xFF, 0xFF, 0x00, 0x00, 0x32, 0x75, 0x00, 0x00,
    0x00, 0x00, 0x00, 0x00, 0x00, 0x00, 0x00, 0x00, 0x03, 0x00, 0x00, 0x00, 0xC0, 0x2F, 0x00, 0x00,
    0x00, 0x00, 0x00, 0x00, 0x00, 0x00, 0x00, 0x00, 0xFF, 0xFF, 0x00, 0x00, 0x34, 0x75, 0x00, 0x00,
    0x00, 0x00, 0x00, 0x00, 0x00, 0x00, 0x00, 0x00, 0x03, 0x00, 0x00, 0x00, 0xAC, 0x2F, 0x00, 0x00,
    0x00, 0x00, 0x00, 0x00, 0x00, 0x00, 0x00, 0x00, 0xFF, 0xFF, 0x00, 0x00, 0x32, 0x75, 0x00, 0x00,
    0x00, 0x00, 0x00, 0x00, 0x00, 0x00, 0x00, 0x00, 0x03, 0x00, 0x00, 0x00, 0x98, 0x2F, 0x00, 0x00,
    0x00, 0x00, 0x00, 0x00, 0x00, 0x00, 0x00, 0x00, 0xFF, 0xFF, 0x00, 0x00, 0x32, 0x75, 0x00, 0x00,
    0x00, 0x00, 0x00, 0x00, 0x00, 0x00, 0x00, 0x00, 0x03, 0x00, 0x00, 0x00, 0x84, 0x2F, 0x00, 0x00,
    0x00, 0x00, 0x00, 0x00, 0x00, 0x00, 0x00, 0x00, 0xFF, 0xFF, 0x00, 0x00, 0x32, 0x75, 0x00, 0x00,
    0x00, 0x00, 0x00, 0x00, 0x00, 0x00, 0x00, 0x00, 0x03, 0x00, 0x00, 0x00, 0x70, 0x2F, 0x00, 0x00,
    0x00, 0x00, 0x00, 0x00, 0x00, 0x00, 0x00, 0x00, 0xFF, 0xFF, 0x00, 0x00, 0x32, 0x75, 0x00, 0x00,
    0x00, 0x00, 0x00, 0x00, 0x00, 0x00, 0x00, 0x00, 0x03, 0x00, 0x00, 0x00, 0x5C, 0x2F, 0x00, 0x00,
    0x00, 0x00, 0x00, 0x00, 0x00, 0x00, 0x00, 0x00, 0xFF, 0xFF, 0x00, 0x00, 0x32, 0x75, 0x00, 0x00,
    0x00, 0x00, 0x00, 0x00, 0x00, 0x00, 0x00, 0x00, 0x03, 0x00, 0x00, 0x00, 0x48, 0x2F, 0x00, 0x00,
    0x00, 0x00, 0x00, 0x00, 0x00, 0x00, 0x00, 0x00, 0xFF, 0xFF, 0x00, 0x00, 0x32, 0x75, 0x00, 0x00,
    0x00, 0x00, 0x00, 0x00, 0x00, 0x00, 0x00, 0x00, 0x03, 0x00, 0x00, 0x00, 0x34, 0x2F, 0x00, 0x00,
    0x00, 0x00, 0x00, 0x00, 0x00, 0x00, 0x00, 0x00, 0xFF, 0xFF, 0x00, 0x00, 0x34, 0x75, 0x00, 0x00,
    0x00, 0x00, 0x00, 0x00, 0x00, 0x00, 0x00, 0x00, 0x03, 0x00, 0x00, 0x00, 0x20, 0x2F, 0x00, 0x00,
    0x00, 0x00, 0x00, 0x00, 0x00, 0x00, 0x00, 0x00, 0xFF, 0xFF, 0x00, 0x00, 0x32, 0x75, 0x00, 0x00,
    0x00, 0x00, 0x00, 0x00, 0x00, 0x00, 0x00, 0x00, 0x03, 0x00, 0x00, 0x00, 0x0C, 0x2F, 0x00, 0x00,
    0x00, 0x00, 0x00, 0x00, 0x00, 0x00, 0x00, 0x00, 0xFF, 0xFF, 0x00, 0x00, 0x34, 0x75, 0x00, 0x00,
    0x00, 0x00, 0x00, 0x00, 0x00, 0x00, 0x00, 0x00, 0x03, 0x00, 0x00, 0x00, 0xF8, 0x2E, 0x00, 0x00,
    0x00, 0x00, 0x00, 0x00, 0x00, 0x00, 0x00, 0x00, 0xFF, 0xFF, 0x00, 0x00, 0x32, 0x75, 0x00, 0x00,
    0x00, 0x00, 0x00, 0x00, 0x00, 0x00, 0x00, 0x00, 0x03, 0x00, 0x00, 0x00, 0xE4, 0x2E, 0x00, 0x00,
    0x00, 0x00, 0x00, 0x00, 0x00, 0x00, 0x00, 0x00, 0xFF, 0xFF, 0x00, 0x00, 0x34, 0x75, 0x00, 0x00,
    0x00, 0x00, 0x00, 0x00, 0x00, 0x00, 0x00, 0x00, 0x03, 0x00, 0x00, 0x00, 0xD0, 0x2E, 0x00, 0x00,
    0x00, 0x00, 0x00, 0x00, 0x00, 0x00, 0x00, 0x00, 0xFF, 0xFF, 0x00, 0x00, 0x35, 0x75, 0x00, 0x00,
    0x00, 0x00, 0x00, 0x00, 0x00, 0x00, 0x00, 0x00, 0x03, 0x00, 0x00, 0x00, 0xBC, 0x2E, 0x00, 0x00,
    0x00, 0x00, 0x00, 0x00, 0x00, 0x00, 0x00, 0x00, 0xFF, 0xFF, 0x00, 0x00, 0x32, 0x75, 0x00, 0x00,
    0x00, 0x00, 0x00, 0x00, 0x00, 0x00, 0x00, 0x00, 0x03, 0x00, 0x00, 0x00, 0xA8, 0x2E, 0x00, 0x00,
    0x00, 0x00, 0x00, 0x00, 0x00, 0x00, 0x00, 0x00, 0xFF, 0xFF, 0x00, 0x00, 0x32, 0x75, 0x00, 0x00,
    0x00, 0x00, 0x00, 0x00, 0x00, 0x00, 0x00, 0x00, 0x03, 0x00, 0x00, 0x00, 0x94, 0x2E, 0x00, 0x00,
    0x00, 0x00, 0x00, 0x00, 0x00, 0x00, 0x00, 0x00, 0xFF, 0xFF, 0x00, 0x00, 0x35, 0x75, 0x00, 0x00,
    0x00, 0x00, 0x00, 0x00, 0x00, 0x00, 0x00, 0x00, 0x03, 0x00, 0x00, 0x00, 0x80, 0x2E, 0x00, 0x00,
    0x00, 0x00, 0x00, 0x00, 0x00, 0x00, 0x00, 0x00, 0xFF, 0xFF, 0x00, 0x00, 0x32, 0x75, 0x00, 0x00,
    0x00, 0x00, 0x00, 0x00, 0x00, 0x00, 0x00, 0x00, 0x03, 0x00, 0x00, 0x00, 0x6C, 0x2E, 0x00, 0x00,
    0x00, 0x00, 0x00, 0x00, 0x00, 0x00, 0x00, 0x00, 0xFF, 0xFF, 0x00, 0x00, 0x34, 0x75, 0x00, 0x00,
    0x00, 0x00, 0x00, 0x00, 0x00, 0x00, 0x00, 0x00, 0x03, 0x00, 0x00, 0x00, 0x58, 0x2E, 0x00, 0x00,
    0x00, 0x00, 0x00, 0x00, 0x00, 0x00, 0x00, 0x00, 0xFF, 0xFF, 0x00, 0x00, 0x34, 0x75, 0x00, 0x00,
    0x00, 0x00, 0x00, 0x00, 0x00, 0x00, 0x00, 0x00, 0x03, 0x00, 0x00, 0x00, 0x44, 0x2E, 0x00, 0x00,
    0x00, 0x00, 0x00, 0x00, 0x00, 0x00, 0x00, 0x00, 0xFF, 0xFF, 0x00, 0x00, 0x35, 0x75, 0x00, 0x00,
    0x00, 0x00, 0x00, 0x00, 0x00, 0x00, 0x00, 0x00, 0x03, 0x00, 0x00, 0x00, 0x30, 0x2E, 0x00, 0x00,
    0x00, 0x00, 0x00, 0x00, 0x00, 0x00, 0x00, 0x00, 0xFF, 0xFF, 0x00, 0x00, 0x32, 0x75, 0x00, 0x00,
    0x00, 0x00, 0x00, 0x00, 0x00, 0x00, 0x00, 0x00, 0x03, 0x00, 0x00, 0x00, 0x1C, 0x2E, 0x00, 0x00,
    0x00, 0x00, 0x00, 0x00, 0x00, 0x00, 0x00, 0x00, 0xFF, 0xFF, 0x00, 0x00, 0x35, 0x75, 0x00, 0x00,
    0x00, 0x00, 0x00, 0x00, 0x00, 0x00, 0x00, 0x00, 0x03, 0x00, 0x00, 0x00, 0x08, 0x2E, 0x00, 0x00,
    0x00, 0x00, 0x00, 0x00, 0x00, 0x00, 0x00, 0x00, 0xFF, 0xFF, 0x00, 0x00, 0x32, 0x75, 0x00, 0x00,
    0x00, 0x00, 0x00, 0x00, 0x00, 0x00, 0x00, 0x00, 0x03, 0x00, 0x00, 0x00, 0xF4, 0x2D, 0x00, 0x00,
    0x00, 0x00, 0x00, 0x00, 0x00, 0x00, 0x00, 0x00, 0xFF, 0xFF, 0x00, 0x00, 0x35, 0x75, 0x00, 0x00,
    0x00, 0x00, 0x00, 0x00, 0x00, 0x00, 0x00, 0x00, 0x03, 0x00, 0x00, 0x00, 0xE0, 0x2D, 0x00, 0x00,
    0x00, 0x00, 0x00, 0x00, 0x00, 0x00, 0x00, 0x00, 0xFF, 0xFF, 0x00, 0x00, 0x32, 0x75, 0x00, 0x00,
    0x00, 0x00, 0x00, 0x00, 0x00, 0x00, 0x00, 0x00, 0x03, 0x00, 0x00, 0x00, 0xCC, 0x2D, 0x00, 0x00,
    0x00, 0x00, 0x00, 0x00, 0x00, 0x00, 0x00, 0x00, 0xFF, 0xFF, 0x00, 0x00, 0x35, 0x75, 0x00, 0x00,
    0x00, 0x00, 0x00, 0x00, 0x00, 0x00, 0x00, 0x00, 0x03, 0x00, 0x00, 0x00, 0xB8, 0x2D, 0x00, 0x00,
    0x00, 0x00, 0x00, 0x00, 0x00, 0x00, 0x00, 0x00, 0xFF, 0xFF, 0x00, 0x00, 0x32, 0x75, 0x00, 0x00,
    0x00, 0x00, 0x00, 0x00, 0x00, 0x00, 0x00, 0x00, 0x03, 0x00, 0x00, 0x00, 0xA4, 0x2D, 0x00, 0x00,
    0x00, 0x00, 0x00, 0x00, 0x00, 0x00, 0x00, 0x00, 0xFF, 0xFF, 0x00, 0x00, 0x35, 0x75, 0x00, 0x00,
    0x00, 0x00, 0x00, 0x00, 0x00, 0x00, 0x00, 0x00, 0x03, 0x00, 0x00, 0x00, 0x90, 0x2D, 0x00, 0x00,
    0x00, 0x00, 0x00, 0x00, 0x00, 0x00, 0x00, 0x00, 0xFF, 0xFF, 0x00, 0x00, 0x32, 0x75, 0x00, 0x00,
    0x00, 0x00, 0x00, 0x00, 0x00, 0x00, 0x00, 0x00, 0x03, 0x00, 0x00, 0x00, 0x7C, 0x2D, 0x00, 0x00,
    0x00, 0x00, 0x00, 0x00, 0x00, 0x00, 0x00, 0x00, 0xFF, 0xFF, 0x00, 0x00, 0x35, 0x75, 0x00, 0x00,
    0x00, 0x00, 0x00, 0x00, 0x00, 0x00, 0x00, 0x00, 0x03, 0x00, 0x00, 0x00, 0x68, 0x2D, 0x00, 0x00,
    0x00, 0x00, 0x00, 0x00, 0x00, 0x00, 0x00, 0x00, 0xFF, 0xFF, 0x00, 0x00, 0x32, 0x75, 0x00, 0x00,
    0x00, 0x00, 0x00, 0x00, 0x00, 0x00, 0x00, 0x00, 0x03, 0x00, 0x00, 0x00, 0x54, 0x2D, 0x00, 0x00,
    0x00, 0x00, 0x00, 0x00, 0x00, 0x00, 0x00, 0x00, 0xFF, 0xFF, 0x00, 0x00, 0x35, 0x75, 0x00, 0x00,
    0x00, 0x00, 0x00, 0x00, 0x00, 0x00, 0x00, 0x00, 0x03, 0x00, 0x00, 0x00, 0x40, 0x2D, 0x00, 0x00,
    0x00, 0x00, 0x00, 0x00, 0x00, 0x00, 0x00, 0x00, 0xFF, 0xFF, 0x00, 0x00, 0x32, 0x75, 0x00, 0x00,
    0x00, 0x00, 0x00, 0x00, 0x00, 0x00, 0x00, 0x00, 0x03, 0x00, 0x00, 0x00, 0x2C, 0x2D, 0x00, 0x00,
    0x00, 0x00, 0x00, 0x00, 0x00, 0x00, 0x00, 0x00, 0xFF, 0xFF, 0x00, 0x00, 0x35, 0x75, 0x00, 0x00,
    0x00, 0x00, 0x00, 0x00, 0x00, 0x00, 0x00, 0x00, 0x03, 0x00, 0x00, 0x00, 0x18, 0x2D, 0x00, 0x00,
    0x00, 0x00, 0x00, 0x00, 0x00, 0x00, 0x00, 0x00, 0xFF, 0xFF, 0x00, 0x00, 0x32, 0x75, 0x00, 0x00,
    0x00, 0x00, 0x00, 0x00, 0x00, 0x00, 0x00, 0x00, 0x03, 0x00, 0x00, 0x00, 0x04, 0x2D, 0x00, 0x00,
    0x00, 0x00, 0x00, 0x00, 0x00, 0x00, 0x00, 0x00, 0xFF, 0xFF, 0x00, 0x00, 0x35, 0x75, 0x00, 0x00,
    0x00, 0x00, 0x00, 0x00, 0x00, 0x00, 0x00, 0x00, 0x03, 0x00, 0x00, 0x00, 0xF0, 0x2C, 0x00, 0x00,
    0x00, 0x00, 0x00, 0x00, 0x00, 0x00, 0x00, 0x00, 0xFF, 0xFF, 0x00, 0x00, 0x32, 0x75, 0x00, 0x00,
    0x00, 0x00, 0x00, 0x00, 0x00, 0x00, 0x00, 0x00, 0x03, 0x00, 0x00, 0x00, 0xDC, 0x2C, 0x00, 0x00,
    0x00, 0x00, 0x00, 0x00, 0x00, 0x00, 0x00, 0x00, 0xFF, 0xFF, 0x00, 0x00, 0x35, 0x75, 0x00, 0x00,
    0x00, 0x00, 0x00, 0x00, 0x00, 0x00, 0x00, 0x00, 0x03, 0x00, 0x00, 0x00, 0xC8, 0x2C, 0x00, 0x00,
    0x00, 0x00, 0x00, 0x00, 0x00, 0x00, 0x00, 0x00, 0xFF, 0xFF, 0x00, 0x00, 0x32, 0x75, 0x00, 0x00,
    0x00, 0x00, 0x00, 0x00, 0x00, 0x00, 0x00, 0x00, 0x03, 0x00, 0x00, 0x00, 0xB4, 0x2C, 0x00, 0x00,
    0x00, 0x00, 0x00, 0x00, 0x00, 0x00, 0x00, 0x00, 0xFF, 0xFF, 0x00, 0x00, 0x35, 0x75, 0x00, 0x00,
    0x00, 0x00, 0x00, 0x00, 0x00, 0x00, 0x00, 0x00, 0x03, 0x00, 0x00, 0x00, 0xA0, 0x2C, 0x00, 0x00,
    0x00, 0x00, 0x00, 0x00, 0x00, 0x00, 0x00, 0x00, 0xFF, 0xFF, 0x00, 0x00, 0x32, 0x75, 0x00, 0x00,
    0x00, 0x00, 0x00, 0x00, 0x00, 0x00, 0x00, 0x00, 0x03, 0x00, 0x00, 0x00, 0x8C, 0x2C, 0x00, 0x00,
    0x00, 0x00, 0x00, 0x00, 0x00, 0x00, 0x00, 0x00, 0xFF, 0xFF, 0x00, 0x00, 0x34, 0x75, 0x00, 0x00,
    0x00, 0x00, 0x00, 0x00, 0x00, 0x00, 0x00, 0x00, 0x03, 0x00, 0x00, 0x00, 0x78, 0x2C, 0x00, 0x00,
    0x00, 0x00, 0x00, 0x00, 0x00, 0x00, 0x00, 0x00, 0xFF, 0xFF, 0x00, 0x00, 0x35, 0x75, 0x00, 0x00,
    0x00, 0x00, 0x00, 0x00, 0x00, 0x00, 0x00, 0x00, 0x03, 0x00, 0x00, 0x00, 0x64, 0x2C, 0x00, 0x00,
    0x00, 0x00, 0x00, 0x00, 0x00, 0x00, 0x00, 0x00, 0xFF, 0xFF, 0x00, 0x00, 0x32, 0x75, 0x00, 0x00,
    0x00, 0x00, 0x00, 0x00, 0x00, 0x00, 0x00, 0x00, 0x04, 0x00, 0x00, 0x00, 0x50, 0x2C, 0x00, 0x00,
    0x00, 0x00, 0x00, 0x00, 0x00, 0x00, 0x00, 0x00, 0xFF, 0xFF, 0x00, 0x00, 0x34, 0x75, 0x00, 0x00,
    0x00, 0x00, 0x00, 0x00, 0x00, 0x00, 0x00, 0x00, 0x03, 0x00, 0x00, 0x00, 0x40, 0x2C, 0x00, 0x00,
    0x00, 0x00, 0x00, 0x00, 0x00, 0x00, 0x00, 0x00, 0xFF, 0xFF, 0x00, 0x00, 0x32, 0x75, 0x00, 0x00,
    0x00, 0x00, 0x00, 0x00, 0x00, 0x00, 0x00, 0x00, 0x03, 0x00, 0x00, 0x00, 0x2C, 0x2C, 0x00, 0x00,
    0x00, 0x00, 0x00, 0x00, 0x00, 0x00, 0x00, 0x00, 0xFF, 0xFF, 0x00, 0x00, 0x37, 0x75, 0x00, 0x00,
    0x00, 0x00, 0x00, 0x00, 0x00, 0x00, 0x00, 0x00, 0x03, 0x00, 0x00, 0x00, 0x18, 0x2C, 0x00, 0x00,
    0x00, 0x00, 0x00, 0x00, 0x00, 0x00, 0x00, 0x00, 0xFF, 0xFF, 0x00, 0x00, 0x38, 0x75, 0x00, 0x00,
    0x00, 0x00, 0x00, 0x00, 0x00, 0x00, 0x00, 0x00, 0x03, 0x00, 0x00, 0x00, 0x04, 0x2C, 0x00, 0x00,
    0x00, 0x00, 0x00, 0x00, 0x00, 0x00, 0x00, 0x00, 0xFF, 0xFF, 0x00, 0x00, 0x34, 0x75, 0x00, 0x00,
    0x00, 0x00, 0x00, 0x00, 0x00, 0x00, 0x00, 0x00, 0x03, 0x00, 0x00, 0x00, 0xF0, 0x2B, 0x00, 0x00,
    0x00, 0x00, 0x00, 0x00, 0x00, 0x00, 0x00, 0x00, 0xFF, 0xFF, 0x00, 0x00, 0x32, 0x75, 0x00, 0x00,
    0x00, 0x00, 0x00, 0x00, 0x00, 0x00, 0x00, 0x00, 0x03, 0x00, 0x00, 0x00, 0xDC, 0x2B, 0x00, 0x00,
    0x00, 0x00, 0x00, 0x00, 0x00, 0x00, 0x00, 0x00, 0xFF, 0xFF, 0x00, 0x00, 0x37, 0x75, 0x00, 0x00,
    0x00, 0x00, 0x00, 0x00, 0x00, 0x00, 0x00, 0x00, 0x03, 0x00, 0x00, 0x00, 0xC8, 0x2B, 0x00, 0x00,
    0x00, 0x00, 0x00, 0x00, 0x00, 0x00, 0x00, 0x00, 0xFF, 0xFF, 0x00, 0x00, 0x38, 0x75, 0x00, 0x00,
    0x00, 0x00, 0x00, 0x00, 0x00, 0x00, 0x00, 0x00, 0x03, 0x00, 0x00, 0x00, 0xB4, 0x2B, 0x00, 0x00,
    0x00, 0x00, 0x00, 0x00, 0x00, 0x00, 0x00, 0x00, 0xFF, 0xFF, 0x00, 0x00, 0x34, 0x75, 0x00, 0x00,
    0x00, 0x00, 0x00, 0x00, 0x00, 0x00, 0x00, 0x00, 0x03, 0x00, 0x00, 0x00, 0xA0, 0x2B, 0x00, 0x00,
    0x00, 0x00, 0x00, 0x00, 0x00, 0x00, 0x00, 0x00, 0xFF, 0xFF, 0x00, 0x00, 0x35, 0x75, 0x00, 0x00,
    0x00, 0x00, 0x00, 0x00, 0x00, 0x00, 0x00, 0x00, 0x03, 0x00, 0x00, 0x00, 0x8C, 0x2B, 0x00, 0x00,
    0x00, 0x00, 0x00, 0x00, 0x00, 0x00, 0x00, 0x00, 0xFF, 0xFF, 0x00, 0x00, 0x32, 0x75, 0x00, 0x00,
    0x00, 0x00, 0x00, 0x00, 0x00, 0x00, 0x00, 0x00, 0x03, 0x00, 0x00, 0x00, 0x78, 0x2B, 0x00, 0x00,
    0x00, 0x00, 0x00, 0x00, 0x00, 0x00, 0x00, 0x00, 0xFF, 0xFF, 0x00, 0x00, 0x35, 0x75, 0x00, 0x00,
    0x00, 0x00, 0x00, 0x00, 0x00, 0x00, 0x00, 0x00, 0x03, 0x00, 0x00, 0x00, 0x64, 0x2B, 0x00, 0x00,
    0x00, 0x00, 0x00, 0x00, 0x00, 0x00, 0x00, 0x00, 0xFF, 0xFF, 0x00, 0x00, 0x32, 0x75, 0x00, 0x00,
    0x00, 0x00, 0x00, 0x00, 0x00, 0x00, 0x00, 0x00, 0x03, 0x00, 0x00, 0x00, 0x50, 0x2B, 0x00, 0x00,
    0x00, 0x00, 0x00, 0x00, 0x00, 0x00, 0x00, 0x00, 0xFF, 0xFF, 0x00, 0x00, 0x35, 0x75, 0x00, 0x00,
    0x00, 0x00, 0x00, 0x00, 0x00, 0x00, 0x00, 0x00, 0x03, 0x00, 0x00, 0x00, 0x3C, 0x2B, 0x00, 0x00,
    0x00, 0x00, 0x00, 0x00, 0x00, 0x00, 0x00, 0x00, 0xFF, 0xFF, 0x00, 0x00, 0x32, 0x75, 0x00, 0x00,
    0x00, 0x00, 0x00, 0x00, 0x00, 0x00, 0x00, 0x00, 0x03, 0x00, 0x00, 0x00, 0x28, 0x2B, 0x00, 0x00,
    0x00, 0x00, 0x00, 0x00, 0x00, 0x00, 0x00, 0x00, 0xFF, 0xFF, 0x00, 0x00, 0x3B, 0x75, 0x00, 0x00,
    0x00, 0x00, 0x00, 0x00, 0x00, 0x00, 0x00, 0x00, 0x03, 0x00, 0x00, 0x00, 0x14, 0x2B, 0x00, 0x00,
    0x00, 0x00, 0x00, 0x00, 0x00, 0x00, 0x00, 0x00, 0xFF, 0xFF, 0x00, 0x00, 0x32, 0x75, 0x00, 0x00,
    0x00, 0x00, 0x00, 0x00, 0x00, 0x00, 0x00, 0x00, 0x03, 0x00, 0x00, 0x00, 0x00, 0x2B, 0x00, 0x00,
    0x00, 0x00, 0x00, 0x00, 0x00, 0x00, 0x00, 0x00, 0xFF, 0xFF, 0x00, 0x00, 0x31, 0x75, 0x00, 0x00,
    0x00, 0x00, 0x00, 0x00, 0x00, 0x00, 0x00, 0x00, 0x03, 0x00, 0x00, 0x00, 0xEC, 0x2A, 0x00, 0x00,
    0x00, 0x00, 0x00, 0x00, 0x00, 0x00, 0x00, 0x00, 0xFF, 0xFF, 0x00, 0x00, 0x32, 0x75, 0x00, 0x00,
    0x00, 0x00, 0x00, 0x00, 0x00, 0x00, 0x00, 0x00, 0x04, 0x00, 0x00, 0x00, 0xD8, 0x2A, 0x00, 0x00,
    0x00, 0x00, 0x00, 0x00, 0x00, 0x00, 0x00, 0x00, 0xFF, 0xFF, 0x00, 0x00, 0x32, 0x75, 0x00, 0x00,
    0x00, 0x00, 0x00, 0x00, 0x00, 0x00, 0x00, 0x00, 0x04, 0x00, 0x00, 0x00, 0xC8, 0x2A, 0x00, 0x00,
    0x00, 0x00, 0x00, 0x00, 0x00, 0x00, 0x00, 0x00, 0xFF, 0xFF, 0x00, 0x00, 0x32, 0x75, 0x00, 0x00,
    0x00, 0x00, 0x00, 0x00, 0x00, 0x00, 0x00, 0x00, 0x04, 0x00, 0x00, 0x00, 0xB8, 0x2A, 0x00, 0x00,
    0x00, 0x00, 0x00, 0x00, 0x00, 0x00, 0x00, 0x00, 0xFF, 0xFF, 0x00, 0x00, 0x35, 0x75, 0x00, 0x00,
    0x00, 0x00, 0x00, 0x00, 0x00, 0x00, 0x00, 0x00, 0x03, 0x00, 0x00, 0x00, 0xA8, 0x2A, 0x00, 0x00,
    0x00, 0x00, 0x00, 0x00, 0x00, 0x00, 0x00, 0x00, 0xFF, 0xFF, 0x00, 0x00, 0x32, 0x75, 0x00, 0x00,
    0x00, 0x00, 0x00, 0x00, 0x00, 0x00, 0x00, 0x00, 0x03, 0x00, 0x00, 0x00, 0x94, 0x2A, 0x00, 0x00,
    0x00, 0x00, 0x00, 0x00, 0x00, 0x00, 0x00, 0x00, 0xFF, 0xFF, 0x00, 0x00, 0x35, 0x75, 0x00, 0x00,
    0x00, 0x00, 0x00, 0x00, 0x00, 0x00, 0x00, 0x00, 0x03, 0x00, 0x00, 0x00, 0x80, 0x2A, 0x00, 0x00,
    0x00, 0x00, 0x00, 0x00, 0x00, 0x00, 0x00, 0x00, 0xFF, 0xFF, 0x00, 0x00, 0x32, 0x75, 0x00, 0x00,
    0x00, 0x00, 0x00, 0x00, 0x00, 0x00, 0x00, 0x00, 0x04, 0x00, 0x00, 0x00, 0x6C, 0x2A, 0x00, 0x00,
    0x00, 0x00, 0x00, 0x00, 0x00, 0x00, 0x00, 0x00, 0xFF, 0xFF, 0x00, 0x00, 0x34, 0x75, 0x00, 0x00,
    0x00, 0x00, 0x00, 0x00, 0x00, 0x00, 0x00, 0x00, 0x03, 0x00, 0x00, 0x00, 0x5C, 0x2A, 0x00, 0x00,
    0x00, 0x00, 0x00, 0x00, 0x00, 0x00, 0x00, 0x00, 0xFF, 0xFF, 0x00, 0x00, 0x32, 0x75, 0x00, 0x00,
    0x00, 0x00, 0x00, 0x00, 0x00, 0x00, 0x00, 0x00, 0x03, 0x00, 0x00, 0x00, 0x48, 0x2A, 0x00, 0x00,
    0x00, 0x00, 0x00, 0x00, 0x00, 0x00, 0x00, 0x00, 0xFF, 0xFF, 0x00, 0x00, 0x32, 0x75, 0x00, 0x00,
    0x00, 0x00, 0x00, 0x00, 0x00, 0x00, 0x00, 0x00, 0x03, 0x00, 0x00, 0x00, 0x34, 0x2A, 0x00, 0x00,
    0x00, 0x00, 0x00, 0x00, 0x00, 0x00, 0x00, 0x00, 0xFF, 0xFF, 0x00, 0x00, 0x32, 0x75, 0x00, 0x00,
    0x00, 0x00, 0x00, 0x00, 0x00, 0x00, 0x00, 0x00, 0x03, 0x00, 0x00, 0x00, 0x20, 0x2A, 0x00, 0x00,
    0x00, 0x00, 0x00, 0x00, 0x00, 0x00, 0x00, 0x00, 0xFF, 0xFF, 0x00, 0x00, 0x32, 0x75, 0x00, 0x00,
    0x00, 0x00, 0x00, 0x00, 0x00, 0x00, 0x00, 0x00, 0x03, 0x00, 0x00, 0x00, 0x0C, 0x2A, 0x00, 0x00,
    0x00, 0x00, 0x00, 0x00, 0x00, 0x00, 0x00, 0x00, 0xFF, 0xFF, 0x00, 0x00, 0x34, 0x75, 0x00, 0x00,
    0x00, 0x00, 0x00, 0x00, 0x00, 0x00, 0x00, 0x00, 0x03, 0x00, 0x00, 0x00, 0xF8, 0x29, 0x00, 0x00,
    0x00, 0x00, 0x00, 0x00, 0x00, 0x00, 0x00, 0x00, 0xFF, 0xFF, 0x00, 0x00, 0x32, 0x75, 0x00, 0x00,
    0x00, 0x00, 0x00, 0x00, 0x00, 0x00, 0x00, 0x00, 0x03, 0x00, 0x00, 0x00, 0xE4, 0x29, 0x00, 0x00,
    0x00, 0x00, 0x00, 0x00, 0x00, 0x00, 0x00, 0x00, 0xFF, 0xFF, 0x00, 0x00, 0x41, 0x75, 0x00, 0x00,
    0x00, 0x00, 0x00, 0x00, 0x00, 0x00, 0x00, 0x00, 0x03, 0x00, 0x00, 0x00, 0xD0, 0x29, 0x00, 0x00,
    0x00, 0x00, 0x00, 0x00, 0x00, 0x00, 0x00, 0x00, 0xFF, 0xFF, 0x00, 0x00, 0x32, 0x75, 0x00, 0x00,
    0x00, 0x00, 0x00, 0x00, 0x00, 0x00, 0x00, 0x00, 0x03, 0x00, 0x00, 0x00, 0xBC, 0x29, 0x00, 0x00,
    0x00, 0x00, 0x00, 0x00, 0x00, 0x00, 0x00, 0x00, 0xFF, 0xFF, 0x00, 0x00, 0x34, 0x75, 0x00, 0x00,
    0x00, 0x00, 0x00, 0x00, 0x00, 0x00, 0x00, 0x00, 0x03, 0x00, 0x00, 0x00, 0xA8, 0x29, 0x00, 0x00,
    0x00, 0x00, 0x00, 0x00, 0x00, 0x00, 0x00, 0x00, 0xFF, 0xFF, 0x00, 0x00, 0x32, 0x75, 0x00, 0x00,
    0x00, 0x00, 0x00, 0x00, 0x00, 0x00, 0x00, 0x00, 0x03, 0x00, 0x00, 0x00, 0x94, 0x29, 0x00, 0x00,
    0x00, 0x00, 0x00, 0x00, 0x00, 0x00, 0x00, 0x00, 0xFF, 0xFF, 0x00, 0x00, 0x32, 0x75, 0x00, 0x00,
    0x00, 0x00, 0x00, 0x00, 0x00, 0x00, 0x00, 0x00, 0x03, 0x00, 0x00, 0x00, 0x80, 0x29, 0x00, 0x00,
    0x00, 0x00, 0x00, 0x00, 0x00, 0x00, 0x00, 0x00, 0xFF, 0xFF, 0x00, 0x00, 0x32, 0x75, 0x00, 0x00,
    0x00, 0x00, 0x00, 0x00, 0x00, 0x00, 0x00, 0x00, 0x03, 0x00, 0x00, 0x00, 0x6C, 0x29, 0x00, 0x00,
    0x00, 0x00, 0x00, 0x00, 0x00, 0x00, 0x00, 0x00, 0xFF, 0xFF, 0x00, 0x00, 0x34, 0x75, 0x00, 0x00,
    0x00, 0x00, 0x00, 0x00, 0x00, 0x00, 0x00, 0x00, 0x03, 0x00, 0x00, 0x00, 0x58, 0x29, 0x00, 0x00,
    0x00, 0x00, 0x00, 0x00, 0x00, 0x00, 0x00, 0x00, 0xFF, 0xFF, 0x00, 0x00, 0x32, 0x75, 0x00, 0x00,
    0x00, 0x00, 0x00, 0x00, 0x00, 0x00, 0x00, 0x00, 0x03, 0x00, 0x00, 0x00, 0x44, 0x29, 0x00, 0x00,
    0x00, 0x00, 0x00, 0x00, 0x00, 0x00, 0x00, 0x00, 0xFF, 0xFF, 0x00, 0x00, 0x32, 0x75, 0x00, 0x00,
    0x00, 0x00, 0x00, 0x00, 0x00, 0x00, 0x00, 0x00, 0x03, 0x00, 0x00, 0x00, 0x30, 0x29, 0x00, 0x00,
    0x00, 0x00, 0x00, 0x00, 0x00, 0x00, 0x00, 0x00, 0xFF, 0xFF, 0x00, 0x00, 0x32, 0x75, 0x00, 0x00,
    0x00, 0x00, 0x00, 0x00, 0x00, 0x00, 0x00, 0x00, 0x03, 0x00, 0x00, 0x00, 0x1C, 0x29, 0x00, 0x00,
    0x00, 0x00, 0x00, 0x00, 0x00, 0x00, 0x00, 0x00, 0xFF, 0xFF, 0x00, 0x00, 0x32, 0x75, 0x00, 0x00,
    0x00, 0x00, 0x00, 0x00, 0x00, 0x00, 0x00, 0x00, 0x03, 0x00, 0x00, 0x00, 0x08, 0x29, 0x00, 0x00,
    0x00, 0x00, 0x00, 0x00, 0x00, 0x00, 0x00, 0x00, 0xFF, 0xFF, 0x00, 0x00, 0x32, 0x75, 0x00, 0x00,
    0x00, 0x00, 0x00, 0x00, 0x00, 0x00, 0x00, 0x00, 0x03, 0x00, 0x00, 0x00, 0xF4, 0x28, 0x00, 0x00,
    0x00, 0x00, 0x00, 0x00, 0x00, 0x00, 0x00, 0x00, 0xFF, 0xFF, 0x00, 0x00, 0x34, 0x75, 0x00, 0x00,
    0x00, 0x00, 0x00, 0x00, 0x00, 0x00, 0x00, 0x00, 0x03, 0x00, 0x00, 0x00, 0xE0, 0x28, 0x00, 0x00,
    0x00, 0x00, 0x00, 0x00, 0x00, 0x00, 0x00, 0x00, 0xFF, 0xFF, 0x00, 0x00, 0x32, 0x75, 0x00, 0x00,
    0x00, 0x00, 0x00, 0x00, 0x00, 0x00, 0x00, 0x00, 0x03, 0x00, 0x00, 0x00, 0xCC, 0x28, 0x00, 0x00,
    0x00, 0x00, 0x00, 0x00, 0x00, 0x00, 0x00, 0x00, 0xFF, 0xFF, 0x00, 0x00, 0x41, 0x75, 0x00, 0x00,
    0x00, 0x00, 0x00, 0x00, 0x00, 0x00, 0x00, 0x00, 0x03, 0x00, 0x00, 0x00, 0xB8, 0x28, 0x00, 0x00,
    0x00, 0x00, 0x00, 0x00, 0x00, 0x00, 0x00, 0x00, 0xFF, 0xFF, 0x00, 0x00, 0x32, 0x75, 0x00, 0x00,
    0x00, 0x00, 0x00, 0x00, 0x00, 0x00, 0x00, 0x00, 0x03, 0x00, 0x00, 0x00, 0xA4, 0x28, 0x00, 0x00,
    0x00, 0x00, 0x00, 0x00, 0x00, 0x00, 0x00, 0x00, 0xFF, 0xFF, 0x00, 0x00, 0x34, 0x75, 0x00, 0x00,
    0x00, 0x00, 0x00, 0x00, 0x00, 0x00, 0x00, 0x00, 0x03, 0x00, 0x00, 0x00, 0x90, 0x28, 0x00, 0x00,
    0x00, 0x00, 0x00, 0x00, 0x00, 0x00, 0x00, 0x00, 0xFF, 0xFF, 0x00, 0x00, 0x32, 0x75, 0x00, 0x00,
    0x00, 0x00, 0x00, 0x00, 0x00, 0x00, 0x00, 0x00, 0x03, 0x00, 0x00, 0x00, 0x7C, 0x28, 0x00, 0x00,
    0x00, 0x00, 0x00, 0x00, 0x00, 0x00, 0x00, 0x00, 0xFF, 0xFF, 0x00, 0x00, 0x34, 0x75, 0x00, 0x00,
    0x00, 0x00, 0x00, 0x00, 0x00, 0x00, 0x00, 0x00, 0x03, 0x00, 0x00, 0x00, 0x68, 0x28, 0x00, 0x00,
    0x00, 0x00, 0x00, 0x00, 0x00, 0x00, 0x00, 0x00, 0xFF, 0xFF, 0x00, 0x00, 0x32, 0x75, 0x00, 0x00,
    0x00, 0x00, 0x00, 0x00, 0x00, 0x00, 0x00, 0x00, 0x03, 0x00, 0x00, 0x00, 0x54, 0x28, 0x00, 0x00,
    0x00, 0x00, 0x00, 0x00, 0x00, 0x00, 0x00, 0x00, 0xFF, 0xFF, 0x00, 0x00, 0x32, 0x75, 0x00, 0x00,
    0x00, 0x00, 0x00, 0x00, 0x00, 0x00, 0x00, 0x00, 0x03, 0x00, 0x00, 0x00, 0x40, 0x28, 0x00, 0x00,
    0x00, 0x00, 0x00, 0x00, 0x00, 0x00, 0x00, 0x00, 0xFF, 0xFF, 0x00, 0x00, 0x34, 0x75, 0x00, 0x00,
    0x00, 0x00, 0x00, 0x00, 0x00, 0x00, 0x00, 0x00, 0x03, 0x00, 0x00, 0x00, 0x2C, 0x28, 0x00, 0x00,
    0x00, 0x00, 0x00, 0x00, 0x00, 0x00, 0x00, 0x00, 0xFF, 0xFF, 0x00, 0x00, 0x41, 0x75, 0x00, 0x00,
    0x00, 0x00, 0x00, 0x00, 0x00, 0x00, 0x00, 0x00, 0x03, 0x00, 0x00, 0x00, 0x18, 0x28, 0x00, 0x00,
    0x00, 0x00, 0x00, 0x00, 0x00, 0x00, 0x00, 0x00, 0xFF, 0xFF, 0x00, 0x00, 0x32, 0x75, 0x00, 0x00,
    0x00, 0x00, 0x00, 0x00, 0x00, 0x00, 0x00, 0x00, 0x03, 0x00, 0x00, 0x00, 0x04, 0x28, 0x00, 0x00,
    0x00, 0x00, 0x00, 0x00, 0x00, 0x00, 0x00, 0x00, 0xFF, 0xFF, 0x00, 0x00, 0x32, 0x75, 0x00, 0x00,
    0x00, 0x00, 0x00, 0x00, 0x00, 0x00, 0x00, 0x00, 0x03, 0x00, 0x00, 0x00, 0xF0, 0x27, 0x00, 0x00,
    0x00, 0x00, 0x00, 0x00, 0x00, 0x00, 0x00, 0x00, 0xFF, 0xFF, 0x00, 0x00, 0x34, 0x75, 0x00, 0x00,
    0x00, 0x00, 0x00, 0x00, 0x00, 0x00, 0x00, 0x00, 0x03, 0x00, 0x00, 0x00, 0xDC, 0x27, 0x00, 0x00,
    0x00, 0x00, 0x00, 0x00, 0x00, 0x00, 0x00, 0x00, 0xFF, 0xFF, 0x00, 0x00, 0x32, 0x75, 0x00, 0x00,
    0x00, 0x00, 0x00, 0x00, 0x00, 0x00, 0x00, 0x00, 0x03, 0x00, 0x00, 0x00, 0xC8, 0x27, 0x00, 0x00,
    0x00, 0x00, 0x00, 0x00, 0x00, 0x00, 0x00, 0x00, 0xFF, 0xFF, 0x00, 0x00, 0x34, 0x75, 0x00, 0x00,
    0x00, 0x00, 0x00, 0x00, 0x00, 0x00, 0x00, 0x00, 0x03, 0x00, 0x00, 0x00, 0xB4, 0x27, 0x00, 0x00,
    0x00, 0x00, 0x00, 0x00, 0x00, 0x00, 0x00, 0x00, 0xFF, 0xFF, 0x00, 0x00, 0x32, 0x75, 0x00, 0x00,
    0x00, 0x00, 0x00, 0x00, 0x00, 0x00, 0x00, 0x00, 0x03, 0x00, 0x00, 0x00, 0xA0, 0x27, 0x00, 0x00,
    0x00, 0x00, 0x00, 0x00, 0x00, 0x00, 0x00, 0x00, 0xFF, 0xFF, 0x00, 0x00, 0x32, 0x75, 0x00, 0x00,
    0x00, 0x00, 0x00, 0x00, 0x00, 0x00, 0x00, 0x00, 0x03, 0x00, 0x00, 0x00, 0x8C, 0x27, 0x00, 0x00,
    0x00, 0x00, 0x00, 0x00, 0x00, 0x00, 0x00, 0x00, 0xFF, 0xFF, 0x00, 0x00, 0x34, 0x75, 0x00, 0x00,
    0x00, 0x00, 0x00, 0x00, 0x00, 0x00, 0x00, 0x00, 0x03, 0x00, 0x00, 0x00, 0x78, 0x27, 0x00, 0x00,
    0x00, 0x00, 0x00, 0x00, 0x00, 0x00, 0x00, 0x00, 0xFF, 0xFF, 0x00, 0x00, 0x41, 0x75, 0x00, 0x00,
    0x00, 0x00, 0x00, 0x00, 0x00, 0x00, 0x00, 0x00, 0x03, 0x00, 0x00, 0x00, 0x64, 0x27, 0x00, 0x00,
    0x00, 0x00, 0x00, 0x00, 0x00, 0x00, 0x00, 0x00, 0xFF, 0xFF, 0x00, 0x00, 0x32, 0x75, 0x00, 0x00,
    0x00, 0x00, 0x00, 0x00, 0x00, 0x00, 0x00, 0x00, 0x03, 0x00, 0x00, 0x00, 0x50, 0x27, 0x00, 0x00,
    0x00, 0x00, 0x00, 0x00, 0x00, 0x00, 0x00, 0x00, 0xFF, 0xFF, 0x00, 0x00, 0x32, 0x75, 0x00, 0x00,
    0x00, 0x00, 0x00, 0x00, 0x00, 0x00, 0x00, 0x00, 0x03, 0x00, 0x00, 0x00, 0x3C, 0x27, 0x00, 0x00,
    0x00, 0x00, 0x00, 0x00, 0x00, 0x00, 0x00, 0x00, 0xFF, 0xFF, 0x00, 0x00, 0x34, 0x75, 0x00, 0x00,
    0x00, 0x00, 0x00, 0x00, 0x00, 0x00, 0x00, 0x00, 0x03, 0x00, 0x00, 0x00, 0x28, 0x27, 0x00, 0x00,
    0x00, 0x00, 0x00, 0x00, 0x00, 0x00, 0x00, 0x00, 0xFF, 0xFF, 0x00, 0x00, 0x32, 0x75, 0x00, 0x00,
    0x00, 0x00, 0x00, 0x00, 0x00, 0x00, 0x00, 0x00, 0x03, 0x00, 0x00, 0x00, 0x14, 0x27, 0x00, 0x00,
    0x00, 0x00, 0x00, 0x00, 0x00, 0x00, 0x00, 0x00, 0xFF, 0xFF, 0x00, 0x00, 0x34, 0x75, 0x00, 0x00,
    0x00, 0x00, 0x00, 0x00, 0x00, 0x00, 0x00, 0x00, 0x03, 0x00, 0x00, 0x00, 0x00, 0x27, 0x00, 0x00,
    0x00, 0x00, 0x00, 0x00, 0x00, 0x00, 0x00, 0x00, 0xFF, 0xFF, 0x00, 0x00, 0x32, 0x75, 0x00, 0x00,
    0x00, 0x00, 0x00, 0x00, 0x00, 0x00, 0x00, 0x00, 0x03, 0x00, 0x00, 0x00, 0xEC, 0x26, 0x00, 0x00,
    0x00, 0x00, 0x00, 0x00, 0x00, 0x00, 0x00, 0x00, 0xFF, 0xFF, 0x00, 0x00, 0x32, 0x75, 0x00, 0x00,
    0x00, 0x00, 0x00, 0x00, 0x00, 0x00, 0x00, 0x00, 0x03, 0x00, 0x00, 0x00, 0xD8, 0x26, 0x00, 0x00,
    0x00, 0x00, 0x00, 0x00, 0x00, 0x00, 0x00, 0x00, 0xFF, 0xFF, 0x00, 0x00, 0x34, 0x75, 0x00, 0x00,
    0x00, 0x00, 0x00, 0x00, 0x00, 0x00, 0x00, 0x00, 0x03, 0x00, 0x00, 0x00, 0xC4, 0x26, 0x00, 0x00,
    0x00, 0x00, 0x00, 0x00, 0x00, 0x00, 0x00, 0x00, 0xFF, 0xFF, 0x00, 0x00, 0x34, 0x75, 0x00, 0x00,
    0x00, 0x00, 0x00, 0x00, 0x00, 0x00, 0x00, 0x00, 0x03, 0x00, 0x00, 0x00, 0xB0, 0x26, 0x00, 0x00,
    0x00, 0x00, 0x00, 0x00, 0x00, 0x00, 0x00, 0x00, 0xFF, 0xFF, 0x00, 0x00, 0x35, 0x75, 0x00, 0x00,
    0x00, 0x00, 0x00, 0x00, 0x00, 0x00, 0x00, 0x00, 0x03, 0x00, 0x00, 0x00, 0x9C, 0x26, 0x00, 0x00,
    0x00, 0x00, 0x00, 0x00, 0x00, 0x00, 0x00, 0x00, 0xFF, 0xFF, 0x00, 0x00, 0x32, 0x75, 0x00, 0x00,
    0x00, 0x00, 0x00, 0x00, 0x00, 0x00, 0x00, 0x00, 0x03, 0x00, 0x00, 0x00, 0x88, 0x26, 0x00, 0x00,
    0x00, 0x00, 0x00, 0x00, 0x00, 0x00, 0x00, 0x00, 0xFF, 0xFF, 0x00, 0x00, 0x35, 0x75, 0x00, 0x00,
    0x00, 0x00, 0x00, 0x00, 0x00, 0x00, 0x00, 0x00, 0x03, 0x00, 0x00, 0x00, 0x74, 0x26, 0x00, 0x00,
    0x00, 0x00, 0x00, 0x00, 0x00, 0x00, 0x00, 0x00, 0xFF, 0xFF, 0x00, 0x00, 0x32, 0x75, 0x00, 0x00,
    0x00, 0x00, 0x00, 0x00, 0x00, 0x00, 0x00, 0x00, 0x03, 0x00, 0x00, 0x00, 0x60, 0x26, 0x00, 0x00,
    0x00, 0x00, 0x00, 0x00, 0x00, 0x00, 0x00, 0x00, 0xFF, 0xFF, 0x00, 0x00, 0x3B, 0x75, 0x00, 0x00,
    0x00, 0x00, 0x00, 0x00, 0x00, 0x00, 0x00, 0x00, 0x03, 0x00, 0x00, 0x00, 0x4C, 0x26, 0x00, 0x00,
    0x00, 0x00, 0x00, 0x00, 0x00, 0x00, 0x00, 0x00, 0xFF, 0xFF, 0x00, 0x00, 0x14, 0x04, 0x00, 0x00,
    0x00, 0x00, 0x00, 0x00, 0x00, 0x00, 0x00, 0x00, 0x00, 0x00, 0x00, 0x00, 0x00, 0x00, 0x00, 0x00,
    0x01, 0x00, 0x00, 0x00, 0x30, 0x26, 0x00, 0x00, 0xFF, 0xFF, 0x00, 0x00, 0x01, 0x00, 0x00, 0x00,
    0x28, 0x26, 0x00, 0x00, 0x32, 0x75, 0x00, 0x00, 0x00, 0x00, 0x00, 0x00, 0x00, 0x00, 0x00, 0x00,
    0x03, 0x00, 0x00, 0x00, 0x18, 0x26, 0x00, 0x00, 0x00, 0x00, 0x00, 0x00, 0x00, 0x00, 0x00, 0x00,
    0xFF, 0xFF, 0x00, 0x00, 0x31, 0x75, 0x00, 0x00, 0x00, 0x00, 0x00, 0x00, 0x00, 0x00, 0x00, 0x00,
    0x03, 0x00, 0x00, 0x00, 0x04, 0x26, 0x00, 0x00, 0x00, 0x00, 0x00, 0x00, 0x00, 0x00, 0x00, 0x00,
    0xFF, 0xFF, 0x00, 0x00, 0x35, 0x75, 0x00, 0x00, 0x00, 0x00, 0x00, 0x00, 0x00, 0x00, 0x00, 0x00,
    0x03, 0x00, 0x00, 0x00, 0xF0, 0x25, 0x00, 0x00, 0x00, 0x00, 0x00, 0x00, 0x00, 0x00, 0x00, 0x00,
    0xFF, 0xFF, 0x00, 0x00, 0x32, 0x75, 0x00, 0x00, 0x00, 0x00, 0x00, 0x00, 0x00, 0x00, 0x00, 0x00,
    0x03, 0x00, 0x00, 0x00, 0xDC, 0x25, 0x00, 0x00, 0x00, 0x00, 0x00, 0x00, 0x00, 0x00, 0x00, 0x00,
    0xFF, 0xFF, 0x00, 0x00, 0x32, 0x75, 0x00, 0x00, 0x00, 0x00, 0x00, 0x00, 0x00, 0x00, 0x00, 0x00,
    0x04, 0x00, 0x00, 0x00, 0xC8, 0x25, 0x00, 0x00, 0x00, 0x00, 0x00, 0x00, 0x00, 0x00, 0x00, 0x00,
    0xFF, 0xFF, 0x00, 0x00, 0x32, 0x75, 0x00, 0x00, 0x00, 0x00, 0x00, 0x00, 0x00, 0x00, 0x00, 0x00,
    0x04, 0x00, 0x00, 0x00, 0xB8, 0x25, 0x00, 0x00, 0x00, 0x00, 0x00, 0x00, 0x00, 0x00, 0x00, 0x00,
    0xFF, 0xFF, 0x00, 0x00, 0x32, 0x75, 0x00, 0x00, 0x00, 0x00, 0x00, 0x00, 0x00, 0x00, 0x00, 0x00,
    0x04, 0x00, 0x00, 0x00, 0xA8, 0x25, 0x00, 0x00, 0x00, 0x00, 0x00, 0x00, 0x00, 0x00, 0x00, 0x00,
    0xFF, 0xFF, 0x00, 0x00, 0x34, 0x75, 0x00, 0x00, 0x00, 0x00, 0x00, 0x00, 0x00, 0x00, 0x00, 0x00,
    0x03, 0x00, 0x00, 0x00, 0x98, 0x25, 0x00, 0x00, 0x00, 0x00, 0x00, 0x00, 0x00, 0x00, 0x00, 0x00,
    0xFF, 0xFF, 0x00, 0x00, 0x30, 0x75, 0x00, 0x00, 0x00, 0x00, 0x00, 0x00, 0x00, 0x00, 0x00, 0x00,
    0x03, 0x00, 0x00, 0x00, 0x84, 0x25, 0x00, 0x00, 0x00, 0x00, 0x00, 0x00, 0x00, 0x00, 0x00, 0x00,
    0xFF, 0xFF, 0x00, 0x00, 0x34, 0x75, 0x00, 0x00, 0x00, 0x00, 0x00, 0x00, 0x00, 0x00, 0x00, 0x00,
    0x03, 0x00, 0x00, 0x00, 0x70, 0x25, 0x00, 0x00, 0x00, 0x00, 0x00, 0x00, 0x00, 0x00, 0x00, 0x00,
    0xFF, 0xFF, 0x00, 0x00, 0x32, 0x75, 0x00, 0x00, 0x00, 0x00, 0x00, 0x00, 0x00, 0x00, 0x00, 0x00,
    0x03, 0x00, 0x00, 0x00, 0x5C, 0x25, 0x00, 0x00, 0x00, 0x00, 0x00, 0x00, 0x00, 0x00, 0x00, 0x00,
    0xFF, 0xFF, 0x00, 0x00, 0x32, 0x75, 0x00, 0x00, 0x00, 0x00, 0x00, 0x00, 0x00, 0x00, 0x00, 0x00,
    0x03, 0x00, 0x00, 0x00, 0x48, 0x25, 0x00, 0x00, 0x00, 0x00, 0x00, 0x00, 0x00, 0x00, 0x00, 0x00,
    0xFF, 0xFF, 0x00, 0x00, 0x34, 0x75, 0x00, 0x00, 0x00, 0x00, 0x00, 0x00, 0x00, 0x00, 0x00, 0x00,
    0x03, 0x00, 0x00, 0x00, 0x34, 0x25, 0x00, 0x00, 0x00, 0x00, 0x00, 0x00, 0x00, 0x00, 0x00, 0x00,
    0xFF, 0xFF, 0x00, 0x00, 0x32, 0x75, 0x00, 0x00, 0x00, 0x00, 0x00, 0x00, 0x00, 0x00, 0x00, 0x00,
    0x03, 0x00, 0x00, 0x00, 0x20, 0x25, 0x00, 0x00, 0x00, 0x00, 0x00, 0x00, 0x00, 0x00, 0x00, 0x00,
    0xFF, 0xFF, 0x00, 0x00, 0x32, 0x75, 0x00, 0x00, 0x00, 0x00, 0x00, 0x00, 0x00, 0x00, 0x00, 0x00,
    0x03, 0x00, 0x00, 0x00, 0x0C, 0x25, 0x00, 0x00, 0x00, 0x00, 0x00, 0x00, 0x00, 0x00, 0x00, 0x00,
    0xFF, 0xFF, 0x00, 0x00, 0x34, 0x75, 0x00, 0x00, 0x00, 0x00, 0x00, 0x00, 0x00, 0x00, 0x00, 0x00,
    0x03, 0x00, 0x00, 0x00, 0xF8, 0x24, 0x00, 0x00, 0x00, 0x00, 0x00, 0x00, 0x00, 0x00, 0x00, 0x00,
    0xFF, 0xFF, 0x00, 0x00, 0x32, 0x75, 0x00, 0x00, 0x00, 0x00, 0x00, 0x00, 0x00, 0x00, 0x00, 0x00,
    0x03, 0x00, 0x00, 0x00, 0xE4, 0x24, 0x00, 0x00, 0x00, 0x00, 0x00, 0x00, 0x00, 0x00, 0x00, 0x00,
    0xFF, 0xFF, 0x00, 0x00, 0x32, 0x75, 0x00, 0x00, 0x00, 0x00, 0x00, 0x00, 0x00, 0x00, 0x00, 0x00,
    0x03, 0x00, 0x00, 0x00, 0xD0, 0x24, 0x00, 0x00, 0x00, 0x00, 0x00, 0x00, 0x00, 0x00, 0x00, 0x00,
    0xFF, 0xFF, 0x00, 0x00, 0x32, 0x75, 0x00, 0x00, 0x00, 0x00, 0x00, 0x00, 0x00, 0x00, 0x00, 0x00,
    0x03, 0x00, 0x00, 0x00, 0xBC, 0x24, 0x00, 0x00, 0x00, 0x00, 0x00, 0x00, 0x00, 0x00, 0x00, 0x00,
    0xFF, 0xFF, 0x00, 0x00, 0x33, 0x75, 0x00, 0x00, 0x00, 0x00, 0x00, 0x00, 0x00, 0x00, 0x00, 0x00,
    0x03, 0x00, 0x00, 0x00, 0xA8, 0x24, 0x00, 0x00, 0x00, 0x00, 0x00, 0x00, 0x00, 0x00, 0x00, 0x00,
    0xFF, 0xFF, 0x00, 0x00, 0xA4, 0x24, 0x00, 0x00, 0xA4, 0x24, 0x00, 0x00, 0xA4, 0x24, 0x00, 0x00,
    0xA4, 0x24, 0x00, 0x00, 0xA4, 0x24, 0x00, 0x00, 0xA4, 0x24, 0x00, 0x00, 0xA4, 0x24, 0x00, 0x00,
    0xA4, 0x24, 0x00, 0x00, 0xA4, 0x24, 0x00, 0x00, 0xA4, 0x24, 0x00, 0x00, 0xA4, 0x24, 0x00, 0x00,
    0xA4, 0x24, 0x00, 0x00, 0xA4, 0x24, 0x00, 0x00, 0xA4, 0x24, 0x00, 0x00, 0xA4, 0x24, 0x00, 0x00,
    0xA4, 0x24, 0x00, 0x00, 0xA4, 0x24, 0x00, 0x00, 0xA4, 0x24, 0x00, 0x00, 0xA4, 0x24, 0x00, 0x00,
    0xA4, 0x24, 0x00, 0x00, 0xB4, 0x24, 0x00, 0x00, 0xB4, 0x24, 0x00, 0x00, 0xB4, 0x24, 0x00, 0x00,
    0xB4, 0x24, 0x00, 0x00, 0xB4, 0x24, 0x00, 0x00, 0xB4, 0x24, 0x00, 0x00, 0xB4, 0x24, 0x00, 0x00,
    0xB4, 0x24, 0x00, 0x00, 0xB4, 0x24, 0x00, 0x00, 0xB4, 0x24, 0x00, 0x00, 0xB4, 0x24, 0x00, 0x00,
    0xB4, 0x24, 0x00, 0x00, 0xB4, 0x24, 0x00, 0x00, 0xB4, 0x24, 0x00, 0x00, 0xB4, 0x24, 0x00, 0x00,
    0xB4, 0x24, 0x00, 0x00, 0xB4, 0x24, 0x00, 0x00, 0xB4, 0x24, 0x00, 0x00, 0xB4, 0x24, 0x00, 0x00,
    0xB4, 0x24, 0x00, 0x00, 0xB4, 0x24, 0x00, 0x00, 0xB4, 0x24, 0x00, 0x00, 0xB4, 0x24, 0x00, 0x00,
    0xB4, 0x24, 0x00, 0x00, 0xB4, 0x24, 0x00, 0x00, 0xB4, 0x24, 0x00, 0x00, 0xB4, 0x24, 0x00, 0x00,
    0xB4, 0x24, 0x00, 0x00, 0xB4, 0x24, 0x00, 0x00, 0xB4, 0x24, 0x00, 0x00, 0xB4, 0x24, 0x00, 0x00,
    0xB4, 0x24, 0x00, 0x00, 0xB4, 0x24, 0x00, 0x00, 0xB4, 0x24, 0x00, 0x00, 0xB4, 0x24, 0x00, 0x00,
    0xB4, 0x24, 0x00, 0x00, 0xB4, 0x24, 0x00, 0x00, 0xB4, 0x24, 0x00, 0x00, 0xB4, 0x24, 0x00, 0x00,
    0xB4, 0x24, 0x00, 0x00, 0xB4, 0x24, 0x00, 0x00, 0xB4, 0x24, 0x00, 0x00, 0xB4, 0x24, 0x00, 0x00,
    0xB4, 0x24, 0x00, 0x00, 0xB4, 0x24, 0x00, 0x00, 0xB4, 0x24, 0x00, 0x00, 0xB4, 0x24, 0x00, 0x00,
    0xB4, 0x24, 0x00, 0x00, 0xB4, 0x24, 0x00, 0x00, 0xB4, 0x24, 0x00, 0x00, 0xB4, 0x24, 0x00, 0x00,
    0xB4, 0x24, 0x00, 0x00, 0xB4, 0x24, 0x00, 0x00, 0xB4, 0x24, 0x00, 0x00, 0xB4, 0x24, 0x00, 0x00,
    0xB4, 0x24, 0x00, 0x00, 0xB4, 0x24, 0x00, 0x00, 0xB4, 0x24, 0x00, 0x00, 0xB4, 0x24, 0x00, 0x00,
    0xB4, 0x24, 0x00, 0x00, 0xB4, 0x24, 0x00, 0x00, 0xB4, 0x24, 0x00, 0x00, 0xB4, 0x24, 0x00, 0x00,
    0xB4, 0x24, 0x00, 0x00, 0xB4, 0x24, 0x00, 0x00, 0xB4, 0x24, 0x00, 0x00, 0xB4, 0x24, 0x00, 0x00,
    0xB4, 0x24, 0x00, 0x00, 0xB4, 0x24, 0x00, 0x00, 0xB4, 0x24, 0x00, 0x00, 0xB4, 0x24, 0x00, 0x00,
    0xB4, 0x24, 0x00, 0x00, 0xB4, 0x24, 0x00, 0x00, 0xB4, 0x24, 0x00, 0x00, 0xB4, 0x24, 0x00, 0x00,
    0xB4, 0x24, 0x00, 0x00, 0xB4, 0x24, 0x00, 0x00, 0xB4, 0x24, 0x00, 0x00, 0xB4, 0x24, 0x00, 0x00,
    0xB4, 0x24, 0x00, 0x00, 0xB4, 0x24, 0x00, 0x00, 0xB4, 0x24, 0x00, 0x00, 0xB4, 0x24, 0x00, 0x00,
    0xB4, 0x24, 0x00, 0x00, 0xB4, 0x24, 0x00, 0x00, 0xB4, 0x24, 0x00, 0x00, 0xB4, 0x24, 0x00, 0x00,
    0xB4, 0x24, 0x00, 0x00, 0xB4, 0x24, 0x00, 0x00, 0xB4, 0x24, 0x00, 0x00, 0xB4, 0x24, 0x00, 0x00,
    0xB4, 0x24, 0x00, 0x00, 0xB4, 0x24, 0x00, 0x00, 0xB4, 0x24, 0x00, 0x00, 0xB4, 0x24, 0x00, 0x00,
    0xB4, 0x24, 0x00, 0x00, 0xB4, 0x24, 0x00, 0x00, 0xB4, 0x24, 0x00, 0x00, 0xB4, 0x24, 0x00, 0x00,
    0xB4, 0x24, 0x00, 0x00, 0xB4, 0x24, 0x00, 0x00, 0xB4, 0x24, 0x00, 0x00, 0xB4, 0x24, 0x00, 0x00,
    0xB4, 0x24, 0x00, 0x00, 0xB4, 0x24, 0x00, 0x00, 0xB4, 0x24, 0x00, 0x00, 0xB4, 0x24, 0x00, 0x00,
    0xB4, 0x24, 0x00, 0x00, 0xB4, 0x24, 0x00, 0x00, 0xB4, 0x24, 0x00, 0x00, 0xB4, 0x24, 0x00, 0x00,
    0xB4, 0x24, 0x00, 0x00, 0xB4, 0x24, 0x00, 0x00, 0xB4, 0x24, 0x00, 0x00, 0xB4, 0x24, 0x00, 0x00,
    0xB4, 0x24, 0x00, 0x00, 0xB4, 0x24, 0x00, 0x00, 0xB4, 0x24, 0x00, 0x00, 0xB4, 0x24, 0x00, 0x00,
    0xB4, 0x24, 0x00, 0x00, 0xB4, 0x24, 0x00, 0x00, 0xB4, 0x24, 0x00, 0x00, 0xB4, 0x24, 0x00, 0x00,
    0xB4, 0x24, 0x00, 0x00, 0xB8, 0x24, 0x00, 0x00, 0xB8, 0x24, 0x00, 0x00, 0xB8, 0x24, 0x00, 0x00,
    0xB8, 0x24, 0x00, 0x00, 0xBC, 0x24, 0x00, 0x00, 0xBC, 0x24, 0x00, 0x00, 0xBC, 0x24, 0x00, 0x00,
    0xBC, 0x24, 0x00, 0x00, 0xBC, 0x24, 0x00, 0x00, 0xBC, 0x24, 0x00, 0x00, 0xBC, 0x24, 0x00, 0x00,
    0xC0, 0x24, 0x00, 0x00, 0xC0, 0x24, 0x00, 0x00, 0xC0, 0x24, 0x00, 0x00, 0xC0, 0x24, 0x00, 0x00,
    0xC4, 0x24, 0x00, 0x00, 0xC4, 0x24, 0x00, 0x00, 0xC4, 0x24, 0x00, 0x00, 0xC4, 0x24, 0x00, 0x00,
    0xC4, 0x24, 0x00, 0x00, 0xC4, 0x24, 0x00, 0x00, 0xC4, 0x24, 0x00, 0x00, 0xC4, 0x24, 0x00, 0x00,
    0xC4, 0x24, 0x00, 0x00, 0xC4, 0x24, 0x00, 0x00, 0xC4, 0x24, 0x00, 0x00, 0xC4, 0x24, 0x00, 0x00,
    0xC4, 0x24, 0x00, 0x00, 0xC4, 0x24, 0x00, 0x00, 0xC4, 0x24, 0x00, 0x00, 0xC4, 0x24, 0x00, 0x00,
    0xC4, 0x24, 0x00, 0x00, 0xC4, 0x24, 0x00, 0x00, 0xC4, 0x24, 0x00, 0x00, 0xC4, 0x24, 0x00, 0x00,
    0xC4, 0x24, 0x00, 0x00, 0xC4, 0x24, 0x00, 0x00, 0xC4, 0x24, 0x00, 0x00, 0xC4, 0x24, 0x00, 0x00,
    0xC4, 0x24, 0x00, 0x00, 0xC4, 0x24, 0x00, 0x00, 0xC4, 0x24, 0x00, 0x00, 0xC4, 0x24, 0x00, 0x00,
    0xC4, 0x24, 0x00, 0x00, 0xC4, 0x24, 0x00, 0x00, 0xC4, 0x24, 0x00, 0x00, 0xC4, 0x24, 0x00, 0x00,
    0xC4, 0x24, 0x00, 0x00, 0xC4, 0x24, 0x00, 0x00, 0xC4, 0x24, 0x00, 0x00, 0xC4, 0x24, 0x00, 0x00,
    0xC4, 0x24, 0x00, 0x00, 0xC4, 0x24, 0x00, 0x00, 0xC4, 0x24, 0x00, 0x00, 0xC4, 0x24, 0x00, 0x00,
    0xC4, 0x24, 0x00, 0x00, 0xC4, 0x24, 0x00, 0x00, 0xC4, 0x24, 0x00, 0x00, 0xC4, 0x24, 0x00, 0x00,
    0xC4, 0x24, 0x00, 0x00, 0xC4, 0x24, 0x00, 0x00, 0xC4, 0x24, 0x00, 0x00, 0xC4, 0x24, 0x00, 0x00,
    0xC4, 0x24, 0x00, 0x00, 0xC4, 0x24, 0x00, 0x00, 0xC4, 0x24, 0x00, 0x00, 0xC4, 0x24, 0x00, 0x00,
    0xC4, 0x24, 0x00, 0x00, 0xC4, 0x24, 0x00, 0x00, 0xC4, 0x24, 0x00, 0x00, 0xC4, 0x24, 0x00, 0x00,
    0xC4, 0x24, 0x00, 0x00, 0xC4, 0x24, 0x00, 0x00, 0xC4, 0x24, 0x00, 0x00, 0xC4, 0x24, 0x00, 0x00,
    0xC4, 0x24, 0x00, 0x00, 0xC4, 0x24, 0x00, 0x00, 0xC4, 0x24, 0x00, 0x00, 0xC4, 0x24, 0x00, 0x00,
    0xC4, 0x24, 0x00, 0x00, 0xC4, 0x24, 0x00, 0x00, 0xC4, 0x24, 0x00, 0x00, 0xC4, 0x24, 0x00, 0x00,
    0xC4, 0x24, 0x00, 0x00, 0xC4, 0x24, 0x00, 0x00, 0xC4, 0x24, 0x00, 0x00, 0xC4, 0x24, 0x00, 0x00,
    0xC4, 0x24, 0x00, 0x00, 0xC4, 0x24, 0x00, 0x00, 0xC4, 0x24, 0x00, 0x00, 0xC4, 0x24, 0x00, 0x00,
    0xC4, 0x24, 0x00, 0x00, 0xC4, 0x24, 0x00, 0x00, 0xC4, 0x24, 0x00, 0x00, 0xC4, 0x24, 0x00, 0x00,
    0xC4, 0x24, 0x00, 0x00, 0xC4, 0x24, 0x00, 0x00, 0xC4, 0x24, 0x00, 0x00, 0xC4, 0x24, 0x00, 0x00,
    0xC4, 0x24, 0x00, 0x00, 0xC4, 0x24, 0x00, 0x00, 0xC4, 0x24, 0x00, 0x00, 0xC4, 0x24, 0x00, 0x00,
    0xC4, 0x24, 0x00, 0x00, 0xC4, 0x24, 0x00, 0x00, 0xC4, 0x24, 0x00, 0x00, 0xC4, 0x24, 0x00, 0x00,
    0xC4, 0x24, 0x00, 0x00, 0xC4, 0x24, 0x00, 0x00, 0xC4, 0x24, 0x00, 0x00, 0xC4, 0x24, 0x00, 0x00,
    0xC4, 0x24, 0x00, 0x00, 0xC4, 0x24, 0x00, 0x00, 0xC4, 0x24, 0x00, 0x00, 0xC4, 0x24, 0x00, 0x00,
    0xC4, 0x24, 0x00, 0x00, 0xC4, 0x24, 0x00, 0x00, 0xC4, 0x24, 0x00, 0x00, 0xC4, 0x24, 0x00, 0x00,
    0xC4, 0x24, 0x00, 0x00, 0xC4, 0x24, 0x00, 0x00, 0xC4, 0x24, 0x00, 0x00, 0xC4, 0x24, 0x00, 0x00,
    0xC4, 0x24, 0x00, 0x00, 0xC4, 0x24, 0x00, 0x00, 0xC4, 0x24, 0x00, 0x00, 0xC4, 0x24, 0x00, 0x00,
    0xC4, 0x24, 0x00, 0x00, 0xC4, 0x24, 0x00, 0x00, 0xC4, 0x24, 0x00, 0x00, 0xC4, 0x24, 0x00, 0x00,
    0xC4, 0x24, 0x00, 0x00, 0xC4, 0x24, 0x00, 0x00, 0xC4, 0x24, 0x00, 0x00, 0xC4, 0x24, 0x00, 0x00,
    0xC4, 0x24, 0x00, 0x00, 0xC4, 0x24, 0x00, 0x00, 0xC4, 0x24, 0x00, 0x00, 0xC4, 0x24, 0x00, 0x00,
    0xC4, 0x24, 0x00, 0x00, 0xC4, 0x24, 0x00, 0x00, 0xC4, 0x24, 0x00, 0x00, 0xC4, 0x24, 0x00, 0x00,
    0xC4, 0x24, 0x00, 0x00, 0xC4, 0x24, 0x00, 0x00, 0xC4, 0x24, 0x00, 0x00, 0xC4, 0x24, 0x00, 0x00,
    0xC4, 0x24, 0x00, 0x00, 0xC4, 0x24, 0x00, 0x00, 0xC4, 0x24, 0x00, 0x00, 0xC4, 0x24, 0x00, 0x00,
    0xC4, 0x24, 0x00, 0x00, 0xC4, 0x24, 0x00, 0x00, 0xC4, 0x24, 0x00, 0x00, 0xC4, 0x24, 0x00, 0x00,
    0xC4, 0x24, 0x00, 0x00, 0xC4, 0x24, 0x00, 0x00, 0xC4, 0x24, 0x00, 0x00, 0xC4, 0x24, 0x00, 0x00,
    0xC4, 0x24, 0x00, 0x00, 0xC4, 0x24, 0x00, 0x00, 0xC4, 0x24, 0x00, 0x00, 0xC4, 0x24, 0x00, 0x00,
    0xC4, 0x24, 0x00, 0x00, 0xC4, 0x24, 0x00, 0x00, 0xC4, 0x24, 0x00, 0x00, 0xC4, 0x24, 0x00, 0x00,
    0xC4, 0x24, 0x00, 0x00, 0xC4, 0x24, 0x00, 0x00, 0xC4, 0x24, 0x00, 0x00, 0xC4, 0x24, 0x00, 0x00,
    0xC4, 0x24, 0x00, 0x00, 0xC4, 0x24, 0x00, 0x00, 0xC4, 0x24, 0x00, 0x00, 0xC4, 0x24, 0x00, 0x00,
    0xC4, 0x24, 0x00, 0x00, 0xC4, 0x24, 0x00, 0x00, 0xC4, 0x24, 0x00, 0x00, 0xC4, 0x24, 0x00, 0x00,
    0xC4, 0x24, 0x00, 0x00, 0xC4, 0x24, 0x00, 0x00, 0xC4, 0x24, 0x00, 0x00, 0xC4, 0x24, 0x00, 0x00,
    0xC4, 0x24, 0x00, 0x00, 0xC4, 0x24, 0x00, 0x00, 0xC4, 0x24, 0x00, 0x00, 0xC4, 0x24, 0x00, 0x00,
    0xC4, 0x24, 0x00, 0x00, 0xC4, 0x24, 0x00, 0x00, 0xC4, 0x24, 0x00, 0x00, 0xC4, 0x24, 0x00, 0x00,
    0xC4, 0x24, 0x00, 0x00, 0xC4, 0x24, 0x00, 0x00, 0xC4, 0x24, 0x00, 0x00, 0xC4, 0x24, 0x00, 0x00,
    0xC4, 0x24, 0x00, 0x00, 0xC4, 0x24, 0x00, 0x00, 0xC4, 0x24, 0x00, 0x00, 0xC4, 0x24, 0x00, 0x00,
    0xC4, 0x24, 0x00, 0x00, 0xC4, 0x24, 0x00, 0x00, 0xC4, 0x24, 0x00, 0x00, 0xC4, 0x24, 0x00, 0x00,
    0xC4, 0x24, 0x00, 0x00, 0xC4, 0x24, 0x00, 0x00, 0xC4, 0x24, 0x00, 0x00, 0xC4, 0x24, 0x00, 0x00,
    0xC4, 0x24, 0x00, 0x00, 0xC4, 0x24, 0x00, 0x00, 0xC4, 0x24, 0x00, 0x00, 0xC4, 0x24, 0x00, 0x00,
    0xC4, 0x24, 0x00, 0x00, 0xC4, 0x24, 0x00, 0x00, 0xC4, 0x24, 0x00, 0x00, 0xC4, 0x24, 0x00, 0x00,
    0xC4, 0x24, 0x00, 0x00, 0xC4, 0x24, 0x00, 0x00, 0xC4, 0x24, 0x00, 0x00, 0xC4, 0x24, 0x00, 0x00,
    0xC4, 0x24, 0x00, 0x00, 0xC4, 0x24, 0x00, 0x00, 0xC4, 0x24, 0x00, 0x00, 0xC4, 0x24, 0x00, 0x00,
    0xC4, 0x24, 0x00, 0x00, 0xC4, 0x24, 0x00, 0x00, 0xC4, 0x24, 0x00, 0x00, 0xC4, 0x24, 0x00, 0x00,
    0xC4, 0x24, 0x00, 0x00, 0xC4, 0x24, 0x00, 0x00, 0xC4, 0x24, 0x00, 0x00, 0xC4, 0x24, 0x00, 0x00,
    0xC4, 0x24, 0x00, 0x00, 0xC4, 0x24, 0x00, 0x00, 0xC4, 0x24, 0x00, 0x00, 0xC4, 0x24, 0x00, 0x00,
    0xC4, 0x24, 0x00, 0x00, 0xC4, 0x24, 0x00, 0x00, 0xC4, 0x24, 0x00, 0x00, 0xC4, 0x24, 0x00, 0x00,
    0xC4, 0x24, 0x00, 0x00, 0xC4, 0x24, 0x00, 0x00, 0xC4, 0x24, 0x00, 0x00, 0xC4, 0x24, 0x00, 0x00,
    0xC4, 0x24, 0x00, 0x00, 0xC4, 0x24, 0x00, 0x00, 0xC4, 0x24, 0x00, 0x00, 0xC4, 0x24, 0x00, 0x00,
    0xC4, 0x24, 0x00, 0x00, 0xC4, 0x24, 0x00, 0x00, 0xC4, 0x24, 0x00, 0x00, 0xC4, 0x24, 0x00, 0x00,
    0xC4, 0x24, 0x00, 0x00, 0xC4, 0x24, 0x00, 0x00, 0xC4, 0x24, 0x00, 0x00, 0xC4, 0x24, 0x00, 0x00,
    0xC4, 0x24, 0x00, 0x00, 0xC4, 0x24, 0x00, 0x00, 0xC4, 0x24, 0x00, 0x00, 0xC4, 0x24, 0x00, 0x00,
    0xC4, 0x24, 0x00, 0x00, 0xC4, 0x24, 0x00, 0x00, 0xC4, 0x24, 0x00, 0x00, 0xC4, 0x24, 0x00, 0x00,
    0xC4, 0x24, 0x00, 0x00, 0xC4, 0x24, 0x00, 0x00, 0xC4, 0x24, 0x00, 0x00, 0xC4, 0x24, 0x00, 0x00,
    0xC4, 0x24, 0x00, 0x00, 0xC4, 0x24, 0x00, 0x00, 0xC4, 0x24, 0x00, 0x00, 0xC4, 0x24, 0x00, 0x00,
    0xC4, 0x24, 0x00, 0x00, 0xC4, 0x24, 0x00, 0x00, 0xC4, 0x24, 0x00, 0x00, 0xC4, 0x24, 0x00, 0x00,
    0xC4, 0x24, 0x00, 0x00, 0xC4, 0x24, 0x00, 0x00, 0xC4, 0x24, 0x00, 0x00, 0xC4, 0x24, 0x00, 0x00,
    0xC4, 0x24, 0x00, 0x00, 0xC4, 0x24, 0x00, 0x00, 0xC4, 0x24, 0x00, 0x00, 0xC4, 0x24, 0x00, 0x00,
    0xC4, 0x24, 0x00, 0x00, 0xC4, 0x24, 0x00, 0x00, 0xC4, 0x24, 0x00, 0x00, 0xC4, 0x24, 0x00, 0x00,
    0xC4, 0x24, 0x00, 0x00, 0xC4, 0x24, 0x00, 0x00, 0xC4, 0x24, 0x00, 0x00, 0xC4, 0x24, 0x00, 0x00,
    0xC4, 0x24, 0x00, 0x00, 0xC4, 0x24, 0x00, 0x00, 0xC4, 0x24, 0x00, 0x00, 0xC4, 0x24, 0x00, 0x00,
    0xC4, 0x24, 0x00, 0x00, 0xC4, 0x24, 0x00, 0x00, 0xC4, 0x24, 0x00, 0x00, 0xC4, 0x24, 0x00, 0x00,
    0xC4, 0x24, 0x00, 0x00, 0xC4, 0x24, 0x00, 0x00, 0xC4, 0x24, 0x00, 0x00, 0xC4, 0x24, 0x00, 0x00,
    0xC4, 0x24, 0x00, 0x00, 0xC4, 0x24, 0x00, 0x00, 0xC4, 0x24, 0x00, 0x00, 0xC4, 0x24, 0x00, 0x00,
    0xC4, 0x24, 0x00, 0x00, 0xC4, 0x24, 0x00, 0x00, 0xC8, 0x24, 0x00, 0x00, 0xC8, 0x24, 0x00, 0x00,
    0xC8, 0x24, 0x00, 0x00, 0xC8, 0x24, 0x00, 0x00, 0xCC, 0x24, 0x00, 0x00, 0xCC, 0x24, 0x00, 0x00,
    0xCC, 0x24, 0x00, 0x00, 0xCC, 0x24, 0x00, 0x00, 0xCC, 0x24, 0x00, 0x00, 0xCC, 0x24, 0x00, 0x00,
    0xCC, 0x24, 0x00, 0x00, 0xCC, 0x24, 0x00, 0x00, 0xCC, 0x24, 0x00, 0x00, 0xCC, 0x24, 0x00, 0x00,
    0xD0, 0x24, 0x00, 0x00, 0xD0, 0x24, 0x00, 0x00, 0xD0, 0x24, 0x00, 0x00, 0xD0, 0x24, 0x00, 0x00,
    0xD4, 0x24, 0x00, 0x00, 0xD4, 0x24, 0x00, 0x00, 0xD4, 0x24, 0x00, 0x00, 0xD4, 0x24, 0x00, 0x00,
    0xD4, 0x24, 0x00, 0x00, 0xD4, 0x24, 0x00, 0x00, 0xD4, 0x24, 0x00, 0x00, 0xD4, 0x24, 0x00, 0x00,
    0xD4, 0x24, 0x00, 0x00, 0xD4, 0x24, 0x00, 0x00, 0xD4, 0x24, 0x00, 0x00, 0xD4, 0x24, 0x00, 0x00,
    0xD4, 0x24, 0x00, 0x00, 0xD4, 0x24, 0x00, 0x00, 0xD4, 0x24, 0x00, 0x00, 0xD4, 0x24, 0x00, 0x00,
    0xD4, 0x24, 0x00, 0x00, 0xD4, 0x24, 0x00, 0x00, 0xD4, 0x24, 0x00, 0x00, 0xD4, 0x24, 0x00, 0x00,
    0xD4, 0x24, 0x00, 0x00, 0xD4, 0x24, 0x00, 0x00, 0xD4, 0x24, 0x00, 0x00, 0xD4, 0x24, 0x00, 0x00,
    0xD4, 0x24, 0x00, 0x00, 0xD4, 0x24, 0x00, 0x00, 0xD4, 0x24, 0x00, 0x00, 0xD4, 0x24, 0x00, 0x00,
    0xD4, 0x24, 0x00, 0x00, 0xD4, 0x24, 0x00, 0x00, 0xD4, 0x24, 0x00, 0x00, 0xD4, 0x24, 0x00, 0x00,
    0xD4, 0x24, 0x00, 0x00, 0xD4, 0x24, 0x00, 0x00, 0xD4, 0x24, 0x00, 0x00, 0xD4, 0x24, 0x00, 0x00,
    0xD4, 0x24, 0x00, 0x00, 0xD4, 0x24, 0x00, 0x00, 0xD4, 0x24, 0x00, 0x00, 0xD4, 0x24, 0x00, 0x00,
    0xD4, 0x24, 0x00, 0x00, 0xD4, 0x24, 0x00, 0x00, 0xD4, 0x24, 0x00, 0x00, 0xD4, 0x24, 0x00, 0x00,
    0xD4, 0x24, 0x00, 0x00, 0xD4, 0x24, 0x00, 0x00, 0xD4, 0x24, 0x00, 0x00, 0xD4, 0x24, 0x00, 0x00,
    0xD4, 0x24, 0x00, 0x00, 0xD4, 0x24, 0x00, 0x00, 0xD4, 0x24, 0x00, 0x00, 0xD4, 0x24, 0x00, 0x00,
    0xD4, 0x24, 0x00, 0x00, 0xD4, 0x24, 0x00, 0x00, 0xD4, 0x24, 0x00, 0x00, 0xD4, 0x24, 0x00, 0x00,
    0xD4, 0x24, 0x00, 0x00, 0xD4, 0x24, 0x00, 0x00, 0xD4, 0x24, 0x00, 0x00, 0xD4, 0x24, 0x00, 0x00,
    0xD4, 0x24, 0x00, 0x00, 0xD4, 0x24, 0x00, 0x00, 0xD4, 0x24, 0x00, 0x00, 0xD4, 0x24, 0x00, 0x00,
    0xD4, 0x24, 0x00, 0x00, 0xD4, 0x24, 0x00, 0x00, 0xD4, 0x24, 0x00, 0x00, 0xD4, 0x24, 0x00, 0x00,
    0xD4, 0x24, 0x00, 0x00, 0xD4, 0x24, 0x00, 0x00, 0xD4, 0x24, 0x00, 0x00, 0xD4, 0x24, 0x00, 0x00,
    0xD4, 0x24, 0x00, 0x00, 0xD4, 0x24, 0x00, 0x00, 0xD4, 0x24, 0x00, 0x00, 0xD4, 0x24, 0x00, 0x00,
    0xD4, 0x24, 0x00, 0x00, 0xD4, 0x24, 0x00, 0x00, 0xD4, 0x24, 0x00, 0x00, 0xD4, 0x24, 0x00, 0x00,
    0xD4, 0x24, 0x00, 0x00, 0xD4, 0x24, 0x00, 0x00, 0xD4, 0x24, 0x00, 0x00, 0xD4, 0x24, 0x00, 0x00,
    0xD4, 0x24, 0x00, 0x00, 0xD4, 0x24, 0x00, 0x00, 0xD4, 0x24, 0x00, 0x00, 0xD4, 0x24, 0x00, 0x00,
    0xD4, 0x24, 0x00, 0x00, 0xD4, 0x24, 0x00, 0x00, 0xD4, 0x24, 0x00, 0x00, 0xD4, 0x24, 0x00, 0x00,
    0xD4, 0x24, 0x00, 0x00, 0xD4, 0x24, 0x00, 0x00, 0xD4, 0x24, 0x00, 0x00, 0xD4, 0x24, 0x00, 0x00,
    0xD4, 0x24, 0x00, 0x00, 0xD4, 0x24, 0x00, 0x00, 0xD4, 0x24, 0x00, 0x00, 0xD4, 0x24, 0x00, 0x00,
    0xD4, 0x24, 0x00, 0x00, 0xD4, 0x24, 0x00, 0x00, 0xD4, 0x24, 0x00, 0x00, 0xD4, 0x24, 0x00, 0x00,
    0xD4, 0x24, 0x00, 0x00, 0xD4, 0x24, 0x00, 0x00, 0xD4, 0x24, 0x00, 0x00, 0xD4, 0x24, 0x00, 0x00,
    0xD4, 0x24, 0x00, 0x00, 0xD4, 0x24, 0x00, 0x00, 0xD4, 0x24, 0x00, 0x00, 0xD4, 0x24, 0x00, 0x00,
    0xD4, 0x24, 0x00, 0x00, 0xD4, 0x24, 0x00, 0x00, 0xD4, 0x24, 0x00, 0x00, 0xD4, 0x24, 0x00, 0x00,
    0xD4, 0x24, 0x00, 0x00, 0xD4, 0x24, 0x00, 0x00, 0xD4, 0x24, 0x00, 0x00, 0xD4, 0x24, 0x00, 0x00,
    0xD4, 0x24, 0x00, 0x00, 0xD4, 0x24, 0x00, 0x00, 0xD4, 0x24, 0x00, 0x00, 0xD4, 0x24, 0x00, 0x00,
    0xD4, 0x24, 0x00, 0x00, 0xD4, 0x24, 0x00, 0x00, 0xD4, 0x24, 0x00, 0x00, 0xD4, 0x24, 0x00, 0x00,
    0xD4, 0x24, 0x00, 0x00, 0xD4, 0x24, 0x00, 0x00, 0xD4, 0x24, 0x00, 0x00, 0xD4, 0x24, 0x00, 0x00,
    0xD4, 0x24, 0x00, 0x00, 0xD4, 0x24, 0x00, 0x00, 0xD4, 0x24, 0x00, 0x00, 0xD4, 0x24, 0x00, 0x00,
    0xD4, 0x24, 0x00, 0x00, 0xD4, 0x24, 0x00, 0x00, 0xD4, 0x24, 0x00, 0x00, 0xD4, 0x24, 0x00, 0x00,
    0xD4, 0x24, 0x00, 0x00, 0xD4, 0x24, 0x00, 0x00, 0xD4, 0x24, 0x00, 0x00, 0xD4, 0x24, 0x00, 0x00,
    0xD4, 0x24, 0x00, 0x00, 0xD4, 0x24, 0x00, 0x00, 0xD4, 0x24, 0x00, 0x00, 0xD4, 0x24, 0x00, 0x00,
    0xD4, 0x24, 0x00, 0x00, 0xD4, 0x24, 0x00, 0x00, 0xD4, 0x24, 0x00, 0x00, 0xD4, 0x24, 0x00, 0x00,
    0xD4, 0x24, 0x00, 0x00, 0xD4, 0x24, 0x00, 0x00, 0xD4, 0x24, 0x00, 0x00, 0xD4, 0x24, 0x00, 0x00,
    0xD4, 0x24, 0x00, 0x00, 0xD4, 0x24, 0x00, 0x00, 0xD4, 0x24, 0x00, 0x00, 0xD4, 0x24, 0x00, 0x00,
    0xD4, 0x24, 0x00, 0x00, 0xD4, 0x24, 0x00, 0x00, 0xD4, 0x24, 0x00, 0x00, 0xD4, 0x24, 0x00, 0x00,
    0xE4, 0x24, 0x00, 0x00, 0xE4, 0x24, 0x00, 0x00, 0xE4, 0x24, 0x00, 0x00, 0xE4, 0x24, 0x00, 0x00,
    0xE4, 0x24, 0x00, 0x00, 0xE4, 0x24, 0x00, 0x00, 0xE4, 0x24, 0x00, 0x00, 0xE4, 0x24, 0x00, 0x00,
    0xE4, 0x24, 0x00, 0x00, 0xE4, 0x24, 0x00, 0x00, 0xE4, 0x24, 0x00, 0x00, 0xE4, 0x24, 0x00, 0x00,
    0xE4, 0x24, 0x00, 0x00, 0xE4, 0x24, 0x00, 0x00, 0xE4, 0x24, 0x00, 0x00, 0xE4, 0x24, 0x00, 0x00,
    0xE4, 0x24, 0x00, 0x00, 0xE4, 0x24, 0x00, 0x00, 0xE4, 0x24, 0x00, 0x00, 0xE4, 0x24, 0x00, 0x00,
    0xE4, 0x24, 0x00, 0x00, 0xE4, 0x24, 0x00, 0x00, 0xE4, 0x24, 0x00, 0x00, 0xE4, 0x24, 0x00, 0x00,
    0xE4, 0x24, 0x00, 0x00, 0xE4, 0x24, 0x00, 0x00, 0xE4, 0x24, 0x00, 0x00, 0xE4, 0x24, 0x00, 0x00,
    0xE4, 0x24, 0x00, 0x00, 0xE4, 0x24, 0x00, 0x00, 0xE4, 0x24, 0x00, 0x00, 0xE4, 0x24, 0x00, 0x00,
    0xE4, 0x24, 0x00, 0x00, 0xE4, 0x24, 0x00, 0x00, 0xE4, 0x24, 0x00, 0x00, 0xE4, 0x24, 0x00, 0x00,
    0xE4, 0x24, 0x00, 0x00, 0xE4, 0x24, 0x00, 0x00, 0xE4, 0x24, 0x00, 0x00, 0xE4, 0x24, 0x00, 0x00,
    0xE4, 0x24, 0x00, 0x00, 0xE4, 0x24, 0x00, 0x00, 0xE4, 0x24, 0x00, 0x00, 0xE4, 0x24, 0x00, 0x00,
    0xE4, 0x24, 0x00, 0x00, 0xE4, 0x24, 0x00, 0x00, 0xE4, 0x24, 0x00, 0x00, 0xE4, 0x24, 0x00, 0x00,
    0xE4, 0x24, 0x00, 0x00, 0xE4, 0x24, 0x00, 0x00, 0xE4, 0x24, 0x00, 0x00, 0xE4, 0x24, 0x00, 0x00,
    0xE4, 0x24, 0x00, 0x00, 0xE4, 0x24, 0x00, 0x00, 0xE4, 0x24, 0x00, 0x00, 0xE4, 0x24, 0x00, 0x00,
    0xE4, 0x24, 0x00, 0x00, 0xE4, 0x24, 0x00, 0x00, 0xE4, 0x24, 0x00, 0x00, 0xE4, 0x24, 0x00, 0x00,
    0xE4, 0x24, 0x00, 0x00, 0xE4, 0x24, 0x00, 0x00, 0xE4, 0x24, 0x00, 0x00, 0xE4, 0x24, 0x00, 0x00,
    0xE4, 0x24, 0x00, 0x00, 0xE4, 0x24, 0x00, 0x00, 0xE4, 0x24, 0x00, 0x00, 0xE4, 0x24, 0x00, 0x00,
    0xE4, 0x24, 0x00, 0x00, 0xE4, 0x24, 0x00, 0x00, 0xE4, 0x24, 0x00, 0x00, 0xE4, 0x24, 0x00, 0x00,
    0xE4, 0x24, 0x00, 0x00, 0xE4, 0x24, 0x00, 0x00, 0xE4, 0x24, 0x00, 0x00, 0xE4, 0x24, 0x00, 0x00,
    0xE4, 0x24, 0x00, 0x00, 0xE4, 0x24, 0x00, 0x00, 0xE4, 0x24, 0x00, 0x00, 0xE4, 0x24, 0x00, 0x00,
    0xE4, 0x24, 0x00, 0x00, 0xE4, 0x24, 0x00, 0x00, 0xE4, 0x24, 0x00, 0x00, 0xE4, 0x24, 0x00, 0x00,
    0xE4, 0x24, 0x00, 0x00, 0xE4, 0x24, 0x00, 0x00, 0xE4, 0x24, 0x00, 0x00, 0xE4, 0x24, 0x00, 0x00,
    0xE4, 0x24, 0x00, 0x00, 0xE4, 0x24, 0x00, 0x00, 0xE4, 0x24, 0x00, 0x00, 0xE4, 0x24, 0x00, 0x00,
    0xE4, 0x24, 0x00, 0x00, 0xE4, 0x24, 0x00, 0x00, 0xE4, 0x24, 0x00, 0x00, 0xE4, 0x24, 0x00, 0x00,
    0xE4, 0x24, 0x00, 0x00, 0xE4, 0x24, 0x00, 0x00, 0xE4, 0x24, 0x00, 0x00, 0xE4, 0x24, 0x00, 0x00,
    0xE4, 0x24, 0x00, 0x00, 0xE4, 0x24, 0x00, 0x00, 0xE4, 0x24, 0x00, 0x00, 0xE4, 0x24, 0x00, 0x00,
    0xE4, 0x24, 0x00, 0x00, 0xE4, 0x24, 0x00, 0x00, 0xE4, 0x24, 0x00, 0x00, 0xE4, 0x24, 0x00, 0x00,
    0xE4, 0x24, 0x00, 0x00, 0xE4, 0x24, 0x00, 0x00, 0xE4, 0x24, 0x00, 0x00, 0xE4, 0x24, 0x00, 0x00,
    0xE4, 0x24, 0x00, 0x00, 0xE4, 0x24, 0x00, 0x00, 0xE4, 0x24, 0x00, 0x00, 0xE4, 0x24, 0x00, 0x00,
    0xE4, 0x24, 0x00, 0x00, 0xE4, 0x24, 0x00, 0x00, 0xE4, 0x24, 0x00, 0x00, 0xE4, 0x24, 0x00, 0x00,
    0xE4, 0x24, 0x00, 0x00, 0xE4, 0x24, 0x00, 0x00, 0xE4, 0x24, 0x00, 0x00, 0xE4, 0x24, 0x00, 0x00,
    0xE4, 0x24, 0x00, 0x00, 0xE4, 0x24, 0x00, 0x00, 0xE4, 0x24, 0x00, 0x00, 0xE4, 0x24, 0x00, 0x00,
    0xE4, 0x24, 0x00, 0x00, 0xE4, 0x24, 0x00, 0x00, 0xE4, 0x24, 0x00, 0x00, 0xE4, 0x24, 0x00, 0x00,
    0xE4, 0x24, 0x00, 0x00, 0xE4, 0x24, 0x00, 0x00, 0xE4, 0x24, 0x00, 0x00, 0xE4, 0x24, 0x00, 0x00,
    0xE4, 0x24, 0x00, 0x00, 0xE4, 0x24, 0x00, 0x00, 0xE4, 0x24, 0x00, 0x00, 0xE4, 0x24, 0x00, 0x00,
    0xE4, 0x24, 0x00, 0x00, 0xE4, 0x24, 0x00, 0x00, 0xE4, 0x24, 0x00, 0x00, 0xE4, 0x24, 0x00, 0x00,
    0xE4, 0x24, 0x00, 0x00, 0xE4, 0x24, 0x00, 0x00, 0xE4, 0x24, 0x00, 0x00, 0xE4, 0x24, 0x00, 0x00,
    0xE4, 0x24, 0x00, 0x00, 0xE4, 0x24, 0x00, 0x00, 0xE4, 0x24, 0x00, 0x00, 0xE4, 0x24, 0x00, 0x00,
    0xE4, 0x24, 0x00, 0x00, 0xE4, 0x24, 0x00, 0x00, 0xE4, 0x24, 0x00, 0x00, 0xE4, 0x24, 0x00, 0x00,
    0xE4, 0x24, 0x00, 0x00, 0xE4, 0x24, 0x00, 0x00, 0xE4, 0x24, 0x00, 0x00, 0xE4, 0x24, 0x00, 0x00,
    0xE4, 0x24, 0x00, 0x00, 0xE4, 0x24, 0x00, 0x00, 0xE4, 0x24, 0x00, 0x00, 0xE4, 0x24, 0x00, 0x00,
    0xE4, 0x24, 0x00, 0x00, 0xE4, 0x24, 0x00, 0x00, 0xE4, 0x24, 0x00, 0x00, 0xE4, 0x24, 0x00, 0x00,
    0xE4, 0x24, 0x00, 0x00, 0xE4, 0x24, 0x00, 0x00, 0xE4, 0x24, 0x00, 0x00, 0xE4, 0x24, 0x00, 0x00,
    0xE4, 0x24, 0x00, 0x00, 0xE4, 0x24, 0x00, 0x00, 0xE4, 0x24, 0x00, 0x00, 0xE4, 0x24, 0x00, 0x00,
    0xE4, 0x24, 0x00, 0x00, 0xE4, 0x24, 0x00, 0x00, 0xE4, 0x24, 0x00, 0x00, 0xE4, 0x24, 0x00, 0x00,
    0xE4, 0x24, 0x00, 0x00, 0xE4, 0x24, 0x00, 0x00, 0xE4, 0x24, 0x00, 0x00, 0xE4, 0x24, 0x00, 0x00,
    0xE4, 0x24, 0x00, 0x00, 0xE4, 0x24, 0x00, 0x00, 0xE4, 0x24, 0x00, 0x00, 0xE4, 0x24, 0x00, 0x00,
    0xE4, 0x24, 0x00, 0x00, 0xE4, 0x24, 0x00, 0x00, 0xE4, 0x24, 0x00, 0x00, 0xE4, 0x24, 0x00, 0x00,
    0xE4, 0x24, 0x00, 0x00, 0xE4, 0x24, 0x00, 0x00, 0xE4, 0x24, 0x00, 0x00, 0xE4, 0x24, 0x00, 0x00,
    0xE4, 0x24, 0x00, 0x00, 0xE4, 0x24, 0x00, 0x00, 0xE4, 0x24, 0x00, 0x00, 0xE4, 0x24, 0x00, 0x00,
    0xE4, 0x24, 0x00, 0x00, 0xE4, 0x24, 0x00, 0x00, 0xE4, 0x24, 0x00, 0x00, 0xE4, 0x24, 0x00, 0x00,
    0xE4, 0x24, 0x00, 0x00, 0xE4, 0x24, 0x00, 0x00, 0xE4, 0x24, 0x00, 0x00, 0xE4, 0x24, 0x00, 0x00,
    0xE4, 0x24, 0x00, 0x00, 0xE4, 0x24, 0x00, 0x00, 0xE4, 0x24, 0x00, 0x00, 0xE4, 0x24, 0x00, 0x00,
    0xE4, 0x24, 0x00, 0x00, 0xE4, 0x24, 0x00, 0x00, 0xE4, 0x24, 0x00, 0x00, 0xE4, 0x24, 0x00, 0x00,
    0xE4, 0x24, 0x00, 0x00, 0xE4, 0x24, 0x00, 0x00, 0xE4, 0x24, 0x00, 0x00, 0xE4, 0x24, 0x00, 0x00,
    0xE4, 0x24, 0x00, 0x00, 0xE4, 0x24, 0x00, 0x00, 0xE4, 0x24, 0x00, 0x00, 0xE4, 0x24, 0x00, 0x00,
    0xE4, 0x24, 0x00, 0x00, 0xE4, 0x24, 0x00, 0x00, 0xE4, 0x24, 0x00, 0x00, 0xE4, 0x24, 0x00, 0x00,
    0xE4, 0x24, 0x00, 0x00, 0xE4, 0x24, 0x00, 0x00, 0xE4, 0x24, 0x00, 0x00, 0xE4, 0x24, 0x00, 0x00,
    0xE4, 0x24, 0x00, 0x00, 0xE4, 0x24, 0x00, 0x00, 0xE4, 0x24, 0x00, 0x00, 0xE4, 0x24, 0x00, 0x00,
    0xE4, 0x24, 0x00, 0x00, 0xE4, 0x24, 0x00, 0x00, 0xE4, 0x24, 0x00, 0x00, 0xE4, 0x24, 0x00, 0x00,
    0xE4, 0x24, 0x00, 0x00, 0xE4, 0x24, 0x00, 0x00, 0xE4, 0x24, 0x00, 0x00, 0xE4, 0x24, 0x00, 0x00,
    0xE4, 0x24, 0x00, 0x00, 0xE4, 0x24, 0x00, 0x00, 0xE4, 0x24, 0x00, 0x00, 0xE4, 0x24, 0x00, 0x00,
    0xE4, 0x24, 0x00, 0x00, 0xE4, 0x24, 0x00, 0x00, 0xE4, 0x24, 0x00, 0x00, 0xE4, 0x24, 0x00, 0x00,
    0xE4, 0x24, 0x00, 0x00, 0xE4, 0x24, 0x00, 0x00, 0xE4, 0x24, 0x00, 0x00, 0xE4, 0x24, 0x00, 0x00,
    0xE4, 0x24, 0x00, 0x00, 0xE4, 0x24, 0x00, 0x00, 0xE4, 0x24, 0x00, 0x00, 0xE4, 0x24, 0x00, 0x00,
    0xE4, 0x24, 0x00, 0x00, 0xE4, 0x24, 0x00, 0x00, 0xE4, 0x24, 0x00, 0x00, 0xE4, 0x24, 0x00, 0x00,
    0xE4, 0x24, 0x00, 0x00, 0xE4, 0x24, 0x00, 0x00, 0xE4, 0x24, 0x00, 0x00, 0xE4, 0x24, 0x00, 0x00,
    0xE4, 0x24, 0x00, 0x00, 0xE4, 0x24, 0x00, 0x00, 0xE4, 0x24, 0x00, 0x00, 0xE4, 0x24, 0x00, 0x00,
    0xE4, 0x24, 0x00, 0x00, 0xE4, 0x24, 0x00, 0x00, 0xE4, 0x24, 0x00, 0x00, 0xE4, 0x24, 0x00, 0x00,
    0xE4, 0x24, 0x00, 0x00, 0xE4, 0x24, 0x00, 0x00, 0xE4, 0x24, 0x00, 0x00, 0xE4, 0x24, 0x00, 0x00,
    0xE4, 0x24, 0x00, 0x00, 0xE4, 0x24, 0x00, 0x00, 0xE4, 0x24, 0x00, 0x00, 0xE4, 0x24, 0x00, 0x00,
    0xE4, 0x24, 0x00, 0x00, 0xE4, 0x24, 0x00, 0x00, 0xE4, 0x24, 0x00, 0x00, 0xE4, 0x24, 0x00, 0x00,
    0xE4, 0x24, 0x00, 0x00, 0xE4, 0x24, 0x00, 0x00, 0xE4, 0x24, 0x00, 0x00, 0xE4, 0x24, 0x00, 0x00,
    0xE4, 0x24, 0x00, 0x00, 0xE4, 0x24, 0x00, 0x00, 0xE4, 0x24, 0x00, 0x00, 0xE4, 0x24, 0x00, 0x00,
    0xE4, 0x24, 0x00, 0x00, 0xE4, 0x24, 0x00, 0x00, 0xE4, 0x24, 0x00, 0x00, 0xE4, 0x24, 0x00, 0x00,
    0xE4, 0x24, 0x00, 0x00, 0xE4, 0x24, 0x00, 0x00, 0xE4, 0x24, 0x00, 0x00, 0xE4, 0x24, 0x00, 0x00,
    0xE4, 0x24, 0x00, 0x00, 0xE4, 0x24, 0x00, 0x00, 0xE4, 0x24, 0x00, 0x00, 0xE4, 0x24, 0x00, 0x00,
    0xE4, 0x24, 0x00, 0x00, 0xE4, 0x24, 0x00, 0x00, 0xE4, 0x24, 0x00, 0x00, 0xE4, 0x24, 0x00, 0x00,
    0xE4, 0x24, 0x00, 0x00, 0xE4, 0x24, 0x00, 0x00, 0xE4, 0x24, 0x00, 0x00, 0xE4, 0x24, 0x00, 0x00,
    0xE4, 0x24, 0x00, 0x00, 0xE4, 0x24, 0x00, 0x00, 0xE4, 0x24, 0x00, 0x00, 0xE4, 0x24, 0x00, 0x00,
    0xE4, 0x24, 0x00, 0x00, 0xE4, 0x24, 0x00, 0x00, 0xE4, 0x24, 0x00, 0x00, 0xE4, 0x24, 0x00, 0x00,
    0xE4, 0x24, 0x00, 0x00, 0xE4, 0x24, 0x00, 0x00, 0xE4, 0x24, 0x00, 0x00, 0xE4, 0x24, 0x00, 0x00,
    0xE4, 0x24, 0x00, 0x00, 0xE4, 0x24, 0x00, 0x00, 0xE4, 0x24, 0x00, 0x00, 0xE4, 0x24, 0x00, 0x00,
    0xE4, 0x24, 0x00, 0x00, 0xE4, 0x24, 0x00, 0x00, 0xE4, 0x24, 0x00, 0x00, 0xE4, 0x24, 0x00, 0x00,
    0xE4, 0x24, 0x00, 0x00, 0xE4, 0x24, 0x00, 0x00, 0xE4, 0x24, 0x00, 0x00, 0xE4, 0x24, 0x00, 0x00,
    0xE4, 0x24, 0x00, 0x00, 0xE4, 0x24, 0x00, 0x00, 0xE4, 0x24, 0x00, 0x00, 0xE4, 0x24, 0x00, 0x00,
    0xE4, 0x24, 0x00, 0x00, 0xE4, 0x24, 0x00, 0x00, 0xE4, 0x24, 0x00, 0x00, 0xE4, 0x24, 0x00, 0x00,
    0xE4, 0x24, 0x00, 0x00, 0xE4, 0x24, 0x00, 0x00, 0xE4, 0x24, 0x00, 0x00, 0xE4, 0x24, 0x00, 0x00,
    0xE4, 0x24, 0x00, 0x00, 0xE4, 0x24, 0x00, 0x00, 0xE4, 0x24, 0x00, 0x00, 0xE4, 0x24, 0x00, 0x00,
    0xE4, 0x24, 0x00, 0x00, 0xE4, 0x24, 0x00, 0x00, 0xE4, 0x24, 0x00, 0x00, 0xE4, 0x24, 0x00, 0x00,
    0xE4, 0x24, 0x00, 0x00, 0xE4, 0x24, 0x00, 0x00, 0xE4, 0x24, 0x00, 0x00, 0xE4, 0x24, 0x00, 0x00,
    0xE4, 0x24, 0x00, 0x00, 0xE4, 0x24, 0x00, 0x00, 0xE4, 0x24, 0x00, 0x00, 0xE4, 0x24, 0x00, 0x00,
    0xE4, 0x24, 0x00, 0x00, 0xE4, 0x24, 0x00, 0x00, 0xE4, 0x24, 0x00, 0x00, 0xE4, 0x24, 0x00, 0x00,
    0xE4, 0x24, 0x00, 0x00, 0xE4, 0x24, 0x00, 0x00, 0xE4, 0x24, 0x00, 0x00, 0xE4, 0x24, 0x00, 0x00,
    0xE4, 0x24, 0x00, 0x00, 0xE4, 0x24, 0x00, 0x00, 0xE4, 0x24, 0x00, 0x00, 0xE4, 0x24, 0x00, 0x00,
    0xE4, 0x24, 0x00, 0x00, 0xE4, 0x24, 0x00, 0x00, 0xE4, 0x24, 0x00, 0x00, 0xE4, 0x24, 0x00, 0x00,
    0xE4, 0x24, 0x00, 0x00, 0xE4, 0x24, 0x00, 0x00, 0xE4, 0x24, 0x00, 0x00, 0xE4, 0x24, 0x00, 0x00,
    0xE4, 0x24, 0x00, 0x00, 0xE4, 0x24, 0x00, 0x00, 0xE4, 0x24, 0x00, 0x00, 0xE4, 0x24, 0x00, 0x00,
    0xE4, 0x24, 0x00, 0x00, 0xE4, 0x24, 0x00, 0x00, 0xE4, 0x24, 0x00, 0x00, 0xE4, 0x24, 0x00, 0x00,
    0xE4, 0x24, 0x00, 0x00, 0xE4, 0x24, 0x00, 0x00, 0xE4, 0x24, 0x00, 0x00, 0xE4, 0x24, 0x00, 0x00,
    0xE4, 0x24, 0x00, 0x00, 0xE4, 0x24, 0x00, 0x00, 0xE4, 0x24, 0x00, 0x00, 0xE4, 0x24, 0x00, 0x00,
    0xE4, 0x24, 0x00, 0x00, 0xE4, 0x24, 0x00, 0x00, 0xE4, 0x24, 0x00, 0x00, 0xE4, 0x24, 0x00, 0x00,
    0xE4, 0x24, 0x00, 0x00, 0xE4, 0x24, 0x00, 0x00, 0xE4, 0x24, 0x00, 0x00, 0xE4, 0x24, 0x00, 0x00,
    0xE4, 0x24, 0x00, 0x00, 0xE4, 0x24, 0x00, 0x00, 0xE4, 0x24, 0x00, 0x00, 0xE4, 0x24, 0x00, 0x00,
    0xE4, 0x24, 0x00, 0x00, 0xE4, 0x24, 0x00, 0x00, 0xE4, 0x24, 0x00, 0x00, 0xE4, 0x24, 0x00, 0x00,
    0xE4, 0x24, 0x00, 0x00, 0xE4, 0x24, 0x00, 0x00, 0xE4, 0x24, 0x00, 0x00, 0xE4, 0x24, 0x00, 0x00,
    0xE4, 0x24, 0x00, 0x00, 0xE4, 0x24, 0x00, 0x00, 0xE4, 0x24, 0x00, 0x00, 0xE4, 0x24, 0x00, 0x00,
    0xE4, 0x24, 0x00, 0x00, 0xE4, 0x24, 0x00, 0x00, 0xE4, 0x24, 0x00, 0x00, 0xE4, 0x24, 0x00, 0x00,
    0xE4, 0x24, 0x00, 0x00, 0xE4, 0x24, 0x00, 0x00, 0xE4, 0x24, 0x00, 0x00, 0xE4, 0x24, 0x00, 0x00,
    0xE4, 0x24, 0x00, 0x00, 0xE4, 0x24, 0x00, 0x00, 0xE4, 0x24, 0x00, 0x00, 0xE4, 0x24, 0x00, 0x00,
    0xE4, 0x24, 0x00, 0x00, 0xE4, 0x24, 0x00, 0x00, 0xE4, 0x24, 0x00, 0x00, 0xE4, 0x24, 0x00, 0x00,
    0xE4, 0x24, 0x00, 0x00, 0xE4, 0x24, 0x00, 0x00, 0xE4, 0x24, 0x00, 0x00, 0xE4, 0x24, 0x00, 0x00,
    0xE4, 0x24, 0x00, 0x00, 0xE4, 0x24, 0x00, 0x00, 0xE4, 0x24, 0x00, 0x00, 0xE4, 0x24, 0x00, 0x00,
    0xE4, 0x24, 0x00, 0x00, 0xE4, 0x24, 0x00, 0x00, 0xE4, 0x24, 0x00, 0x00, 0xE4, 0x24, 0x00, 0x00,
    0xE4, 0x24, 0x00, 0x00, 0xE4, 0x24, 0x00, 0x00, 0xE4, 0x24, 0x00, 0x00, 0xE4, 0x24, 0x00, 0x00,
    0xE4, 0x24, 0x00, 0x00, 0xE4, 0x24, 0x00, 0x00, 0xE4, 0x24, 0x00, 0x00, 0xE4, 0x24, 0x00, 0x00,
    0xE4, 0x24, 0x00, 0x00, 0xE4, 0x24, 0x00, 0x00, 0xE4, 0x24, 0x00, 0x00, 0xE4, 0x24, 0x00, 0x00,
    0xE4, 0x24, 0x00, 0x00, 0xE4, 0x24, 0x00, 0x00, 0xE4, 0x24, 0x00, 0x00, 0xE4, 0x24, 0x00, 0x00,
    0xE4, 0x24, 0x00, 0x00, 0xE4, 0x24, 0x00, 0x00, 0xE4, 0x24, 0x00, 0x00, 0xE4, 0x24, 0x00, 0x00,
    0xE4, 0x24, 0x00, 0x00, 0xE4, 0x24, 0x00, 0x00, 0xE4, 0x24, 0x00, 0x00, 0xE4, 0x24, 0x00, 0x00,
    0xE4, 0x24, 0x00, 0x00, 0xE4, 0x24, 0x00, 0x00, 0xE4, 0x24, 0x00, 0x00, 0xE4, 0x24, 0x00, 0x00,
    0xE4, 0x24, 0x00, 0x00, 0xE4, 0x24, 0x00, 0x00, 0xE4, 0x24, 0x00, 0x00, 0xE4, 0x24, 0x00, 0x00,
    0xE4, 0x24, 0x00, 0x00, 0xE4, 0x24, 0x00, 0x00, 0xE4, 0x24, 0x00, 0x00, 0xE4, 0x24, 0x00, 0x00,
    0xE4, 0x24, 0x00, 0x00, 0xE4, 0x24, 0x00, 0x00, 0xE4, 0x24, 0x00, 0x00, 0xE4, 0x24, 0x00, 0x00,
    0xE4, 0x24, 0x00, 0x00, 0xE4, 0x24, 0x00, 0x00, 0xE4, 0x24, 0x00, 0x00, 0xE4, 0x24, 0x00, 0x00,
    0xE4, 0x24, 0x00, 0x00, 0xE4, 0x24, 0x00, 0x00, 0xE4, 0x24, 0x00, 0x00, 0xE4, 0x24, 0x00, 0x00,
    0xE4, 0x24, 0x00, 0x00, 0xE4, 0x24, 0x00, 0x00, 0xE4, 0x24, 0x00, 0x00, 0xE4, 0x24, 0x00, 0x00,
    0xE4, 0x24, 0x00, 0x00, 0xE4, 0x24, 0x00, 0x00, 0xE4, 0x24, 0x00, 0x00, 0xE4, 0x24, 0x00, 0x00,
    0xE4, 0x24, 0x00, 0x00, 0xE4, 0x24, 0x00, 0x00, 0xE4, 0x24, 0x00, 0x00, 0xE4, 0x24, 0x00, 0x00,
    0xE4, 0x24, 0x00, 0x00, 0xE4, 0x24, 0x00, 0x00, 0xE4, 0x24, 0x00, 0x00, 0xE4, 0x24, 0x00, 0x00,
    0xE4, 0x24, 0x00, 0x00, 0xE4, 0x24, 0x00, 0x00, 0xE4, 0x24, 0x00, 0x00, 0xE4, 0x24, 0x00, 0x00,
    0xE4, 0x24, 0x00, 0x00, 0xE4, 0x24, 0x00, 0x00, 0xE4, 0x24, 0x00, 0x00, 0xE4, 0x24, 0x00, 0x00,
    0xE4, 0x24, 0x00, 0x00, 0xE4, 0x24, 0x00, 0x00, 0xE4, 0x24, 0x00, 0x00, 0xE4, 0x24, 0x00, 0x00,
    0xE4, 0x24, 0x00, 0x00, 0xE4, 0x24, 0x00, 0x00, 0xE4, 0x24, 0x00, 0x00, 0xE4, 0x24, 0x00, 0x00,
    0xE4, 0x24, 0x00, 0x00, 0xE4, 0x24, 0x00, 0x00, 0xE4, 0x24, 0x00, 0x00, 0xE4, 0x24, 0x00, 0x00,
    0xE4, 0x24, 0x00, 0x00, 0xE4, 0x24, 0x00, 0x00, 0xE4, 0x24, 0x00, 0x00, 0xE4, 0x24, 0x00, 0x00,
    0xE4, 0x24, 0x00, 0x00, 0xE4, 0x24, 0x00, 0x00, 0xE4, 0x24, 0x00, 0x00, 0xE4, 0x24, 0x00, 0x00,
    0xE4, 0x24, 0x00, 0x00, 0xE4, 0x24, 0x00, 0x00, 0xE4, 0x24, 0x00, 0x00, 0xE4, 0x24, 0x00, 0x00,
    0xE4, 0x24, 0x00, 0x00, 0xE4, 0x24, 0x00, 0x00, 0xE4, 0x24, 0x00, 0x00, 0xE4, 0x24, 0x00, 0x00,
    0xE4, 0x24, 0x00, 0x00, 0xE4, 0x24, 0x00, 0x00, 0xE4, 0x24, 0x00, 0x00, 0xE4, 0x24, 0x00, 0x00,
    0xE4, 0x24, 0x00, 0x00, 0xE4, 0x24, 0x00, 0x00, 0xE4, 0x24, 0x00, 0x00, 0xE4, 0x24, 0x00, 0x00,
    0xE4, 0x24, 0x00, 0x00, 0xE4, 0x24, 0x00, 0x00, 0xE4, 0x24, 0x00, 0x00, 0xE4, 0x24, 0x00, 0x00,
    0xE4, 0x24, 0x00, 0x00, 0xE4, 0x24, 0x00, 0x00, 0xE4, 0x24, 0x00, 0x00, 0xE4, 0x24, 0x00, 0x00,
    0xE4, 0x24, 0x00, 0x00, 0xE4, 0x24, 0x00, 0x00, 0xE4, 0x24, 0x00, 0x00, 0xE4, 0x24, 0x00, 0x00,
    0xE4, 0x24, 0x00, 0x00, 0xE4, 0x24, 0x00, 0x00, 0xE4, 0x24, 0x00, 0x00, 0xE4, 0x24, 0x00, 0x00,
    0xE4, 0x24, 0x00, 0x00, 0xE4, 0x24, 0x00, 0x00, 0xE4, 0x24, 0x00, 0x00, 0xE4, 0x24, 0x00, 0x00,
    0xE4, 0x24, 0x00, 0x00, 0xE4, 0x24, 0x00, 0x00, 0xE4, 0x24, 0x00, 0x00, 0xE4, 0x24, 0x00, 0x00,
    0xE4, 0x24, 0x00, 0x00, 0xE4, 0x24, 0x00, 0x00, 0xE4, 0x24, 0x00, 0x00, 0xE4, 0x24, 0x00, 0x00,
    0xE4, 0x24, 0x00, 0x00, 0xE4, 0x24, 0x00, 0x00, 0xE4, 0x24, 0x00, 0x00, 0xE4, 0x24, 0x00, 0x00,
    0xE4, 0x24, 0x00, 0x00, 0xE4, 0x24, 0x00, 0x00, 0xE4, 0x24, 0x00, 0x00, 0xE4, 0x24, 0x00, 0x00,
    0xE4, 0x24, 0x00, 0x00, 0xE4, 0x24, 0x00, 0x00, 0xE4, 0x24, 0x00, 0x00, 0xE4, 0x24, 0x00, 0x00,
    0xE4, 0x24, 0x00, 0x00, 0xE4, 0x24, 0x00, 0x00, 0xE4, 0x24, 0x00, 0x00, 0xE4, 0x24, 0x00, 0x00,
    0xE4, 0x24, 0x00, 0x00, 0xE4, 0x24, 0x00, 0x00, 0xE4, 0x24, 0x00, 0x00, 0xE4, 0x24, 0x00, 0x00,
    0xE4, 0x24, 0x00, 0x00, 0xE4, 0x24, 0x00, 0x00, 0xE4, 0x24, 0x00, 0x00, 0xE4, 0x24, 0x00, 0x00,
    0xE4, 0x24, 0x00, 0x00, 0xE4, 0x24, 0x00, 0x00, 0xE4, 0x24, 0x00, 0x00, 0xE4, 0x24, 0x00, 0x00,
    0xE4, 0x24, 0x00, 0x00, 0xE4, 0x24, 0x00, 0x00, 0xE4, 0x24, 0x00, 0x00, 0xE4, 0x24, 0x00, 0x00,
    0xE4, 0x24, 0x00, 0x00, 0xE4, 0x24, 0x00, 0x00, 0xE4, 0x24, 0x00, 0x00, 0xE4, 0x24, 0x00, 0x00,
    0xE4, 0x24, 0x00, 0x00, 0xE4, 0x24, 0x00, 0x00, 0xE4, 0x24, 0x00, 0x00, 0xE4, 0x24, 0x00, 0x00,
    0xE4, 0x24, 0x00, 0x00, 0xE4, 0x24, 0x00, 0x00, 0xE4, 0x24, 0x00, 0x00, 0xE4, 0x24, 0x00, 0x00,
    0xE4, 0x24, 0x00, 0x00, 0xE4, 0x24, 0x00, 0x00, 0xE4, 0x24, 0x00, 0x00, 0xE4, 0x24, 0x00, 0x00,
    0xE4, 0x24, 0x00, 0x00, 0xE4, 0x24, 0x00, 0x00, 0xE4, 0x24, 0x00, 0x00, 0xE4, 0x24, 0x00, 0x00,
    0xE4, 0x24, 0x00, 0x00, 0xE4, 0x24, 0x00, 0x00, 0xE4, 0x24, 0x00, 0x00, 0xE4, 0x24, 0x00, 0x00,
    0xE4, 0x24, 0x00, 0x00, 0xE4, 0x24, 0x00, 0x00, 0xE4, 0x24, 0x00, 0x00, 0xE4, 0x24, 0x00, 0x00,
    0xE4, 0x24, 0x00, 0x00, 0xE4, 0x24, 0x00, 0x00, 0xE4, 0x24, 0x00, 0x00, 0xE4, 0x24, 0x00, 0x00,
    0xE4, 0x24, 0x00, 0x00, 0xE4, 0x24, 0x00, 0x00, 0xE4, 0x24, 0x00, 0x00, 0xE4, 0x24, 0x00, 0x00,
    0xE4, 0x24, 0x00, 0x00, 0xE4, 0x24, 0x00, 0x00, 0xE4, 0x24, 0x00, 0x00, 0xE4, 0x24, 0x00, 0x00,
    0xE4, 0x24, 0x00, 0x00, 0xE4, 0x24, 0x00, 0x00, 0xE4, 0x24, 0x00, 0x00, 0xE4, 0x24, 0x00, 0x00,
    0xE4, 0x24, 0x00, 0x00, 0xE4, 0x24, 0x00, 0x00, 0xE4, 0x24, 0x00, 0x00, 0xE4, 0x24, 0x00, 0x00,
    0xE4, 0x24, 0x00, 0x00, 0xE4, 0x24, 0x00, 0x00, 0xE4, 0x24, 0x00, 0x00, 0xE4, 0x24, 0x00, 0x00,
    0xE4, 0x24, 0x00, 0x00, 0xE4, 0x24, 0x00, 0x00, 0xE4, 0x24, 0x00, 0x00, 0xE4, 0x24, 0x00, 0x00,
    0xE4, 0x24, 0x00, 0x00, 0xE4, 0x24, 0x00, 0x00, 0xE4, 0x24, 0x00, 0x00, 0xE4, 0x24, 0x00, 0x00,
    0xE4, 0x24, 0x00, 0x00, 0xE4, 0x24, 0x00, 0x00, 0xE4, 0x24, 0x00, 0x00, 0xE4, 0x24, 0x00, 0x00,
    0xE4, 0x24, 0x00, 0x00, 0xE4, 0x24, 0x00, 0x00, 0xE4, 0x24, 0x00, 0x00, 0xE4, 0x24, 0x00, 0x00,
    0xE4, 0x24, 0x00, 0x00, 0xE4, 0x24, 0x00, 0x00, 0xE4, 0x24, 0x00, 0x00, 0xE4, 0x24, 0x00, 0x00,
    0xE4, 0x24, 0x00, 0x00, 0xE4, 0x24, 0x00, 0x00, 0xE4, 0x24, 0x00, 0x00, 0xE4, 0x24, 0x00, 0x00,
    0xE4, 0x24, 0x00, 0x00, 0xE4, 0x24, 0x00, 0x00, 0xE4, 0x24, 0x00, 0x00, 0xE4, 0x24, 0x00, 0x00,
    0xE4, 0x24, 0x00, 0x00, 0xE4, 0x24, 0x00, 0x00, 0xE4, 0x24, 0x00, 0x00, 0xE4, 0x24, 0x00, 0x00,
    0xE4, 0x24, 0x00, 0x00, 0xE4, 0x24, 0x00, 0x00, 0xE4, 0x24, 0x00, 0x00, 0xE4, 0x24, 0x00, 0x00,
    0xE4, 0x24, 0x00, 0x00, 0xE4, 0x24, 0x00, 0x00, 0xE4, 0x24, 0x00, 0x00, 0xE4, 0x24, 0x00, 0x00,
    0xE4, 0x24, 0x00, 0x00, 0xE4, 0x24, 0x00, 0x00, 0xE4, 0x24, 0x00, 0x00, 0xE4, 0x24, 0x00, 0x00,
    0xE4, 0x24, 0x00, 0x00, 0xE4, 0x24, 0x00, 0x00, 0xE4, 0x24, 0x00, 0x00, 0xE4, 0x24, 0x00, 0x00,
    0xE4, 0x24, 0x00, 0x00, 0xE4, 0x24, 0x00, 0x00, 0xE4, 0x24, 0x00, 0x00, 0xE4, 0x24, 0x00, 0x00,
    0xE4, 0x24, 0x00, 0x00, 0xE4, 0x24, 0x00, 0x00, 0xE4, 0x24, 0x00, 0x00, 0xE4, 0x24, 0x00, 0x00,
    0xE4, 0x24, 0x00, 0x00, 0xE4, 0x24, 0x00, 0x00, 0xE4, 0x24, 0x00, 0x00, 0xE4, 0x24, 0x00, 0x00,
    0xE4, 0x24, 0x00, 0x00, 0xE4, 0x24, 0x00, 0x00, 0xE4, 0x24, 0x00, 0x00, 0xE4, 0x24, 0x00, 0x00,
    0xE4, 0x24, 0x00, 0x00, 0xE4, 0x24, 0x00, 0x00, 0xE4, 0x24, 0x00, 0x00, 0xE4, 0x24, 0x00, 0x00,
    0xE4, 0x24, 0x00, 0x00, 0xE4, 0x24, 0x00, 0x00, 0xE4, 0x24, 0x00, 0x00, 0xE4, 0x24, 0x00, 0x00,
    0xE4, 0x24, 0x00, 0x00, 0xE4, 0x24, 0x00, 0x00, 0xE4, 0x24, 0x00, 0x00, 0xE4, 0x24, 0x00, 0x00,
    0xE4, 0x24, 0x00, 0x00, 0xE4, 0x24, 0x00, 0x00, 0xE4, 0x24, 0x00, 0x00, 0xE4, 0x24, 0x00, 0x00,
    0xE4, 0x24, 0x00, 0x00, 0xE4, 0x24, 0x00, 0x00, 0xE4, 0x24, 0x00, 0x00, 0xE4, 0x24, 0x00, 0x00,
    0xE4, 0x24, 0x00, 0x00, 0xE4, 0x24, 0x00, 0x00, 0xE4, 0x24, 0x00, 0x00, 0xE4, 0x24, 0x00, 0x00,
    0xE4, 0x24, 0x00, 0x00, 0xE4, 0x24, 0x00, 0x00, 0xE4, 0x24, 0x00, 0x00, 0xE4, 0x24, 0x00, 0x00,
    0xE4, 0x24, 0x00, 0x00, 0xE4, 0x24, 0x00, 0x00, 0xE4, 0x24, 0x00, 0x00, 0xE4, 0x24, 0x00, 0x00,
    0xE4, 0x24, 0x00, 0x00, 0xE4, 0x24, 0x00, 0x00, 0xE4, 0x24, 0x00, 0x00, 0xE4, 0x24, 0x00, 0x00,
    0xE4, 0x24, 0x00, 0x00, 0xE4, 0x24, 0x00, 0x00, 0xE4, 0x24, 0x00, 0x00, 0xE4, 0x24, 0x00, 0x00,
    0xE4, 0x24, 0x00, 0x00, 0xE4, 0x24, 0x00, 0x00, 0xE4, 0x24, 0x00, 0x00, 0xE4, 0x24, 0x00, 0x00,
    0xE4, 0x24, 0x00, 0x00, 0xE4, 0x24, 0x00, 0x00, 0xE4, 0x24, 0x00, 0x00, 0xE4, 0x24, 0x00, 0x00,
    0xE4, 0x24, 0x00, 0x00, 0xE4, 0x24, 0x00, 0x00, 0xE4, 0x24, 0x00, 0x00, 0xE4, 0x24, 0x00, 0x00,
    0xE4, 0x24, 0x00, 0x00, 0xE4, 0x24, 0x00, 0x00, 0xE4, 0x24, 0x00, 0x00, 0xE4, 0x24, 0x00, 0x00,
    0xE4, 0x24, 0x00, 0x00, 0xE4, 0x24, 0x00, 0x00, 0xE4, 0x24, 0x00, 0x00, 0xE4, 0x24, 0x00, 0x00,
    0xE4, 0x24, 0x00, 0x00, 0xE4, 0x24, 0x00, 0x00, 0xE4, 0x24, 0x00, 0x00, 0xE4, 0x24, 0x00, 0x00,
    0xE4, 0x24, 0x00, 0x00, 0xE4, 0x24, 0x00, 0x00, 0xE4, 0x24, 0x00, 0x00, 0xE4, 0x24, 0x00, 0x00,
    0xE4, 0x24, 0x00, 0x00, 0xE4, 0x24, 0x00, 0x00, 0xE4, 0x24, 0x00, 0x00, 0xE4, 0x24, 0x00, 0x00,
    0xE4, 0x24, 0x00, 0x00, 0xE4, 0x24, 0x00, 0x00, 0xE4, 0x24, 0x00, 0x00, 0xE4, 0x24, 0x00, 0x00,
    0xE4, 0x24, 0x00, 0x00, 0xE4, 0x24, 0x00, 0x00, 0xE4, 0x24, 0x00, 0x00, 0xE4, 0x24, 0x00, 0x00,
    0xE4, 0x24, 0x00, 0x00, 0xE4, 0x24, 0x00, 0x00, 0xE4, 0x24, 0x00, 0x00, 0xE4, 0x24, 0x00, 0x00,
    0xE4, 0x24, 0x00, 0x00, 0xE4, 0x24, 0x00, 0x00, 0xE4, 0x24, 0x00, 0x00, 0xE4, 0x24, 0x00, 0x00,
    0xE4, 0x24, 0x00, 0x00, 0xE4, 0x24, 0x00, 0x00, 0xE4, 0x24, 0x00, 0x00, 0xE4, 0x24, 0x00, 0x00,
    0xE4, 0x24, 0x00, 0x00, 0xE4, 0x24, 0x00, 0x00, 0xE4, 0x24, 0x00, 0x00, 0xE4, 0x24, 0x00, 0x00,
    0xE4, 0x24, 0x00, 0x00, 0xE4, 0x24, 0x00, 0x00, 0xE4, 0x24, 0x00, 0x00, 0xE4, 0x24, 0x00, 0x00,
    0xE4, 0x24, 0x00, 0x00, 0xE4, 0x24, 0x00, 0x00, 0xE4, 0x24, 0x00, 0x00, 0xE4, 0x24, 0x00, 0x00,
    0xE4, 0x24, 0x00, 0x00, 0xE4, 0x24, 0x00, 0x00, 0xE4, 0x24, 0x00, 0x00, 0xE4, 0x24, 0x00, 0x00,
    0xE4, 0x24, 0x00, 0x00, 0xE4, 0x24, 0x00, 0x00, 0xE4, 0x24, 0x00, 0x00, 0xE4, 0x24, 0x00, 0x00,
    0xE4, 0x24, 0x00, 0x00, 0xE4, 0x24, 0x00, 0x00, 0xE4, 0x24, 0x00, 0x00, 0xE4, 0x24, 0x00, 0x00,
    0xE4, 0x24, 0x00, 0x00, 0xE4, 0x24, 0x00, 0x00, 0xE4, 0x24, 0x00, 0x00, 0xE4, 0x24, 0x00, 0x00,
    0xE4, 0x24, 0x00, 0x00, 0xE4, 0x24, 0x00, 0x00, 0xE4, 0x24, 0x00, 0x00, 0xE4, 0x24, 0x00, 0x00,
    0xE4, 0x24, 0x00, 0x00, 0xE4, 0x24, 0x00, 0x00, 0xE4, 0x24, 0x00, 0x00, 0xE4, 0x24, 0x00, 0x00,
    0xE4, 0x24, 0x00, 0x00, 0xE4, 0x24, 0x00, 0x00, 0xE4, 0x24, 0x00, 0x00, 0xE4, 0x24, 0x00, 0x00,
    0xE4, 0x24, 0x00, 0x00, 0xE4, 0x24, 0x00, 0x00, 0xE4, 0x24, 0x00, 0x00, 0xE4, 0x24, 0x00, 0x00,
    0xE4, 0x24, 0x00, 0x00, 0xE4, 0x24, 0x00, 0x00, 0xE4, 0x24, 0x00, 0x00, 0xE4, 0x24, 0x00, 0x00,
    0xE4, 0x24, 0x00, 0x00, 0xE4, 0x24, 0x00, 0x00, 0xE4, 0x24, 0x00, 0x00, 0xE4, 0x24, 0x00, 0x00,
    0xE4, 0x24, 0x00, 0x00, 0xE4, 0x24, 0x00, 0x00, 0xE4, 0x24, 0x00, 0x00, 0xE4, 0x24, 0x00, 0x00,
    0xE4, 0x24, 0x00, 0x00, 0xE4, 0x24, 0x00, 0x00, 0xE4, 0x24, 0x00, 0x00, 0xE4, 0x24, 0x00, 0x00,
    0xE4, 0x24, 0x00, 0x00, 0xE4, 0x24, 0x00, 0x00, 0xE4, 0x24, 0x00, 0x00, 0xE4, 0x24, 0x00, 0x00,
    0xE4, 0x24, 0x00, 0x00, 0xE4, 0x24, 0x00, 0x00, 0xE4, 0x24, 0x00, 0x00, 0xE4, 0x24, 0x00, 0x00,
    0xE4, 0x24, 0x00, 0x00, 0xE4, 0x24, 0x00, 0x00, 0xE4, 0x24, 0x00, 0x00, 0xE4, 0x24, 0x00, 0x00,
    0xE4, 0x24, 0x00, 0x00, 0xE4, 0x24, 0x00, 0x00, 0xE4, 0x24, 0x00, 0x00, 0xE4, 0x24, 0x00, 0x00,
    0xE4, 0x24, 0x00, 0x00, 0xE4, 0x24, 0x00, 0x00, 0xE4, 0x24, 0x00, 0x00, 0xE4, 0x24, 0x00, 0x00,
    0xE4, 0x24, 0x00, 0x00, 0xE4, 0x24, 0x00, 0x00, 0xE4, 0x24, 0x00, 0x00, 0xE4, 0x24, 0x00, 0x00,
    0xE4, 0x24, 0x00, 0x00, 0xE4, 0x24, 0x00, 0x00, 0xE4, 0x24, 0x00, 0x00, 0xE4, 0x24, 0x00, 0x00,
    0xE4, 0x24, 0x00, 0x00, 0xE4, 0x24, 0x00, 0x00, 0xE4, 0x24, 0x00, 0x00, 0xE4, 0x24, 0x00, 0x00,
    0xE4, 0x24, 0x00, 0x00, 0xE4, 0x24, 0x00, 0x00, 0xE4, 0x24, 0x00, 0x00, 0xE4, 0x24, 0x00, 0x00,
    0xE4, 0x24, 0x00, 0x00, 0xE4, 0x24, 0x00, 0x00, 0xE4, 0x24, 0x00, 0x00, 0xE4, 0x24, 0x00, 0x00,
    0xE4, 0x24, 0x00, 0x00, 0xE4, 0x24, 0x00, 0x00, 0xE4, 0x24, 0x00, 0x00, 0xE4, 0x24, 0x00, 0x00,
    0xE4, 0x24, 0x00, 0x00, 0xE4, 0x24, 0x00, 0x00, 0xE4, 0x24, 0x00, 0x00, 0xE4, 0x24, 0x00, 0x00,
    0xE4, 0x24, 0x00, 0x00, 0xE4, 0x24, 0x00, 0x00, 0xE4, 0x24, 0x00, 0x00, 0xE4, 0x24, 0x00, 0x00,
    0xE4, 0x24, 0x00, 0x00, 0xE4, 0x24, 0x00, 0x00, 0xE4, 0x24, 0x00, 0x00, 0xE4, 0x24, 0x00, 0x00,
    0xE4, 0x24, 0x00, 0x00, 0xE4, 0x24, 0x00, 0x00, 0xE4, 0x24, 0x00, 0x00, 0xE4, 0x24, 0x00, 0x00,
    0xE4, 0x24, 0x00, 0x00, 0xE4, 0x24, 0x00, 0x00, 0xE4, 0x24, 0x00, 0x00, 0xE4, 0x24, 0x00, 0x00,
    0xE4, 0x24, 0x00, 0x00, 0xE4, 0x24, 0x00, 0x00, 0xE4, 0x24, 0x00, 0x00, 0xE4, 0x24, 0x00, 0x00,
    0xE4, 0x24, 0x00, 0x00, 0xE4, 0x24, 0x00, 0x00, 0xE4, 0x24, 0x00, 0x00, 0xE4, 0x24, 0x00, 0x00,
    0xE4, 0x24, 0x00, 0x00, 0xE4, 0x24, 0x00, 0x00, 0xE4, 0x24, 0x00, 0x00, 0xE4, 0x24, 0x00, 0x00,
    0xE4, 0x24, 0x00, 0x00, 0xE4, 0x24, 0x00, 0x00, 0xE4, 0x24, 0x00, 0x00, 0xE4, 0x24, 0x00, 0x00,
    0xE4, 0x24, 0x00, 0x00, 0xE4, 0x24, 0x00, 0x00, 0xE4, 0x24, 0x00, 0x00, 0xE4, 0x24, 0x00, 0x00,
    0xE4, 0x24, 0x00, 0x00, 0xE4, 0x24, 0x00, 0x00, 0xE4, 0x24, 0x00, 0x00, 0xE4, 0x24, 0x00, 0x00,
    0xE4, 0x24, 0x00, 0x00, 0xE4, 0x24, 0x00, 0x00, 0xE4, 0x24, 0x00, 0x00, 0xE4, 0x24, 0x00, 0x00,
    0xE4, 0x24, 0x00, 0x00, 0xE4, 0x24, 0x00, 0x00, 0xE4, 0x24, 0x00, 0x00, 0xE4, 0x24, 0x00, 0x00,
    0xE4, 0x24, 0x00, 0x00, 0xE4, 0x24, 0x00, 0x00, 0xE4, 0x24, 0x00, 0x00, 0xE4, 0x24, 0x00, 0x00,
    0xE4, 0x24, 0x00, 0x00, 0xE4, 0x24, 0x00, 0x00, 0xE4, 0x24, 0x00, 0x00, 0xE4, 0x24, 0x00, 0x00,
    0xE4, 0x24, 0x00, 0x00, 0xE4, 0x24, 0x00, 0x00, 0xE4, 0x24, 0x00, 0x00, 0xE4, 0x24, 0x00, 0x00,
    0xE4, 0x24, 0x00, 0x00, 0xE4, 0x24, 0x00, 0x00, 0xE4, 0x24, 0x00, 0x00, 0xE4, 0x24, 0x00, 0x00,
    0xE4, 0x24, 0x00, 0x00, 0xE4, 0x24, 0x00, 0x00, 0xE4, 0x24, 0x00, 0x00, 0xE4, 0x24, 0x00, 0x00,
    0xE4, 0x24, 0x00, 0x00, 0xE4, 0x24, 0x00, 0x00, 0xE4, 0x24, 0x00, 0x00, 0xE4, 0x24, 0x00, 0x00,
    0xE4, 0x24, 0x00, 0x00, 0xE4, 0x24, 0x00, 0x00, 0xE4, 0x24, 0x00, 0x00, 0xE4, 0x24, 0x00, 0x00,
    0xE4, 0x24, 0x00, 0x00, 0xE4, 0x24, 0x00, 0x00, 0xE4, 0x24, 0x00, 0x00, 0xE4, 0x24, 0x00, 0x00,
    0xE4, 0x24, 0x00, 0x00, 0xE4, 0x24, 0x00, 0x00, 0xE4, 0x24, 0x00, 0x00, 0xE4, 0x24, 0x00, 0x00,
    0xE4, 0x24, 0x00, 0x00, 0xE4, 0x24, 0x00, 0x00, 0xE4, 0x24, 0x00, 0x00, 0xE4, 0x24, 0x00, 0x00,
    0xE4, 0x24, 0x00, 0x00, 0xE4, 0x24, 0x00, 0x00, 0xE4, 0x24, 0x00, 0x00, 0xE4, 0x24, 0x00, 0x00,
    0xE4, 0x24, 0x00, 0x00, 0xE4, 0x24, 0x00, 0x00, 0xE4, 0x24, 0x00, 0x00, 0xE4, 0x24, 0x00, 0x00,
    0xE4, 0x24, 0x00, 0x00, 0xE4, 0x24, 0x00, 0x00, 0xE4, 0x24, 0x00, 0x00, 0xE4, 0x24, 0x00, 0x00,
    0xE4, 0x24, 0x00, 0x00, 0xE4, 0x24, 0x00, 0x00, 0xE4, 0x24, 0x00, 0x00, 0xE4, 0x24, 0x00, 0x00,
    0xE4, 0x24, 0x00, 0x00, 0xE4, 0x24, 0x00, 0x00, 0xE4, 0x24, 0x00, 0x00, 0xE4, 0x24, 0x00, 0x00,
    0xE4, 0x24, 0x00, 0x00, 0xE4, 0x24, 0x00, 0x00, 0xE4, 0x24, 0x00, 0x00, 0xE4, 0x24, 0x00, 0x00,
    0xE4, 0x24, 0x00, 0x00, 0xE4, 0x24, 0x00, 0x00, 0xE4, 0x24, 0x00, 0x00, 0xE4, 0x24, 0x00, 0x00,
    0xE4, 0x24, 0x00, 0x00, 0xE4, 0x24, 0x00, 0x00, 0xE4, 0x24, 0x00, 0x00, 0xE4, 0x24, 0x00, 0x00,
    0xE4, 0x24, 0x00, 0x00, 0xE4, 0x24, 0x00, 0x00, 0xE4, 0x24, 0x00, 0x00, 0xE4, 0x24, 0x00, 0x00,
    0xE4, 0x24, 0x00, 0x00, 0xE4, 0x24, 0x00, 0x00, 0xE4, 0x24, 0x00, 0x00, 0xE4, 0x24, 0x00, 0x00,
    0xE4, 0x24, 0x00, 0x00, 0xE4, 0x24, 0x00, 0x00, 0xE4, 0x24, 0x00, 0x00, 0xE4, 0x24, 0x00, 0x00,
    0xE4, 0x24, 0x00, 0x00, 0xE4, 0x24, 0x00, 0x00, 0xE4, 0x24, 0x00, 0x00, 0xE4, 0x24, 0x00, 0x00,
    0xE4, 0x24, 0x00, 0x00, 0xE4, 0x24, 0x00, 0x00, 0xE4, 0x24, 0x00, 0x00, 0xE4, 0x24, 0x00, 0x00,
    0xE4, 0x24, 0x00, 0x00, 0xE4, 0x24, 0x00, 0x00, 0xE4, 0x24, 0x00, 0x00, 0xE4, 0x24, 0x00, 0x00,
    0xE4, 0x24, 0x00, 0x00, 0xE4, 0x24, 0x00, 0x00, 0xE4, 0x24, 0x00, 0x00, 0xE4, 0x24, 0x00, 0x00,
    0xE4, 0x24, 0x00, 0x00, 0xE4, 0x24, 0x00, 0x00, 0xE4, 0x24, 0x00, 0x00, 0xE4, 0x24, 0x00, 0x00,
    0xE4, 0x24, 0x00, 0x00, 0xE4, 0x24, 0x00, 0x00, 0xE4, 0x24, 0x00, 0x00, 0xE4, 0x24, 0x00, 0x00,
    0xE4, 0x24, 0x00, 0x00, 0xE4, 0x24, 0x00, 0x00, 0xE4, 0x24, 0x00, 0x00, 0xE4, 0x24, 0x00, 0x00,
    0xE4, 0x24, 0x00, 0x00, 0xE4, 0x24, 0x00, 0x00, 0xE4, 0x24, 0x00, 0x00, 0xE4, 0x24, 0x00, 0x00,
    0xE4, 0x24, 0x00, 0x00, 0xE4, 0x24, 0x00, 0x00, 0xE4, 0x24, 0x00, 0x00, 0xE4, 0x24, 0x00, 0x00,
    0xE4, 0x24, 0x00, 0x00, 0xE4, 0x24, 0x00, 0x00, 0xE4, 0x24, 0x00, 0x00, 0xE4, 0x24, 0x00, 0x00,
    0xE4, 0x24, 0x00, 0x00, 0xE4, 0x24, 0x00, 0x00, 0xE4, 0x24, 0x00, 0x00, 0xE4, 0x24, 0x00, 0x00,
    0xE4, 0x24, 0x00, 0x00, 0xE4, 0x24, 0x00, 0x00, 0xE4, 0x24, 0x00, 0x00, 0xE4, 0x24, 0x00, 0x00,
    0xE4, 0x24, 0x00, 0x00, 0xE4, 0x24, 0x00, 0x00, 0xE4, 0x24, 0x00, 0x00, 0xE4, 0x24, 0x00, 0x00,
    0xE4, 0x24, 0x00, 0x00, 0xE4, 0x24, 0x00, 0x00, 0xE4, 0x24, 0x00, 0x00, 0xE4, 0x24, 0x00, 0x00,
    0xE4, 0x24, 0x00, 0x00, 0xE4, 0x24, 0x00, 0x00, 0xE4, 0x24, 0x00, 0x00, 0xE4, 0x24, 0x00, 0x00,
    0xE4, 0x24, 0x00, 0x00, 0xE4, 0x24, 0x00, 0x00, 0xE4, 0x24, 0x00, 0x00, 0xE4, 0x24, 0x00, 0x00,
    0xE4, 0x24, 0x00, 0x00, 0xE4, 0x24, 0x00, 0x00, 0xE4, 0x24, 0x00, 0x00, 0xE4, 0x24, 0x00, 0x00,
    0xE4, 0x24, 0x00, 0x00, 0xE4, 0x24, 0x00, 0x00, 0xE4, 0x24, 0x00, 0x00, 0xE4, 0x24, 0x00, 0x00,
    0xE4, 0x24, 0x00, 0x00, 0xE4, 0x24, 0x00, 0x00, 0xE4, 0x24, 0x00, 0x00, 0xE4, 0x24, 0x00, 0x00,
    0xE4, 0x24, 0x00, 0x00, 0xE4, 0x24, 0x00, 0x00, 0xE4, 0x24, 0x00, 0x00, 0xE4, 0x24, 0x00, 0x00,
    0xE4, 0x24, 0x00, 0x00, 0xE4, 0x24, 0x00, 0x00, 0xE4, 0x24, 0x00, 0x00, 0xE4, 0x24, 0x00, 0x00,
    0xE4, 0x24, 0x00, 0x00, 0xE4, 0x24, 0x00, 0x00, 0xE4, 0x24, 0x00, 0x00, 0xE4, 0x24, 0x00, 0x00,
    0xE4, 0x24, 0x00, 0x00, 0xE4, 0x24, 0x00, 0x00, 0xE4, 0x24, 0x00, 0x00, 0xE4, 0x24, 0x00, 0x00,
    0xE4, 0x24, 0x00, 0x00, 0xE4, 0x24, 0x00, 0x00, 0xE4, 0x24, 0x00, 0x00, 0xE4, 0x24, 0x00, 0x00,
    0xE4, 0x24, 0x00, 0x00, 0xE4, 0x24, 0x00, 0x00, 0xE4, 0x24, 0x00, 0x00, 0xE4, 0x24, 0x00, 0x00,
    0xE4, 0x24, 0x00, 0x00, 0xE4, 0x24, 0x00, 0x00, 0xE4, 0x24, 0x00, 0x00, 0xE4, 0x24, 0x00, 0x00,
    0xE4, 0x24, 0x00, 0x00, 0xE4, 0x24, 0x00, 0x00, 0xE4, 0x24, 0x00, 0x00, 0xE4, 0x24, 0x00, 0x00,
    0xE4, 0x24, 0x00, 0x00, 0xE4, 0x24, 0x00, 0x00, 0xE4, 0x24, 0x00, 0x00, 0xE4, 0x24, 0x00, 0x00,
    0xE4, 0x24, 0x00, 0x00, 0xE4, 0x24, 0x00, 0x00, 0xE4, 0x24, 0x00, 0x00, 0xE4, 0x24, 0x00, 0x00,
    0xE4, 0x24, 0x00, 0x00, 0xE4, 0x24, 0x00, 0x00, 0xE4, 0x24, 0x00, 0x00, 0xE4, 0x24, 0x00, 0x00,
    0xE4, 0x24, 0x00, 0x00, 0xE4, 0x24, 0x00, 0x00, 0xE4, 0x24, 0x00, 0x00, 0xE4, 0x24, 0x00, 0x00,
    0xE4, 0x24, 0x00, 0x00, 0xE4, 0x24, 0x00, 0x00, 0xE4, 0x24, 0x00, 0x00, 0xE4, 0x24, 0x00, 0x00,
    0xE4, 0x24, 0x00, 0x00, 0xE4, 0x24, 0x00, 0x00, 0xE4, 0x24, 0x00, 0x00, 0xE4, 0x24, 0x00, 0x00,
    0xE4, 0x24, 0x00, 0x00, 0xE4, 0x24, 0x00, 0x00, 0xE4, 0x24, 0x00, 0x00, 0xE4, 0x24, 0x00, 0x00,
    0xE4, 0x24, 0x00, 0x00, 0xE4, 0x24, 0x00, 0x00, 0xE4, 0x24, 0x00, 0x00, 0xE4, 0x24, 0x00, 0x00,
    0xE4, 0x24, 0x00, 0x00, 0xE4, 0x24, 0x00, 0x00, 0xE4, 0x24, 0x00, 0x00, 0xE4, 0x24, 0x00, 0x00,
    0xE4, 0x24, 0x00, 0x00, 0xE4, 0x24, 0x00, 0x00, 0xE4, 0x24, 0x00, 0x00, 0xE4, 0x24, 0x00, 0x00,
    0xE4, 0x24, 0x00, 0x00, 0xE4, 0x24, 0x00, 0x00, 0xE4, 0x24, 0x00, 0x00, 0xE4, 0x24, 0x00, 0x00,
    0xE4, 0x24, 0x00, 0x00, 0xE4, 0x24, 0x00, 0x00, 0xE4, 0x24, 0x00, 0x00, 0xE4, 0x24, 0x00, 0x00,
    0xE4, 0x24, 0x00, 0x00, 0xE4, 0x24, 0x00, 0x00, 0xE4, 0x24, 0x00, 0x00, 0xE4, 0x24, 0x00, 0x00,
    0xE4, 0x24, 0x00, 0x00, 0xE4, 0x24, 0x00, 0x00, 0xE4, 0x24, 0x00, 0x00, 0xE4, 0x24, 0x00, 0x00,
    0xE4, 0x24, 0x00, 0x00, 0xE4, 0x24, 0x00, 0x00, 0xE4, 0x24, 0x00, 0x00, 0xE4, 0x24, 0x00, 0x00,
    0xE4, 0x24, 0x00, 0x00, 0xE4, 0x24, 0x00, 0x00, 0xE4, 0x24, 0x00, 0x00, 0xE4, 0x24, 0x00, 0x00,
    0xE4, 0x24, 0x00, 0x00, 0xE4, 0x24, 0x00, 0x00, 0xE4, 0x24, 0x00, 0x00, 0xE4, 0x24, 0x00, 0x00,
    0xE4, 0x24, 0x00, 0x00, 0xE4, 0x24, 0x00, 0x00, 0xE4, 0x24, 0x00, 0x00, 0xE4, 0x24, 0x00, 0x00,
    0xE4, 0x24, 0x00, 0x00, 0xE4, 0x24, 0x00, 0x00, 0xE4, 0x24, 0x00, 0x00, 0xE4, 0x24, 0x00, 0x00,
    0xE4, 0x24, 0x00, 0x00, 0xE4, 0x24, 0x00, 0x00, 0xE4, 0x24, 0x00, 0x00, 0xE4, 0x24, 0x00, 0x00,
    0xE4, 0x24, 0x00, 0x00, 0xE4, 0x24, 0x00, 0x00, 0xE4, 0x24, 0x00, 0x00, 0xE4, 0x24, 0x00, 0x00,
    0xE4, 0x24, 0x00, 0x00, 0xE4, 0x24, 0x00, 0x00, 0xE4, 0x24, 0x00, 0x00, 0xE4, 0x24, 0x00, 0x00,
    0xE4, 0x24, 0x00, 0x00, 0xE4, 0x24, 0x00, 0x00, 0xE4, 0x24, 0x00, 0x00, 0xE4, 0x24, 0x00, 0x00,
    0xE4, 0x24, 0x00, 0x00, 0xE4, 0x24, 0x00, 0x00, 0xE4, 0x24, 0x00, 0x00, 0xE4, 0x24, 0x00, 0x00,
    0xE4, 0x24, 0x00, 0x00, 0xE4, 0x24, 0x00, 0x00, 0xE4, 0x24, 0x00, 0x00, 0xE4, 0x24, 0x00, 0x00,
    0xE4, 0x24, 0x00, 0x00, 0xE4, 0x24, 0x00, 0x00, 0xE4, 0x24, 0x00, 0x00, 0xE4, 0x24, 0x00, 0x00,
    0xE4, 0x24, 0x00, 0x00, 0xE4, 0x24, 0x00, 0x00, 0xE4, 0x24, 0x00, 0x00, 0xE4, 0x24, 0x00, 0x00,
    0xE4, 0x24, 0x00, 0x00, 0xE4, 0x24, 0x00, 0x00, 0xE4, 0x24, 0x00, 0x00, 0xE4, 0x24, 0x00, 0x00,
    0xE4, 0x24, 0x00, 0x00, 0xE4, 0x24, 0x00, 0x00, 0xE4, 0x24, 0x00, 0x00, 0xE4, 0x24, 0x00, 0x00,
    0xE4, 0x24, 0x00, 0x00, 0xE4, 0x24, 0x00, 0x00, 0xE4, 0x24, 0x00, 0x00, 0xE4, 0x24, 0x00, 0x00,
    0xE4, 0x24, 0x00, 0x00, 0xE4, 0x24, 0x00, 0x00, 0xE4, 0x24, 0x00, 0x00, 0xE4, 0x24, 0x00, 0x00,
    0xE4, 0x24, 0x00, 0x00, 0xE4, 0x24, 0x00, 0x00, 0xE4, 0x24, 0x00, 0x00, 0xE4, 0x24, 0x00, 0x00,
    0xE4, 0x24, 0x00, 0x00, 0xE4, 0x24, 0x00, 0x00, 0xE4, 0x24, 0x00, 0x00, 0xE4, 0x24, 0x00, 0x00,
    0xE4, 0x24, 0x00, 0x00, 0xE4, 0x24, 0x00, 0x00, 0xE4, 0x24, 0x00, 0x00, 0xE4, 0x24, 0x00, 0x00,
    0xE4, 0x24, 0x00, 0x00, 0xE4, 0x24, 0x00, 0x00, 0xE4, 0x24, 0x00, 0x00, 0xE4, 0x24, 0x00, 0x00,
    0xE4, 0x24, 0x00, 0x00, 0xE4, 0x24, 0x00, 0x00, 0xE4, 0x24, 0x00, 0x00, 0xE4, 0x24, 0x00, 0x00,
    0xE4, 0x24, 0x00, 0x00, 0xE4, 0x24, 0x00, 0x00, 0xE4, 0x24, 0x00, 0x00, 0xE4, 0x24, 0x00, 0x00,
    0xE4, 0x24, 0x00, 0x00, 0xE4, 0x24, 0x00, 0x00, 0xE4, 0x24, 0x00, 0x00, 0xE4, 0x24, 0x00, 0x00,
    0xE4, 0x24, 0x00, 0x00, 0xE4, 0x24, 0x00, 0x00, 0xE4, 0x24, 0x00, 0x00, 0xE4, 0x24, 0x00, 0x00,
    0xE4, 0x24, 0x00, 0x00, 0xE4, 0x24, 0x00, 0x00, 0xE4, 0x24, 0x00, 0x00, 0xE4, 0x24, 0x00, 0x00,
    0xE4, 0x24, 0x00, 0x00, 0xE4, 0x24, 0x00, 0x00, 0xE4, 0x24, 0x00, 0x00, 0xE4, 0x24, 0x00, 0x00,
    0xE4, 0x24, 0x00, 0x00, 0xE4, 0x24, 0x00, 0x00, 0xE4, 0x24, 0x00, 0x00, 0xE4, 0x24, 0x00, 0x00,
    0xE4, 0x24, 0x00, 0x00, 0xE4, 0x24, 0x00, 0x00, 0xE4, 0x24, 0x00, 0x00, 0xE4, 0x24, 0x00, 0x00,
    0xE4, 0x24, 0x00, 0x00, 0xE4, 0x24, 0x00, 0x00, 0xE4, 0x24, 0x00, 0x00, 0xE4, 0x24, 0x00, 0x00,
    0xE4, 0x24, 0x00, 0x00, 0xE4, 0x24, 0x00, 0x00, 0xE4, 0x24, 0x00, 0x00, 0xE4, 0x24, 0x00, 0x00,
    0xE4, 0x24, 0x00, 0x00, 0xE4, 0x24, 0x00, 0x00, 0xE4, 0x24, 0x00, 0x00, 0xE4, 0x24, 0x00, 0x00,
    0xE4, 0x24, 0x00, 0x00, 0xE4, 0x24, 0x00, 0x00, 0xE4, 0x24, 0x00, 0x00, 0xE4, 0x24, 0x00, 0x00,
    0xE4, 0x24, 0x00, 0x00, 0xE4, 0x24, 0x00, 0x00, 0xE4, 0x24, 0x00, 0x00, 0xE4, 0x24, 0x00, 0x00,
    0xE4, 0x24, 0x00, 0x00, 0xE4, 0x24, 0x00, 0x00, 0xE4, 0x24, 0x00, 0x00, 0xE4, 0x24, 0x00, 0x00,
    0xE4, 0x24, 0x00, 0x00, 0xE4, 0x24, 0x00, 0x00, 0xE4, 0x24, 0x00, 0x00, 0xE4, 0x24, 0x00, 0x00,
    0xE4, 0x24, 0x00, 0x00, 0xE4, 0x24, 0x00, 0x00, 0xE4, 0x24, 0x00, 0x00, 0xE4, 0x24, 0x00, 0x00,
    0xE4, 0x24, 0x00, 0x00, 0xE4, 0x24, 0x00, 0x00, 0xE4, 0x24, 0x00, 0x00, 0xE4, 0x24, 0x00, 0x00,
    0xE4, 0x24, 0x00, 0x00, 0xE4, 0x24, 0x00, 0x00, 0xE4, 0x24, 0x00, 0x00, 0xE4, 0x24, 0x00, 0x00,
    0xE4, 0x24, 0x00, 0x00, 0xE4, 0x24, 0x00, 0x00, 0xE4, 0x24, 0x00, 0x00, 0xE4, 0x24, 0x00, 0x00,
    0xE4, 0x24, 0x00, 0x00, 0xE4, 0x24, 0x00, 0x00, 0xE4, 0x24, 0x00, 0x00, 0xE4, 0x24, 0x00, 0x00,
    0xE4, 0x24, 0x00, 0x00, 0xE4, 0x24, 0x00, 0x00, 0xE4, 0x24, 0x00, 0x00, 0xE4, 0x24, 0x00, 0x00,
    0xE4, 0x24, 0x00, 0x00, 0xE4, 0x24, 0x00, 0x00, 0xE4, 0x24, 0x00, 0x00, 0xE4, 0x24, 0x00, 0x00,
    0xE4, 0x24, 0x00, 0x00, 0xE4, 0x24, 0x00, 0x00, 0xE4, 0x24, 0x00, 0x00, 0xE4, 0x24, 0x00, 0x00,
    0xE4, 0x24, 0x00, 0x00, 0xE4, 0x24, 0x00, 0x00, 0xE4, 0x24, 0x00, 0x00, 0xE4, 0x24, 0x00, 0x00,
    0xE4, 0x24, 0x00, 0x00, 0xE4, 0x24, 0x00, 0x00, 0xE4, 0x24, 0x00, 0x00, 0xE4, 0x24, 0x00, 0x00,
    0xE4, 0x24, 0x00, 0x00, 0xE4, 0x24, 0x00, 0x00, 0xE4, 0x24, 0x00, 0x00, 0xE4, 0x24, 0x00, 0x00,
    0xE4, 0x24, 0x00, 0x00, 0xE4, 0x24, 0x00, 0x00, 0xE4, 0x24, 0x00, 0x00, 0xE4, 0x24, 0x00, 0x00,
    0xE4, 0x24, 0x00, 0x00, 0xE4, 0x24, 0x00, 0x00, 0xE4, 0x24, 0x00, 0x00, 0xE4, 0x24, 0x00, 0x00,
    0xE4, 0x24, 0x00, 0x00, 0xE4, 0x24, 0x00, 0x00, 0xE4, 0x24, 0x00, 0x00, 0xE4, 0x24, 0x00, 0x00,
    0xE4, 0x24, 0x00, 0x00, 0xE4, 0x24, 0x00, 0x00, 0xE4, 0x24, 0x00, 0x00, 0xE4, 0x24, 0x00, 0x00,
    0xE4, 0x24, 0x00, 0x00, 0xE4, 0x24, 0x00, 0x00, 0xE4, 0x24, 0x00, 0x00, 0xE4, 0x24, 0x00, 0x00,
    0xE4, 0x24, 0x00, 0x00, 0xE4, 0x24, 0x00, 0x00, 0xE4, 0x24, 0x00, 0x00, 0xE4, 0x24, 0x00, 0x00,
    0xE4, 0x24, 0x00, 0x00, 0xE4, 0x24, 0x00, 0x00, 0xE4, 0x24, 0x00, 0x00, 0xE4, 0x24, 0x00, 0x00,
    0xE4, 0x24, 0x00, 0x00, 0xE4, 0x24, 0x00, 0x00, 0xE4, 0x24, 0x00, 0x00, 0xE4, 0x24, 0x00, 0x00,
    0xE4, 0x24, 0x00, 0x00, 0xE4, 0x24, 0x00, 0x00, 0xE4, 0x24, 0x00, 0x00, 0xE4, 0x24, 0x00, 0x00,
    0xE4, 0x24, 0x00, 0x00, 0xE4, 0x24, 0x00, 0x00, 0xE4, 0x24, 0x00, 0x00, 0xE4, 0x24, 0x00, 0x00,
    0xE4, 0x24, 0x00, 0x00, 0xE4, 0x24, 0x00, 0x00, 0xE4, 0x24, 0x00, 0x00, 0xE4, 0x24, 0x00, 0x00,
    0xE4, 0x24, 0x00, 0x00, 0xE4, 0x24, 0x00, 0x00, 0xE4, 0x24, 0x00, 0x00, 0xE4, 0x24, 0x00, 0x00,
    0xE4, 0x24, 0x00, 0x00, 0xE4, 0x24, 0x00, 0x00, 0xE4, 0x24, 0x00, 0x00, 0xE4, 0x24, 0x00, 0x00,
    0xE4, 0x24, 0x00, 0x00, 0xE4, 0x24, 0x00, 0x00, 0xE4, 0x24, 0x00, 0x00, 0xE4, 0x24, 0x00, 0x00,
    0xE4, 0x24, 0x00, 0x00, 0xE4, 0x24, 0x00, 0x00, 0xE4, 0x24, 0x00, 0x00, 0xE4, 0x24, 0x00, 0x00,
    0xE4, 0x24, 0x00, 0x00, 0xE4, 0x24, 0x00, 0x00, 0xE4, 0x24, 0x00, 0x00, 0xE4, 0x24, 0x00, 0x00,
    0xE4, 0x24, 0x00, 0x00, 0xE4, 0x24, 0x00, 0x00, 0xE4, 0x24, 0x00, 0x00, 0xE4, 0x24, 0x00, 0x00,
    0xE4, 0x24, 0x00, 0x00, 0xE4, 0x24, 0x00, 0x00, 0xE4, 0x24, 0x00, 0x00, 0xE4, 0x24, 0x00, 0x00,
    0xE4, 0x24, 0x00, 0x00, 0xE4, 0x24, 0x00, 0x00, 0xE4, 0x24, 0x00, 0x00, 0xE4, 0x24, 0x00, 0x00,
    0xE4, 0x24, 0x00, 0x00, 0xE4, 0x24, 0x00, 0x00, 0xE4, 0x24, 0x00, 0x00, 0xE4, 0x24, 0x00, 0x00,
    0xE4, 0x24, 0x00, 0x00, 0xE4, 0x24, 0x00, 0x00, 0xE4, 0x24, 0x00, 0x00, 0xE4, 0x24, 0x00, 0x00,
    0xE4, 0x24, 0x00, 0x00, 0xE4, 0x24, 0x00, 0x00, 0xE4, 0x24, 0x00, 0x00, 0xE4, 0x24, 0x00, 0x00,
    0xE4, 0x24, 0x00, 0x00, 0xE4, 0x24, 0x00, 0x00, 0xE4, 0x24, 0x00, 0x00, 0xE4, 0x24, 0x00, 0x00,
    0xE4, 0x24, 0x00, 0x00, 0xE4, 0x24, 0x00, 0x00, 0xE4, 0x24, 0x00, 0x00, 0xE4, 0x24, 0x00, 0x00,
    0xE4, 0x24, 0x00, 0x00, 0xE4, 0x24, 0x00, 0x00, 0xE4, 0x24, 0x00, 0x00, 0xE4, 0x24, 0x00, 0x00,
    0xE4, 0x24, 0x00, 0x00, 0xE4, 0x24, 0x00, 0x00, 0xE4, 0x24, 0x00, 0x00, 0xE4, 0x24, 0x00, 0x00,
    0xE4, 0x24, 0x00, 0x00, 0xE4, 0x24, 0x00, 0x00, 0xE4, 0x24, 0x00, 0x00, 0xE4, 0x24, 0x00, 0x00,
    0xE4, 0x24, 0x00, 0x00, 0xE4, 0x24, 0x00, 0x00, 0xE4, 0x24, 0x00, 0x00, 0xE4, 0x24, 0x00, 0x00,
    0xE4, 0x24, 0x00, 0x00, 0xE4, 0x24, 0x00, 0x00, 0xE4, 0x24, 0x00, 0x00, 0xE4, 0x24, 0x00, 0x00,
    0xE4, 0x24, 0x00, 0x00, 0xE4, 0x24, 0x00, 0x00, 0xE4, 0x24, 0x00, 0x00, 0xE4, 0x24, 0x00, 0x00,
    0xE4, 0x24, 0x00, 0x00, 0xE4, 0x24, 0x00, 0x00, 0xE4, 0x24, 0x00, 0x00, 0xE4, 0x24, 0x00, 0x00,
    0xE4, 0x24, 0x00, 0x00, 0xE4, 0x24, 0x00, 0x00, 0xE4, 0x24, 0x00, 0x00, 0xE4, 0x24, 0x00, 0x00,
    0xE4, 0x24, 0x00, 0x00, 0xE4, 0x24, 0x00, 0x00, 0xE4, 0x24, 0x00, 0x00, 0xE4, 0x24, 0x00, 0x00,
    0xE4, 0x24, 0x00, 0x00, 0xE4, 0x24, 0x00, 0x00, 0xE4, 0x24, 0x00, 0x00, 0xE4, 0x24, 0x00, 0x00,
    0xE4, 0x24, 0x00, 0x00, 0xE4, 0x24, 0x00, 0x00, 0xE4, 0x24, 0x00, 0x00, 0xE4, 0x24, 0x00, 0x00,
    0xE4, 0x24, 0x00, 0x00, 0xE4, 0x24, 0x00, 0x00, 0xE4, 0x24, 0x00, 0x00, 0xE4, 0x24, 0x00, 0x00,
    0xE4, 0x24, 0x00, 0x00, 0xE4, 0x24, 0x00, 0x00, 0xE4, 0x24, 0x00, 0x00, 0xE4, 0x24, 0x00, 0x00,
    0xE4, 0x24, 0x00, 0x00, 0xE4, 0x24, 0x00, 0x00, 0xE4, 0x24, 0x00, 0x00, 0xE4, 0x24, 0x00, 0x00,
    0xE4, 0x24, 0x00, 0x00, 0xE4, 0x24, 0x00, 0x00, 0xE4, 0x24, 0x00, 0x00, 0xE4, 0x24, 0x00, 0x00,
    0xE4, 0x24, 0x00, 0x00, 0xE4, 0x24, 0x00, 0x00, 0xE4, 0x24, 0x00, 0x00, 0xE4, 0x24, 0x00, 0x00,
    0xE4, 0x24, 0x00, 0x00, 0xE4, 0x24, 0x00, 0x00, 0xE4, 0x24, 0x00, 0x00, 0xE4, 0x24, 0x00, 0x00,
    0xE4, 0x24, 0x00, 0x00, 0xE4, 0x24, 0x00, 0x00, 0xE4, 0x24, 0x00, 0x00, 0xE4, 0x24, 0x00, 0x00,
    0xE4, 0x24, 0x00, 0x00, 0xE4, 0x24, 0x00, 0x00, 0xE4, 0x24, 0x00, 0x00, 0xE4, 0x24, 0x00, 0x00,
    0xE4, 0x24, 0x00, 0x00, 0xE4, 0x24, 0x00, 0x00, 0xE4, 0x24, 0x00, 0x00, 0xE4, 0x24, 0x00, 0x00,
    0xE4, 0x24, 0x00, 0x00, 0xE4, 0x24, 0x00, 0x00, 0xE4, 0x24, 0x00, 0x00, 0xE4, 0x24, 0x00, 0x00,
    0xE4, 0x24, 0x00, 0x00, 0xE4, 0x24, 0x00, 0x00, 0xE4, 0x24, 0x00, 0x00, 0xE4, 0x24, 0x00, 0x00,
    0xE4, 0x24, 0x00, 0x00, 0xE4, 0x24, 0x00, 0x00, 0xE4, 0x24, 0x00, 0x00, 0xE4, 0x24, 0x00, 0x00,
    0xE4, 0x24, 0x00, 0x00, 0xE4, 0x24, 0x00, 0x00, 0xE4, 0x24, 0x00, 0x00, 0xE4, 0x24, 0x00, 0x00,
    0xE4, 0x24, 0x00, 0x00, 0xE4, 0x24, 0x00, 0x00, 0xE4, 0x24, 0x00, 0x00, 0xE4, 0x24, 0x00, 0x00,
    0xE4, 0x24, 0x00, 0x00, 0xE4, 0x24, 0x00, 0x00, 0xE4, 0x24, 0x00, 0x00, 0xE4, 0x24, 0x00, 0x00,
    0xE4, 0x24, 0x00, 0x00, 0xE4, 0x24, 0x00, 0x00, 0xE4, 0x24, 0x00, 0x00, 0xE4, 0x24, 0x00, 0x00,
    0xE4, 0x24, 0x00, 0x00, 0xE4, 0x24, 0x00, 0x00, 0xE4, 0x24, 0x00, 0x00, 0xE4, 0x24, 0x00, 0x00,
    0xE4, 0x24, 0x00, 0x00, 0xE4, 0x24, 0x00, 0x00, 0xE4, 0x24, 0x00, 0x00, 0xE4, 0x24, 0x00, 0x00,
    0xE4, 0x24, 0x00, 0x00, 0xE4, 0x24, 0x00, 0x00, 0xE4, 0x24, 0x00, 0x00, 0xE4, 0x24, 0x00, 0x00,
    0xE4, 0x24, 0x00, 0x00, 0xE4, 0x24, 0x00, 0x00, 0xE4, 0x24, 0x00, 0x00, 0xE4, 0x24, 0x00, 0x00,
    0xE4, 0x24, 0x00, 0x00, 0xE4, 0x24, 0x00, 0x00, 0xEC, 0x24, 0x00, 0x00, 0xF4, 0x24, 0x00, 0x00,
    0xF4, 0x24, 0x00, 0x00, 0xF4, 0x24, 0x00, 0x00, 0xF4, 0x24, 0x00, 0x00, 0xF4, 0x24, 0x00, 0x00,
    0xF4, 0x24, 0x00, 0x00, 0xF4, 0x24, 0x00, 0x00, 0xF4, 0x24, 0x00, 0x00, 0xF4, 0x24, 0x00, 0x00,
    0xF4, 0x24, 0x00, 0x00, 0xF4, 0x24, 0x00, 0x00, 0xF4, 0x24, 0x00, 0x00, 0xF4, 0x24, 0x00, 0x00,
    0xF4, 0x24, 0x00, 0x00, 0xF4, 0x24, 0x00, 0x00, 0xF4, 0x24, 0x00, 0x00, 0xF4, 0x24, 0x00, 0x00,
    0xF4, 0x24, 0x00, 0x00, 0xF4, 0x24, 0x00, 0x00, 0xF4, 0x24, 0x00, 0x00, 0xF4, 0x24, 0x00, 0x00,
    0xF4, 0x24, 0x00, 0x00, 0xF4, 0x24, 0x00, 0x00, 0xF4, 0x24, 0x00, 0x00, 0xF4, 0x24, 0x00, 0x00,
    0xF4, 0x24, 0x00, 0x00, 0xF4, 0x24, 0x00, 0x00, 0xF4, 0x24, 0x00, 0x00, 0xF4, 0x24, 0x00, 0x00,
    0xF4, 0x24, 0x00, 0x00, 0xF4, 0x24, 0x00, 0x00, 0xF4, 0x24, 0x00, 0x00, 0xF4, 0x24, 0x00, 0x00,
    0xF4, 0x24, 0x00, 0x00, 0xF4, 0x24, 0x00, 0x00, 0xF4, 0x24, 0x00, 0x00, 0xF4, 0x24, 0x00, 0x00,
    0xF4, 0x24, 0x00, 0x00, 0xF4, 0x24, 0x00, 0x00, 0xF4, 0x24, 0x00, 0x00, 0xF4, 0x24, 0x00, 0x00,
    0xF4, 0x24, 0x00, 0x00, 0xF4, 0x24, 0x00, 0x00, 0xF4, 0x24, 0x00, 0x00, 0xF4, 0x24, 0x00, 0x00,
    0xF4, 0x24, 0x00, 0x00, 0xF4, 0x24, 0x00, 0x00, 0xF4, 0x24, 0x00, 0x00, 0xF4, 0x24, 0x00, 0x00,
    0xF4, 0x24, 0x00, 0x00, 0xF4, 0x24, 0x00, 0x00, 0xF4, 0x24, 0x00, 0x00, 0xF4, 0x24, 0x00, 0x00,
    0xF4, 0x24, 0x00, 0x00, 0xF4, 0x24, 0x00, 0x00, 0xF4, 0x24, 0x00, 0x00, 0xF4, 0x24, 0x00, 0x00,
    0xF4, 0x24, 0x00, 0x00, 0xF4, 0x24, 0x00, 0x00, 0xF4, 0x24, 0x00, 0x00, 0xF4, 0x24, 0x00, 0x00,
    0xF4, 0x24, 0x00, 0x00, 0xF4, 0x24, 0x00, 0x00, 0x00, 0xE0, 0x00, 0x00, 0x00, 0xE0, 0x00, 0x00,
    0x00, 0xE0, 0x00, 0x00, 0x00, 0xE0, 0x00, 0x00, 0x00, 0xE0, 0x00, 0x00, 0x00, 0xE0, 0x00, 0x00,
    0x00, 0xE0, 0x00, 0x00, 0x00, 0xE0, 0x00, 0x00, 0x00, 0xE0, 0x00, 0x00, 0x00, 0xE0, 0x00, 0x00,
    0x00, 0xE0, 0x00, 0x00, 0x00, 0xE0, 0x00, 0x00, 0x00, 0x60, 0x00, 0xE0, 0x00, 0xE0, 0x00, 0x00,
    0x00, 0xE0, 0x00, 0x00, 0x00, 0xE0, 0x00, 0x00, 0x00, 0xE0, 0x00, 0x00, 0x00, 0xE0, 0x00, 0x00,
    0x00, 0xE0, 0x00, 0x00, 0x02, 0x00, 0x02, 0x60, 0x00, 0xC0, 0x03, 0x00, 0x00, 0xC0, 0x04, 0x00,
    0x00, 0xC0, 0x03, 0x60, 0x00, 0xC0, 0x00, 0xE0, 0x00, 0xE0, 0x00, 0x00, 0x00, 0xE0, 0x00, 0x00,
    0x00, 0xE0, 0x00, 0x00, 0x00, 0xE0, 0x00, 0x00, 0x00, 0xE0, 0x00, 0x00, 0x00, 0xE0, 0x00, 0x00,
    0x00, 0xE0, 0x00, 0x00, 0x00, 0xE0, 0x00, 0x00, 0x00, 0xE0, 0x00, 0x00, 0x00, 0xE0, 0x00, 0x00,
    0x00, 0xE0, 0x00, 0x00, 0x00, 0xE0, 0x00, 0x00, 0x00, 0xE0, 0x00, 0x00, 0x00, 0xE0, 0x00, 0x00,
    0x00, 0xE0, 0x00, 0x00, 0x00, 0xE0, 0x00, 0x00, 0x00, 0xE0, 0x00, 0x00, 0x00, 0xE0, 0x00, 0x00,
    0x00, 0xE0, 0x00, 0x00, 0x00, 0xE0, 0x00, 0x00, 0x00, 0xE0, 0x00, 0x00, 0x00, 0xE0, 0x00, 0x00,
    0x00, 0xE0, 0x00, 0x00, 0x00, 0xE0, 0x00, 0x00, 0x00, 0xE0, 0x00, 0x00, 0x00, 0xE0, 0x00, 0x00,
    0x00, 0xE0, 0x00, 0x00, 0x00, 0xE0, 0x00, 0x00, 0x00, 0xE0, 0x00, 0x00, 0x00, 0xE0, 0x00, 0x00,
    0x00, 0xE0, 0x00, 0x00, 0x00, 0xE0, 0x00, 0x00, 0x00, 0xE0, 0x00, 0x00, 0x00, 0xE0, 0x00, 0x00,
    0x00, 0xE0, 0x00, 0x00, 0x00, 0xE0, 0x00, 0x00, 0x00, 0xE0, 0x00, 0x00, 0x00, 0xE0, 0x00, 0x00,
    0x00, 0xE0, 0x00, 0x00, 0x00, 0xE0, 0x00, 0x00, 0x00, 0xE0, 0x00, 0x00, 0x00, 0xE0, 0x00, 0x00,
    0x00, 0xE0, 0x00, 0x00, 0x00, 0xE0, 0x00, 0x00, 0x00, 0xE0, 0x00, 0x00, 0x00, 0xE0, 0x00, 0x00,
    0x00, 0xE0, 0x00, 0x00, 0x00, 0xE0, 0x00, 0x00, 0x00, 0xE0, 0x00, 0x00, 0x00, 0xE0, 0x00, 0x00,
    0x00, 0xE0, 0x00, 0x00, 0x00, 0xE0, 0x00, 0x00, 0x00, 0xE0, 0x00, 0x00, 0x00, 0xE0, 0x00, 0x00,
    0x00, 0xE0, 0x00, 0x00, 0x00, 0xE0, 0x00, 0x00, 0x00, 0xE0, 0x00, 0x00, 0x00, 0xE0, 0x00, 0x00,
    0x00, 0xE0, 0x00, 0x00, 0x00, 0xE0, 0x00, 0x00, 0x00, 0xE0, 0x00, 0x00, 0x00, 0xE0, 0x00, 0x00,
    0x00, 0xE0, 0x00, 0x00, 0x00, 0xE0, 0x00, 0x00, 0x00, 0xE0, 0x00, 0x00, 0x00, 0xE0, 0x00, 0x00,
    0x00, 0xE0, 0x00, 0x00, 0x00, 0xE0, 0x00, 0x00, 0x00, 0xE0, 0x00, 0x00, 0x00, 0xE0, 0x00, 0x00,
    0x00, 0xE0, 0x00, 0x00, 0x00, 0xE0, 0x00, 0x00, 0x00, 0xE0, 0x00, 0x00, 0x00, 0xE0, 0x00, 0x00,
    0x00, 0xE0, 0x00, 0x00, 0x00, 0xE0, 0x00, 0x00, 0x00, 0xE0, 0x00, 0x00, 0x00, 0xE0, 0x00, 0x00,
    0x00, 0xE0, 0x00, 0x00, 0x00, 0xE0, 0x00, 0x00, 0x00, 0xE0, 0x00, 0x00, 0x00, 0xE0, 0x00, 0x00,
    0x00, 0xE0, 0x00, 0x00, 0x00, 0xE0, 0x00, 0x00, 0x00, 0xE0, 0x00, 0x00, 0x00, 0xE0, 0x00, 0x00,
    0x00, 0xE0, 0x00, 0x00, 0x00, 0xE0, 0x00, 0x00, 0x00, 0xE0, 0x00, 0x00, 0x00, 0xE0, 0x00, 0x00,
    0x00, 0xE0, 0x00, 0x00, 0x00, 0xE0, 0x00, 0x00, 0x00, 0xE0, 0x00, 0x00, 0x00, 0xE0, 0x00, 0x00,
    0x00, 0xE0, 0x00, 0x00, 0x00, 0xE0, 0x00, 0x00, 0x00, 0xE0, 0x00, 0x00, 0x00, 0xE0, 0x00, 0x00,
    0x00, 0xE0, 0x00, 0x00, 0x00, 0xE0, 0x00, 0x00, 0x00, 0xE0, 0x00, 0x00, 0x00, 0xE0, 0x00, 0x00,
    0x00, 0xE0, 0x00, 0x00, 0x00, 0xE0, 0x00, 0x00, 0x00, 0xE0, 0x00, 0x00, 0x00, 0xE0, 0x00, 0x00,
    0x00, 0xE0, 0x00, 0x00, 0x00, 0xE0, 0x00, 0x00, 0x00, 0xE0, 0x00, 0x00, 0x00, 0xE0, 0x00, 0x00,
    0x00, 0xE0, 0x00, 0x00, 0x00, 0xE0, 0x00, 0x00, 0x00, 0xE0, 0x00, 0x00, 0x00, 0xE0, 0x00, 0x00,
    0x00, 0xE0, 0x00, 0x00, 0x00, 0xE0, 0x00, 0x00, 0x00, 0xE0, 0x00, 0x00, 0x00, 0xE0, 0x00, 0x00,
    0x00, 0xE0, 0x00, 0x00, 0x00, 0xE0, 0x00, 0x00, 0x00, 0xE0, 0x00, 0x00, 0x00, 0xE0, 0x00, 0x00,
    0x00, 0xE0, 0x00, 0x00, 0x0C, 0x60, 0x05, 0x00, 0x00, 0xC0, 0x00, 0xE0, 0x00, 0xE0, 0x00, 0x00,
    0x00, 0xE0, 0x00, 0x00, 0x00, 0xE0, 0x00, 0x00, 0x0C, 0x60, 0x00, 0xF0, 0x07, 0x00, 0x00, 0x00,
    0x00, 0xE0, 0x00, 0x00, 0x00, 0xE0, 0x00, 0x00, 0x00, 0xE0, 0x00, 0x00, 0x00, 0xE0, 0x00, 0x00,
    0x00, 0xE0, 0x00, 0x00, 0x00, 0xE0, 0x00, 0x00, 0x0B, 0x60, 0x00, 0xF0, 0x07, 0x00, 0x00, 0x00,
    0x00, 0xE0, 0x00, 0x00, 0x00, 0xE0, 0x00, 0x00, 0x00, 0xE0, 0x00, 0x00, 0x0B, 0x60, 0x05, 0x00,
    0x00, 0xC0, 0x00, 0xE0, 0x00, 0xE0, 0x00, 0x00, 0x00, 0xE0, 0x00, 0x00, 0x00, 0xE0, 0x00, 0x00,
    0x00, 0xE0, 0x00, 0x00, 0x00, 0xE0, 0x00, 0x00, 0x00, 0xE0, 0x00, 0x00, 0x00, 0xE0, 0x00, 0x00,
    0x00, 0xE0, 0x00, 0x00, 0x00, 0xE0, 0x00, 0x00, 0x00, 0xE0, 0x00, 0x00, 0x00, 0xE0, 0x00, 0x00,
    0x00, 0xE0, 0x00, 0x00, 0x00, 0xE0, 0x00, 0x00, 0x00, 0xE0, 0x00, 0x00, 0x00, 0xE0, 0x00, 0x00,
    0x00, 0xE0, 0x00, 0x00, 0x00, 0xE0, 0x00, 0x00, 0x00, 0xE0, 0x00, 0x00, 0x00, 0xE0, 0x00, 0x00,
    0x00, 0xE0, 0x00, 0x00, 0x00, 0xE0, 0x00, 0x00, 0x00, 0xE0, 0x00, 0x00, 0x00, 0xE0, 0x00, 0x00,
    0x00, 0xE0, 0x00, 0x00, 0x00, 0xE0, 0x00, 0x00, 0x00, 0xE0, 0x00, 0x00, 0x00, 0xE0, 0x00, 0x00,
    0x00, 0xE0, 0x00, 0x00, 0x00, 0xE0, 0x00, 0x00, 0x00, 0xE0, 0x00, 0x00, 0x00, 0xE0, 0x00, 0x00,
    0x00, 0xE0, 0x00, 0x00, 0x00, 0xE0, 0x00, 0x00, 0x00, 0xE0, 0x00, 0x00, 0x00, 0xE0, 0x00, 0x00,
    0x00, 0xE0, 0x00, 0x00, 0x00, 0xE0, 0x00, 0x00, 0x00, 0xE0, 0x00, 0x00, 0x00, 0xE0, 0x00, 0x00,
    0x00, 0xE0, 0x00, 0x00, 0x00, 0xE0, 0x00, 0x00, 0x00, 0xE0, 0x00, 0x00, 0x00, 0xE0, 0x00, 0x00,
    0x00, 0xE0, 0x00, 0x00, 0x00, 0xE0, 0x00, 0x00, 0x00, 0xE0, 0x00, 0x00, 0x00, 0xE0, 0x00, 0x00,
    0x00, 0xE0, 0x00, 0x00, 0x00, 0xE0, 0x00, 0x00, 0x00, 0xE0, 0x00, 0x00, 0x00, 0xE0, 0x00, 0x00,
    0x00, 0xE0, 0x00, 0x00, 0x00, 0xE0, 0x00, 0x00, 0x00, 0xE0, 0x00, 0x00, 0x00, 0xE0, 0x00, 0x00,
    0x00, 0xE0, 0x00, 0x00, 0x00, 0xE0, 0x00, 0x00, 0x00, 0xE0, 0x00, 0x00, 0x00, 0xE0, 0x00, 0x00,
    0x00, 0xE0, 0x00, 0x00, 0x00, 0xE0, 0x00, 0x00, 0x00, 0xE0, 0x00, 0x00, 0x00, 0xE0, 0x00, 0x00,
    0x00, 0xE0, 0x00, 0x00, 0x00, 0xE0, 0x00, 0x00, 0x00, 0xE0, 0x00, 0x00, 0x00, 0xE0, 0x00, 0x00,
    0x00, 0xE0, 0x00, 0x00, 0x00, 0xE0, 0x00, 0x00, 0x00, 0xE0, 0x00, 0x00, 0x00, 0xE0, 0x00, 0x00,
    0x00, 0xE0, 0x00, 0x00, 0x00, 0xE0, 0x00, 0x00, 0x00, 0xE0, 0x00, 0x00, 0x00, 0xE0, 0x00, 0x00,
    0x00, 0xE0, 0x00, 0x00, 0x00, 0xE0, 0x00, 0x00, 0x00, 0xE0, 0x00, 0x00, 0x00, 0xE0, 0x00, 0x00,
    0x00, 0xE0, 0x00, 0x00, 0x00, 0xE0, 0x00, 0x00, 0x00, 0xE0, 0x00, 0x00, 0x00, 0xE0, 0x00, 0x00,
    0x00, 0xE0, 0x00, 0x00, 0x00, 0xE0, 0x00, 0x00, 0x00, 0xE0, 0x00, 0x00, 0x00, 0xE0, 0x00, 0x00,
    0x00, 0xE0, 0x00, 0x00, 0x00, 0xE0, 0x00, 0x00, 0x00, 0xE0, 0x00, 0x00, 0x00, 0xE0, 0x00, 0x00,
    0x00, 0xE0, 0x00, 0x00, 0x00, 0xE0, 0x00, 0x00, 0x00, 0xE0, 0x00, 0x00, 0x00, 0xE0, 0x00, 0x00,
    0x00, 0xE0, 0x00, 0x00, 0x00, 0xE0, 0x00, 0x00, 0x00, 0xE0, 0x00, 0x00, 0x00, 0xE0, 0x00, 0x00,
    0x00, 0xE0, 0x00, 0x00, 0x00, 0xE0, 0x00, 0x00, 0x00, 0xE0, 0x00, 0x00, 0x00, 0xE0, 0x00, 0x00,
    0x00, 0xE0, 0x00, 0x00, 0x00, 0xE0, 0x00, 0x00, 0x00, 0xE0, 0x00, 0x00, 0x00, 0xE0, 0x00, 0x00,
    0x00, 0xE0, 0x00, 0x00, 0x00, 0xE0, 0x00, 0x00, 0x00, 0xE0, 0x00, 0x00, 0x00, 0xE0, 0x00, 0x00,
    0x05, 0x60, 0x00, 0xE0, 0x00, 0xE0, 0x00, 0x00, 0x00, 0xE0, 0x00, 0x00, 0x00, 0xE0, 0x00, 0x00,
    0x08, 0x60, 0x00, 0xE0, 0x00, 0xE0, 0x00, 0x00, 0x00, 0xE0, 0x00, 0x00, 0x00, 0xE0, 0x00, 0x00,
    0x00, 0xE0, 0x00, 0x00, 0x00, 0xE0, 0x00, 0x00, 0x00, 0xE0, 0x00, 0x00, 0x00, 0xE0, 0x00, 0x00,
    0x00, 0xE0, 0x00, 0x00, 0x00, 0xE0, 0x00, 0x00, 0x00, 0xE0, 0x00, 0x00, 0x00, 0xE0, 0x00, 0x00,
    0x00, 0xE0, 0x00, 0x00, 0x00, 0xE0, 0x00, 0x00, 0x00, 0xE0, 0x00, 0x00, 0x00, 0xE0, 0x00, 0x00,
    0x00, 0xE0, 0x00, 0x00, 0x00, 0xE0, 0x00, 0x00, 0x00, 0xE0, 0x00, 0x00, 0x00, 0xE0, 0x00, 0x00,
    0x00, 0xE0, 0x00, 0x00, 0x00, 0xE0, 0x00, 0x00, 0x00, 0xE0, 0x00, 0x00, 0x00, 0xE0, 0x00, 0x00,
    0x00, 0xE0, 0x00, 0x00, 0x00, 0xE0, 0x00, 0x00, 0x00, 0xE0, 0x00, 0x00, 0x00, 0xE0, 0x00, 0x00,
    0x00, 0xE0, 0x00, 0x00, 0x00, 0xE0, 0x00, 0x00, 0x00, 0xE0, 0x00, 0x00, 0x00, 0xE0, 0x00, 0x00,
    0x00, 0xE0, 0x00, 0x00, 0x00, 0xE0, 0x00, 0x00, 0x00, 0xE0, 0x00, 0x00, 0x00, 0xE0, 0x00, 0x00,
    0x00, 0xE0, 0x00, 0x00, 0x00, 0xE0, 0x00, 0x00, 0x00, 0xE0, 0x00, 0x00, 0x00, 0xE0, 0x00, 0x00,
    0x00, 0xE0, 0x00, 0x00, 0x00, 0xE0, 0x00, 0x00, 0x00, 0xE0, 0x00, 0x00, 0x00, 0xE0, 0x00, 0x00,
    0x00, 0xE0, 0x00, 0x00, 0x00, 0xE0, 0x00, 0x00, 0x00, 0xE0, 0x00, 0x00, 0x00, 0xE0, 0x00, 0x00,
    0x00, 0xE0, 0x00, 0x00, 0x00, 0xE0, 0x00, 0x00, 0x00, 0xE0, 0x00, 0x00, 0x00, 0xE0, 0x00, 0x00,
    0x00, 0xE0, 0x00, 0x00, 0x00, 0xE0, 0x00, 0x00, 0x00, 0xE0, 0x00, 0x00, 0x00, 0xE0, 0x00, 0x00,
    0x00, 0xE0, 0x00, 0x00, 0x00, 0xE0, 0x00, 0x00, 0x00, 0xE0, 0x00, 0x00, 0x00, 0xE0, 0x00, 0x00,
    0x00, 0xE0, 0x00, 0x00, 0x00, 0xE0, 0x00, 0x00, 0x00, 0xE0, 0x00, 0x00, 0x00, 0xE0, 0x00, 0x00,
    0x00, 0xE0, 0x00, 0x00, 0x00, 0xE0, 0x00, 0x00, 0x00, 0xE0, 0x00, 0x00, 0x00, 0xE0, 0x00, 0x00,
    0x00, 0xE0, 0x00, 0x00, 0x00, 0xE0, 0x00, 0x00, 0x00, 0xE0, 0x00, 0x00, 0x00, 0xE0, 0x00, 0x00,
    0x00, 0xE0, 0x00, 0x00, 0x00, 0xE0, 0x00, 0x00, 0x00, 0xE0, 0x00, 0x00, 0x00, 0xE0, 0x00, 0x00,
    0x00, 0xE0, 0x00, 0x00, 0x00, 0xE0, 0x00, 0x00, 0x00, 0xE0, 0x00, 0x00, 0x00, 0xE0, 0x00, 0x00,
    0x00, 0xE0, 0x00, 0x00, 0x00, 0xE0, 0x00, 0x00, 0x00, 0xE0, 0x00, 0x00, 0x00, 0xE0, 0x00, 0x00,
    0x00, 0xE0, 0x00, 0x00, 0x00, 0xE0, 0x00, 0x00, 0x00, 0xE0, 0x00, 0x00, 0x00, 0xE0, 0x00, 0x00,
    0x00, 0xE0, 0x00, 0x00, 0x00, 0xE0, 0x00, 0x00, 0x00, 0xE0, 0x00, 0x00, 0x00, 0xE0, 0x00, 0x00,
    0x00, 0xE0, 0x00, 0x00, 0x00, 0xE0, 0x00, 0x00, 0x00, 0xE0, 0x00, 0x00, 0x00, 0xE0, 0x00, 0x00,
    0x00, 0xE0, 0x00, 0x00, 0x00, 0xE0, 0x00, 0x00, 0x00, 0xE0, 0x00, 0x00, 0x00, 0xE0, 0x00, 0x00,
    0x00, 0xE0, 0x00, 0x00, 0x00, 0xE0, 0x00, 0x00, 0x00, 0xE0, 0x00, 0x00, 0x00, 0xE0, 0x00, 0x00,
    0x00, 0xE0, 0x00, 0x00, 0x00, 0xE0, 0x00, 0x00, 0x00, 0xE0, 0x00, 0x00, 0x00, 0xE0, 0x00, 0x00,
    0x00, 0xE0, 0x00, 0x00, 0x00, 0xE0, 0x00, 0x00, 0x00, 0xE0, 0x00, 0x00, 0x00, 0xE0, 0x00, 0x00,
    0x00, 0xE0, 0x00, 0x00, 0x00, 0xE0, 0x00, 0x00, 0x00, 0xE0, 0x00, 0x00, 0x00, 0xE0, 0x00, 0x00,
    0x00, 0xE0, 0x00, 0x00, 0x00, 0xE0, 0x00, 0x00, 0x00, 0xE0, 0x00, 0x00, 0x00, 0xE0, 0x00, 0x00,
    0x00, 0xE0, 0x00, 0x00, 0x00, 0xE0, 0x00, 0x00, 0x00, 0xE0, 0x00, 0x00, 0x00, 0xE0, 0x00, 0x00,
    0x08, 0x60, 0x00, 0xE0, 0x00, 0xE0, 0x00, 0x00, 0x00, 0xE0, 0x00, 0x00, 0x00, 0xE0, 0x00, 0x00,
    0x00, 0xE0, 0x00, 0x00, 0x00, 0xE0, 0x00, 0x00, 0x00, 0xE0, 0x00, 0x00, 0x00, 0xE0, 0x00, 0x00,
    0x00, 0xE0, 0x00, 0x00, 0x00, 0xE0, 0x00, 0x00, 0x05, 0x60, 0x00, 0xE0, 0x00, 0xE0, 0x00, 0x00,
    0x00, 0xE0, 0x00, 0x00, 0x00, 0xE0, 0x00, 0x00, 0x06, 0x60, 0x00, 0xE0, 0x00, 0xE0, 0x00, 0x00,
    0x00, 0xE0, 0x00, 0x00, 0x00, 0xE0, 0x00, 0x00, 0x00, 0xE0, 0x00, 0x00, 0x00, 0xE0, 0x00, 0x00,
    0x00, 0xE0, 0x00, 0x00, 0x00, 0xE0, 0x00, 0x00, 0x00, 0xE0, 0x00, 0x00, 0x00, 0xE0, 0x00, 0x00,
    0x00, 0xE0, 0x00, 0x00, 0x00, 0xE0, 0x00, 0x00, 0x00, 0xE0, 0x00, 0x00, 0x00, 0xE0, 0x00, 0x00,
    0x00, 0xE0, 0x00, 0x00, 0x00, 0xE0, 0x00, 0x00, 0x00, 0xE0, 0x00, 0x00, 0x00, 0xE0, 0x00, 0x00,
    0x00, 0xE0, 0x00, 0x00, 0x00, 0xE0, 0x00, 0x00, 0x00, 0xE0, 0x00, 0x00, 0x00, 0xE0, 0x00, 0x00,
    0x00, 0xE0, 0x00, 0x00, 0x00, 0xE0, 0x00, 0x00, 0x00, 0xE0, 0x00, 0x00, 0x00, 0xE0, 0x00, 0x00,
    0x00, 0xE0, 0x00, 0x00, 0x00, 0xE0, 0x00, 0x00, 0x00, 0xE0, 0x00, 0x00, 0x00, 0xE0, 0x00, 0x00,
    0x00, 0xE0, 0x00, 0x00, 0x00, 0xE0, 0x00, 0x00, 0x00, 0xE0, 0x00, 0x00, 0x00, 0xE0, 0x00, 0x00,
    0x00, 0xE0, 0x00, 0x00, 0x00, 0xE0, 0x00, 0x00, 0x00, 0xE0, 0x00, 0x00, 0x00, 0xE0, 0x00, 0x00,
    0x00, 0xE0, 0x00, 0x00, 0x00, 0xE0, 0x00, 0x00, 0x0C, 0x60, 0x00, 0xF0, 0x07, 0x00, 0x00, 0x00,
    0x00, 0xE0, 0x00, 0x00, 0x00, 0xE0, 0x00, 0x00, 0x00, 0xE0, 0x00, 0x00, 0x0C, 0x60, 0x05, 0x00,
    0x00, 0xC0, 0x00, 0xE0, 0x00, 0xE0, 0x00, 0x00, 0x00, 0xE0, 0x00, 0x00, 0x00, 0xE0, 0x00, 0x00,
    0x00, 0xE0, 0x00, 0x00, 0x00, 0xE0, 0x00, 0x00, 0x00, 0xE0, 0x00, 0x00, 0x00, 0xE0, 0x00, 0x00,
    0x00, 0xE0, 0x00, 0x00, 0x00, 0xE0, 0x00, 0x00, 0x0B, 0x60, 0x00, 0xF0, 0x07, 0x00, 0x00, 0x00,
    0x00, 0xE0, 0x00, 0x00, 0x00, 0xE0, 0x00, 0x00, 0x00, 0xE0, 0x00, 0x00, 0x0B, 0x60, 0x05, 0x00,
    0x00, 0xC0, 0x00, 0xE0, 0x00, 0xE0, 0x00, 0x00, 0x00, 0xE0, 0x00, 0x00, 0x00, 0xE0, 0x00, 0x00,
    0x00, 0xE0, 0x00, 0x00, 0x00, 0xE0, 0x00, 0x00, 0x00, 0xE0, 0x00, 0x00, 0x00, 0xE0, 0x00, 0x00,
    0x00, 0xE0, 0x00, 0x00, 0x00, 0xE0, 0x00, 0x00, 0x00, 0xE0, 0x00, 0x00, 0x00, 0xE0, 0x00, 0x00,
    0x00, 0xE0, 0x00, 0x00, 0x00, 0xE0, 0x00, 0x00, 0x00, 0xE0, 0x00, 0x00, 0x00, 0xE0, 0x00, 0x00,
    0x00, 0xE0, 0x00, 0x00, 0x00, 0xE0, 0x00, 0x00, 0x00, 0xE0, 0x00, 0x00, 0x00, 0xE0, 0x00, 0x00,
    0x00, 0xE0, 0x00, 0x00, 0x00, 0xE0, 0x00, 0x00, 0x00, 0xE0, 0x00, 0x00, 0x00, 0xE0, 0x00, 0x00,
    0x00, 0xE0, 0x00, 0x00, 0x00, 0xE0, 0x00, 0x00, 0x00, 0xE0, 0x00, 0x00, 0x00, 0xE0, 0x00, 0x00,
    0x00, 0xE0, 0x00, 0x00, 0x00, 0xE0, 0x00, 0x00, 0x00, 0xE0, 0x00, 0x00, 0x00, 0xE0, 0x00, 0x00,
    0x00, 0xE0, 0x00, 0x00, 0x00, 0xE0, 0x00, 0x00, 0x00, 0xE0, 0x00, 0x00, 0x00, 0xE0, 0x00, 0x00,
    0x00, 0xE0, 0x00, 0x00, 0x00, 0xE0, 0x00, 0x00, 0x00, 0xE0, 0x00, 0x00, 0x00, 0xE0, 0x00, 0x00,
    0x00, 0xE0, 0x00, 0x00, 0x00, 0xE0, 0x00, 0x00, 0x00, 0xE0, 0x00, 0x00, 0x00, 0xE0, 0x00, 0x00,
    0x00, 0xE0, 0x00, 0x00, 0x00, 0xE0, 0x00, 0x00, 0x00, 0xE0, 0x00, 0x00, 0x00, 0xE0, 0x00, 0x00,
    0x00, 0xE0, 0x00, 0x00, 0x00, 0xE0, 0x00, 0x00, 0x00, 0xE0, 0x00, 0x00, 0x00, 0xE0, 0x00, 0x00,
    0x00, 0xE0, 0x00, 0x00, 0x00, 0xE0, 0x00, 0x00, 0x00, 0xE0, 0x00, 0x00, 0x00, 0xE0, 0x00, 0x00,
    0x00, 0xE0, 0x00, 0x00, 0x00, 0xE0, 0x00, 0x00, 0x00, 0xE0, 0x00, 0x00, 0x00, 0xE0, 0x00, 0x00,
    0x00, 0xE0, 0x00, 0x00, 0x00, 0xE0, 0x00, 0x00, 0x00, 0xE0, 0x00, 0x00, 0x00, 0xE0, 0x00, 0x00,
    0x00, 0xE0, 0x00, 0x00, 0x00, 0xE0, 0x00, 0x00, 0x00, 0xE0, 0x00, 0x00, 0x00, 0xE0, 0x00, 0x00,
    0x00, 0xE0, 0x00, 0x00, 0x00, 0xE0, 0x00, 0x00, 0x00, 0xE0, 0x00, 0x00, 0x00, 0xE0, 0x00, 0x00,
    0x00, 0xE0, 0x00, 0x00, 0x00, 0xE0, 0x00, 0x00, 0x00, 0xE0, 0x00, 0x00, 0x00, 0xE0, 0x00, 0x00,
    0x00, 0xE0, 0x00, 0x00, 0x00, 0xE0, 0x00, 0x00, 0x00, 0xE0, 0x00, 0x00, 0x00, 0xE0, 0x00, 0x00,
    0x00, 0xE0, 0x00, 0x00, 0x00, 0xE0, 0x00, 0x00, 0x00, 0xE0, 0x00, 0x00, 0x00, 0xE0, 0x00, 0x00,
    0x00, 0xE0, 0x00, 0x00, 0x00, 0xE0, 0x00, 0x00, 0x00, 0xE0, 0x00, 0x00, 0x00, 0xE0, 0x00, 0x00,
    0x00, 0xE0, 0x00, 0x00, 0x00, 0xE0, 0x00, 0x00, 0x00, 0xE0, 0x00, 0x00, 0x00, 0xE0, 0x00, 0x00,
    0x00, 0xE0, 0x00, 0x00, 0x00, 0xE0, 0x00, 0x00, 0x00, 0xE0, 0x00, 0x00, 0x00, 0xE0, 0x00, 0x00,
    0x00, 0xE0, 0x00, 0x00, 0x00, 0xE0, 0x00, 0x00, 0x00, 0xE0, 0x00, 0x00, 0x00, 0xE0, 0x00, 0x00,
    0x00, 0xE0, 0x00, 0x00, 0x00, 0xE0, 0x00, 0x00, 0x00, 0xE0, 0x00, 0x00, 0x06, 0x00, 0x00, 0xE0,
    0x00, 0xE0, 0x00, 0x00, 0x00, 0xE0, 0x00, 0x00, 0x00, 0xE0, 0x00, 0x00, 0x00, 0xE0, 0x00, 0x00,
    0x00, 0xE0, 0x00, 0x00, 0x00, 0xE0, 0x00, 0x00, 0x00, 0xE0, 0x00, 0x00, 0x00, 0xE0, 0x00, 0x00,
    0x00, 0xE0, 0x00, 0x00, 0x00, 0xE0, 0x00, 0x00, 0x00, 0xE0, 0x00, 0x00, 0x00, 0xE0, 0x00, 0x00,
    0x00, 0xE0, 0x00, 0x00, 0x00, 0xE0, 0x00, 0x00, 0x00, 0xE0, 0x00, 0x00, 0x00, 0xE0, 0x00, 0x00,
    0x00, 0xE0, 0x00, 0x00, 0x00, 0xE0, 0x00, 0x00, 0x00, 0xE0, 0x00, 0x00, 0x00, 0xE0, 0x00, 0x00,
    0x00, 0xE0, 0x00, 0x00, 0x00, 0xE0, 0x00, 0x00, 0x00, 0xE0, 0x00, 0x00, 0x00, 0xE0, 0x00, 0x00,
    0x00, 0xE0, 0x00, 0x00, 0x00, 0xE0, 0x00, 0x00, 0x00, 0xE0, 0x00, 0x00, 0x00, 0xE0, 0x00, 0x00,
    0x00, 0xE0, 0x00, 0x00, 0x00, 0xE0, 0x00, 0x00, 0x08, 0x60, 0x00, 0xE0, 0x00, 0xE0, 0x00, 0x00,
    0x00, 0xE0, 0x00, 0x00, 0x00, 0xE0, 0x00, 0x00, 0x00, 0xE0, 0x00, 0x00, 0x00, 0xE0, 0x00, 0x00,
    0x00, 0xE0, 0x00, 0x00, 0x00, 0xE0, 0x00, 0x00, 0x00, 0xE0, 0x00, 0x00, 0x00, 0xE0, 0x00, 0x00,
    0x05, 0x60, 0x00, 0xE0, 0x00, 0xE0, 0x00, 0x00, 0x00, 0xE0, 0x00, 0x00, 0x00, 0xE0, 0x00, 0x00,
    0x00, 0xE0, 0x00, 0x00, 0x00, 0xE0, 0x00, 0x00, 0x00, 0xE0, 0x00, 0x00, 0x06, 0x00, 0x00, 0xE0,
    0x00, 0xE0, 0x00, 0x00, 0x00, 0xE0, 0x00, 0x00, 0x00, 0xE0, 0x00, 0x00, 0x00, 0xE0, 0x00, 0x00,
    0x00, 0xE0, 0x00, 0x00, 0x00, 0xE0, 0x00, 0x00, 0x00, 0xE0, 0x00, 0x00, 0x00, 0xE0, 0x00, 0x00,
    0x00, 0xE0, 0x00, 0x00, 0x00, 0xE0, 0x00, 0x00, 0x00, 0xE0, 0x00, 0x00, 0x00, 0xE0, 0x00, 0x00,
    0x02, 0x00, 0x02, 0x60, 0x00, 0xC0, 0x07, 0x00, 0x00, 0xC0, 0x04, 0x00, 0x00, 0xC0, 0x03, 0x60,
    0x00, 0xC0, 0x00, 0xE0, 0x00, 0xE0, 0x00, 0x00, 0x00, 0xE0, 0x00, 0x00, 0x00, 0xE0, 0x00, 0x00,
    0x00, 0xE0, 0x00, 0x00, 0x00, 0xE0, 0x00, 0x00, 0x00, 0xE0, 0x00, 0x00, 0x00, 0xE0, 0x00, 0x00,
    0x00, 0xE0, 0x00, 0x00, 0x00, 0xE0, 0x00, 0x00, 0x00, 0xE0, 0x00, 0x00, 0x00, 0xE0, 0x00, 0x00,
    0x00, 0xE0, 0x00, 0x00, 0x00, 0xE0, 0x00, 0x00, 0x00, 0xE0, 0x00, 0x00, 0x00, 0xE0, 0x00, 0x00,
    0x00, 0xE0, 0x00, 0x00, 0x00, 0xE0, 0x00, 0x00, 0x00, 0xE0, 0x00, 0x00, 0x00, 0xE0, 0x00, 0x00,
    0x00, 0xE0, 0x00, 0x00, 0x00, 0xE0, 0x00, 0x00, 0x00, 0xE0, 0x00, 0x00, 0x00, 0xE0, 0x00, 0x00,
    0x00, 0xE0, 0x00, 0x00, 0x00, 0xE0, 0x00, 0x00, 0x00, 0xE0, 0x00, 0x00, 0x00, 0xE0, 0x00, 0x00,
    0x00, 0xE0, 0x00, 0x00, 0x00, 0xE0, 0x00, 0x00, 0x00, 0xE0, 0x00, 0x00, 0x00, 0xE0, 0x00, 0x00,
    0x00, 0xE0, 0x00, 0x00, 0x00, 0xE0, 0x00, 0x00, 0x00, 0xE0, 0x00, 0x00, 0x00, 0xE0, 0x00, 0x00,
    0x00, 0xE0, 0x00, 0x00, 0x00, 0xE0, 0x00, 0x00, 0x00, 0xE0, 0x00, 0x00, 0x00, 0xE0, 0x00, 0x00,
    0x00, 0xE0, 0x00, 0x00, 0x00, 0xE0, 0x00, 0x00, 0x00, 0xE0, 0x00, 0x00, 0x08, 0x60, 0x00, 0xE0,
    0x00, 0xE0, 0x00, 0x00, 0x00, 0xE0, 0x00, 0x00, 0x00, 0xE0, 0x00, 0x00, 0x00, 0xE0, 0x00, 0x00,
    0x00, 0xE0, 0x00, 0x00, 0x00, 0xE0, 0x00, 0x00, 0x00, 0xE0, 0x00, 0x00, 0x00, 0xE0, 0x00, 0x00,
    0x00, 0xE0, 0x00, 0x00, 0x00, 0xE0, 0x00, 0x00, 0x00, 0xE0, 0x00, 0x00, 0x00, 0xE0, 0x00, 0x00,
    0x00, 0xE0, 0x00, 0x00, 0x00, 0xE0, 0x00, 0x00, 0x00, 0xE0, 0x00, 0x00, 0x05, 0x60, 0x00, 0xE0,
    0x00, 0xE0, 0x00, 0x00, 0x00, 0xE0, 0x00, 0x00, 0x00, 0xE0, 0x00, 0x00, 0x06, 0x60, 0x00, 0xE0,
    0x00, 0xE0, 0x00, 0x00, 0x00, 0xE0, 0x00, 0x00, 0x00, 0xE0, 0x00, 0x00, 0x00, 0xE0, 0x00, 0x00,
    0x00, 0xE0, 0x00, 0x00, 0x00, 0xE0, 0x00, 0x00, 0x00, 0xE0, 0x00, 0x00, 0x00, 0xE0, 0x00, 0x00,
    0x00, 0xE0, 0x00, 0x00, 0x00, 0xE0, 0x00, 0x00, 0x00, 0xE0, 0x00, 0x00, 0x00, 0xE0, 0x00, 0x00,
    0x00, 0xE0, 0x00, 0x00, 0x00, 0xE0, 0x00, 0x00, 0x00, 0xE0, 0x00, 0x00, 0x00, 0xE0, 0x00, 0x00,
    0x00, 0xE0, 0x00, 0x00, 0x00, 0xE0, 0x00, 0x00, 0x00, 0xE0, 0x00, 0x00, 0x00, 0xE0, 0x00, 0x00,
    0x00, 0xE0, 0x00, 0x00, 0x00, 0xE0, 0x00, 0x00, 0x00, 0xE0, 0x00, 0x00, 0x00, 0xE0, 0x00, 0x00,
    0x00, 0xE0, 0x00, 0x00, 0x00, 0xE0, 0x00, 0x00, 0x00, 0xE0, 0x00, 0x00, 0x00, 0xE0, 0x00, 0x00,
    0x00, 0xE0, 0x00, 0x00, 0x00, 0xE0, 0x00, 0x00, 0x00, 0xE0, 0x00, 0x00, 0x00, 0xE0, 0x00, 0x00,
    0x00, 0xE0, 0x00, 0x00, 0x00, 0xE0, 0x00, 0x00, 0x00, 0xE0, 0x00, 0x00, 0x00, 0xE0, 0x00, 0x00,
    0x00, 0xE0, 0x00, 0x00, 0x00, 0xE0, 0x00, 0x00, 0x00, 0xE0, 0x00, 0x00, 0x00, 0xE0, 0x00, 0x00,
    0x00, 0xE0, 0x00, 0x00, 0x00, 0xE0, 0x00, 0x00, 0x00, 0xE0, 0x00, 0x00, 0x00, 0xE0, 0x00, 0x00,
    0x00, 0xE0, 0x00, 0x00, 0x00, 0xE0, 0x00, 0x00, 0x00, 0xE0, 0x00, 0x00, 0x00, 0xE0, 0x00, 0x00,
    0x00, 0xE0, 0x00, 0x00, 0x00, 0xE0, 0x00, 0x00, 0x00, 0xE0, 0x00, 0x00, 0x00, 0xE0, 0x00, 0x00,
    0x00, 0xE0, 0x00, 0x00, 0x00, 0xE0, 0x00, 0x00, 0x00, 0xE0, 0x00, 0x00, 0x00, 0xE0, 0x00, 0x00,
    0x00, 0xE0, 0x00, 0x00, 0x00, 0xE0, 0x00, 0x00, 0x00, 0xE0, 0x00, 0x00, 0x00, 0xE0, 0x00, 0x00,
    0x08, 0x60, 0x00, 0xE0, 0x00, 0xE0, 0x00, 0x00, 0x00, 0xE0, 0x00, 0x00, 0x00, 0xE0, 0x00, 0x00,
    0x00, 0xE0, 0x00, 0x00, 0x00, 0xE0, 0x00, 0x00, 0x00, 0xE0, 0x00, 0x00, 0x00, 0xE0, 0x00, 0x00,
    0x00, 0xE0, 0x00, 0x00, 0x00, 0xE0, 0x00, 0x00, 0x05, 0x60, 0x00, 0xE0, 0x00, 0xE0, 0x00, 0x00,
    0x00, 0xE0, 0x00, 0x00, 0x00, 0xE0, 0x00, 0x00, 0x06, 0x60, 0x00, 0xE0, 0x00, 0xE0, 0x00, 0x00,
    0x00, 0xE0, 0x00, 0x00, 0x00, 0xE0, 0x00, 0x00, 0x00, 0xE0, 0x00, 0x00, 0x00, 0xE0, 0x00, 0x00,
    0x00, 0xE0, 0x00, 0x00, 0x00, 0xE0, 0x00, 0x00, 0x00, 0xE0, 0x00, 0x00, 0x00, 0xE0, 0x00, 0x00,
    0x00, 0xE0, 0x00, 0x00, 0x00, 0xE0, 0x00, 0x00, 0x00, 0xE0, 0x00, 0x00, 0x00, 0xE0, 0x00, 0x00,
    0x00, 0xE0, 0x00, 0x00, 0x00, 0xE0, 0x00, 0x00, 0x00, 0xE0, 0x00, 0x00, 0x00, 0xE0, 0x00, 0x00,
    0x00, 0xE0, 0x00, 0x00, 0x00, 0xE0, 0x00, 0x00, 0x00, 0xE0, 0x00, 0x00, 0x00, 0xE0, 0x00, 0x00,
    0x00, 0xE0, 0x00, 0x00, 0x00, 0xE0, 0x00, 0x00, 0x00, 0xE0, 0x00, 0x00, 0x00, 0xE0, 0x00, 0x00,
    0x00, 0xE0, 0x00, 0x00, 0x00, 0xE0, 0x00, 0x00, 0x00, 0xE0, 0x00, 0x00, 0x00, 0xE0, 0x00, 0x00,
    0x00, 0xE0, 0x00, 0x00, 0x00, 0xE0, 0x00, 0x00, 0x00, 0xE0, 0x00, 0x00, 0x00, 0xE0, 0x00, 0x00,
    0x00, 0xE0, 0x00, 0x00, 0x00, 0xE0, 0x00, 0x00, 0x00, 0xE0, 0x00, 0x00, 0x00, 0xE0, 0x00, 0x00,
    0x00, 0xE0, 0x00, 0x00, 0x00, 0xE0, 0x00, 0x00, 0x00, 0xE0, 0x00, 0x00, 0x00, 0xE0, 0x00, 0x00,
    0x00, 0xE0, 0x00, 0x00, 0x00, 0xE0, 0x00, 0x00, 0x00, 0xE0, 0x00, 0x00, 0x00, 0xE0, 0x00, 0x00,
    0x00, 0xE0, 0x00, 0x00, 0x00, 0xE0, 0x00, 0x00, 0x00, 0xE0, 0x00, 0x00, 0x00, 0xE0, 0x00, 0x00,
    0x00, 0xE0, 0x00, 0x00, 0x00, 0xE0, 0x00, 0x00, 0x00, 0xE0, 0x00, 0x00, 0x00, 0xE0, 0x00, 0x00,
    0x00, 0xE0, 0x00, 0x00, 0x00, 0xE0, 0x00, 0x00, 0x00, 0xE0, 0x00, 0x00, 0x00, 0xE0, 0x00, 0x00,
    0x00, 0xE0, 0x00, 0x00, 0x00, 0xE0, 0x00, 0x00, 0x00, 0xE0, 0x00, 0x00, 0x00, 0xE0, 0x00, 0x00,
    0x00, 0xE0, 0x00, 0x00, 0x00, 0xE0, 0x00, 0x00, 0x00, 0xE0, 0x00, 0x00, 0x00, 0xE0, 0x00, 0x00,
    0x00, 0xE0, 0x00, 0x00, 0x00, 0xE0, 0x00, 0x00, 0x00, 0xE0, 0x00, 0x00, 0x00, 0xE0, 0x00, 0x00,
    0x00, 0xE0, 0x00, 0x00, 0x00, 0xE0, 0x00, 0x00, 0x00, 0xE0, 0x00, 0x00, 0x00, 0xE0, 0x00, 0x00,
    0x00, 0xE0, 0x00, 0x00, 0x00, 0xE0, 0x00, 0x00, 0x00, 0xE0, 0x00, 0x00, 0x00, 0xE0, 0x00, 0x00,
    0x00, 0xE0, 0x00, 0x00, 0x00, 0xE0, 0x00, 0x00, 0x00, 0xE0, 0x00, 0x00, 0x00, 0xE0, 0x00, 0x00,
    0x00, 0xE0, 0x00, 0x00, 0x00, 0xE0, 0x00, 0x00, 0x00, 0xE0, 0x00, 0x00, 0x00, 0xE0, 0x00, 0x00,
    0x00, 0xE0, 0x00, 0x00, 0x00, 0xE0, 0x00, 0x00, 0x00, 0xE0, 0x00, 0x00, 0x00, 0xE0, 0x00, 0x00,
    0x00, 0xE0, 0x00, 0x00, 0x00, 0xE0, 0x00, 0x00, 0x00, 0xE0, 0x00, 0x00, 0x00, 0xE0, 0x00, 0x00,
    0x08, 0x60, 0x00, 0xE0, 0x00, 0xE0, 0x00, 0x00, 0x00, 0xE0, 0x00, 0x00, 0x00, 0xE0, 0x00, 0x00,
    0x00, 0xE0, 0x00, 0x00, 0x00, 0xE0, 0x00, 0x00, 0x00, 0xE0, 0x00, 0x00, 0x00, 0xE0, 0x00, 0x00,
    0x00, 0xE0, 0x00, 0x00, 0x00, 0xE0, 0x00, 0x00, 0x05, 0x60, 0x00, 0xE0, 0x00, 0xE0, 0x00, 0x00,
    0x00, 0xE0, 0x00, 0x00, 0x00, 0xE0, 0x00, 0x00, 0x06, 0x60, 0x00, 0xE0, 0x00, 0xE0, 0x00, 0x00,
    0x00, 0xE0, 0x00, 0x00, 0x00, 0xE0, 0x00, 0x00, 0x00, 0xE0, 0x00, 0x00, 0x00, 0xE0, 0x00, 0x00,
    0x00, 0xE0, 0x00, 0x00, 0x00, 0xE0, 0x00, 0x00, 0x00, 0xE0, 0x00, 0x00, 0x00, 0xE0, 0x00, 0x00,
    0x00, 0xE0, 0x00, 0x00, 0x00, 0xE0, 0x00, 0x00, 0x00, 0xE0, 0x00, 0x00, 0x00, 0xE0, 0x00, 0x00,
    0x00, 0xE0, 0x00, 0x00, 0x00, 0xE0, 0x00, 0x00, 0x00, 0xE0, 0x00, 0x00, 0x00, 0xE0, 0x00, 0x00,
    0x00, 0xE0, 0x00, 0x00, 0x00, 0xE0, 0x00, 0x00, 0x00, 0xE0, 0x00, 0x00, 0x00, 0xE0, 0x00, 0x00,
    0x00, 0xE0, 0x00, 0x00, 0x00, 0xE0, 0x00, 0x00, 0x00, 0xE0, 0x00, 0x00, 0x00, 0xE0, 0x00, 0x00,
    0x00, 0xE0, 0x00, 0x00, 0x00, 0xE0, 0x00, 0x00, 0x00, 0xE0, 0x00, 0x00, 0x00, 0xE0, 0x00, 0x00,
    0x00, 0xE0, 0x00, 0x00, 0x00, 0xE0, 0x00, 0x00, 0x00, 0xE0, 0x00, 0x00, 0x00, 0xE0, 0x00, 0x00,
    0x00, 0xE0, 0x00, 0x00, 0x00, 0xE0, 0x00, 0x00, 0x00, 0xE0, 0x00, 0x00, 0x00, 0xE0, 0x00, 0x00,
    0x00, 0xE0, 0x00, 0x00, 0x00, 0xE0, 0x00, 0x00, 0x00, 0xE0, 0x00, 0x00, 0x00, 0xE0, 0x00, 0x00,
    0x00, 0xE0, 0x00, 0x00, 0x08, 0x60, 0x00, 0xE0, 0x00, 0xE0, 0x00, 0x00, 0x00, 0xE0, 0x00, 0x00,
    0x00, 0xE0, 0x00, 0x00, 0x00, 0xE0, 0x00, 0x00, 0x00, 0xE0, 0x00, 0x00, 0x00, 0xE0, 0x00, 0x00,
    0x00, 0xE0, 0x00, 0x00, 0x00, 0xE0, 0x00, 0x00, 0x00, 0xE0, 0x00, 0x00, 0x05, 0x60, 0x00, 0xE0,
    0x00, 0xE0, 0x00, 0x00, 0x00, 0xE0, 0x00, 0x00, 0x00, 0xE0, 0x00, 0x00, 0x00, 0xE0, 0x00, 0x00,
    0x00, 0xE0, 0x00, 0x00, 0x00, 0xE0, 0x00, 0x00, 0x00, 0xE0, 0x00, 0x00, 0x00, 0xE0, 0x00, 0x00,
    0x00, 0xE0, 0x00, 0x00, 0x06, 0x60, 0x00, 0xE0, 0x00, 0xE0, 0x00, 0x00, 0x00, 0xE0, 0x00, 0x00,
    0x00, 0xE0, 0x00, 0x00, 0x00, 0xE0, 0x00, 0x00, 0x00, 0xE0, 0x00, 0x00, 0x00, 0xE0, 0x00, 0x00,
    0x00, 0xE0, 0x00, 0x00, 0x00, 0xE0, 0x00, 0x00, 0x00, 0xE0, 0x00, 0x00, 0x00, 0xE0, 0x00, 0x00,
    0x00, 0xE0, 0x00, 0x00, 0x00, 0xE0, 0x00, 0x00, 0x00, 0xE0, 0x00, 0x00, 0x00, 0xE0, 0x00, 0x00,
    0x00, 0xE0, 0x00, 0x00, 0x00, 0xE0, 0x00, 0x00, 0x00, 0xE0, 0x00, 0x00, 0x00, 0xE0, 0x00, 0x00,
    0x00, 0xE0, 0x00, 0x00, 0x00, 0xE0, 0x00, 0x00, 0x00, 0xE0, 0x00, 0x00, 0x00, 0xE0, 0x00, 0x00,
    0x00, 0xE0, 0x00, 0x00, 0x00, 0xE0, 0x00, 0x00, 0x00, 0xE0, 0x00, 0x00, 0x00, 0xE0, 0x00, 0x00,
    0x00, 0xE0, 0x00, 0x00, 0x00, 0xE0, 0x00, 0x00, 0x00, 0xE0, 0x00, 0x00, 0x00, 0xE0, 0x00, 0x00,
    0x00, 0xE0, 0x00, 0x00, 0x00, 0xE0, 0x00, 0x00, 0x00, 0xE0, 0x00, 0x00, 0x00, 0xE0, 0x00, 0x00,
    0x00, 0xE0, 0x00, 0x00, 0x00, 0xE0, 0x00, 0x00, 0x00, 0xE0, 0x00, 0x00, 0x00, 0xE0, 0x00, 0x00,
    0x00, 0xE0, 0x00, 0x00, 0x00, 0xE0, 0x00, 0x00, 0x00, 0xE0, 0x00, 0x00, 0x00, 0xE0, 0x00, 0x00,
    0x00, 0xE0, 0x00, 0x00, 0x00, 0xE0, 0x00, 0x00, 0x00, 0xE0, 0x00, 0x00, 0x08, 0x60, 0x00, 0xE0,
    0x00, 0xE0, 0x00, 0x00, 0x00, 0xE0, 0x00, 0x00, 0x00, 0xE0, 0x00, 0x00, 0x00, 0xE0, 0x00, 0x00,
    0x00, 0xE0, 0x00, 0x00, 0x00, 0xE0, 0x00, 0x00, 0x00, 0xE0, 0x00, 0x00, 0x00, 0xE0, 0x00, 0x00,
    0x00, 0xE0, 0x00, 0x00, 0x00, 0xE0, 0x00, 0x00, 0x00, 0xE0, 0x00, 0x00, 0x00, 0xE0, 0x00, 0x00,
    0x00, 0xE0, 0x00, 0x00, 0x00, 0xE0, 0x00, 0x00, 0x00, 0xE0, 0x00, 0x00, 0x00, 0xE0, 0x00, 0x00,
    0x00, 0xE0, 0x00, 0x00, 0x00, 0xE0, 0x00, 0x00, 0x00, 0xE0, 0x00, 0x00, 0x00, 0xE0, 0x00, 0x00,
    0x00, 0xE0, 0x00, 0x00, 0x00, 0xE0, 0x00, 0x00, 0x00, 0xE0, 0x00, 0x00, 0x00, 0xE0, 0x00, 0x00,
    0x08, 0x00, 0x00, 0xE0, 0x00, 0xE0, 0x00, 0x00, 0x00, 0xE0, 0x00, 0x00, 0x00, 0xE0, 0x00, 0x00,
    0x05, 0x60, 0x00, 0xE0, 0x00, 0xE0, 0x00, 0x00, 0x00, 0xE0, 0x00, 0x00, 0x00, 0xE0, 0x00, 0x00,
    0x06, 0x60, 0x00, 0xE0, 0x00, 0xE0, 0x00, 0x00, 0x00, 0xE0, 0x00, 0x00, 0x00, 0xE0, 0x00, 0x00,
    0x00, 0xE0, 0x00, 0x00, 0x00, 0xE0, 0x00, 0x00, 0x00, 0xE0, 0x00, 0x00, 0x00, 0xE0, 0x00, 0x00,
    0x00, 0xE0, 0x00, 0x00, 0x00, 0xE0, 0x00, 0x00, 0x00, 0xE0, 0x00, 0x00, 0x00, 0xE0, 0x00, 0x00,
    0x00, 0xE0, 0x00, 0x00, 0x00, 0xE0, 0x00, 0x00, 0x00, 0xE0, 0x00, 0x00, 0x00, 0xE0, 0x00, 0x00,
    0x00, 0xE0, 0x00, 0x00, 0x00, 0xE0, 0x00, 0x00, 0x00, 0xE0, 0x00, 0x00, 0x00, 0xE0, 0x00, 0x00,
    0x00, 0xE0, 0x00, 0x00, 0x00, 0xE0, 0x00, 0x00, 0x00, 0xE0, 0x00, 0x00, 0x00, 0xE0, 0x00, 0x00,
    0x00, 0xE0, 0x00, 0x00, 0x00, 0xE0, 0x00, 0x00, 0x00, 0xE0, 0x00, 0x00, 0x00, 0xE0, 0x00, 0x00,
    0x00, 0xE0, 0x00, 0x00, 0x00, 0xE0, 0x00, 0x00, 0x00, 0xE0, 0x00, 0x00, 0x00, 0xE0, 0x00, 0x00,
    0x00, 0xE0, 0x00, 0x00, 0x00, 0xE0, 0x00, 0x00, 0x00, 0xE0, 0x00, 0x00, 0x00, 0xE0, 0x00, 0x00,
    0x00, 0xE0, 0x00, 0x00, 0x00, 0xE0, 0x00, 0x00, 0x00, 0xE0, 0x00, 0x00, 0x00, 0xE0, 0x00, 0x00,
    0x00, 0xE0, 0x00, 0x00, 0x00, 0xE0, 0x00, 0x00, 0x00, 0xE0, 0x00, 0x00, 0x00, 0xE0, 0x00, 0x00,
    0x00, 0xE0, 0x00, 0x00, 0x00, 0xE0, 0x00, 0x00, 0x00, 0xE0, 0x00, 0x00, 0x00, 0xE0, 0x00, 0x00,
    0x00, 0xE0, 0x00, 0x00, 0x00, 0xE0, 0x00, 0x00, 0x00, 0xE0, 0x00, 0x00, 0x00, 0xE0, 0x00, 0x00,
    0x00, 0xE0, 0x00, 0x00, 0x00, 0xE0, 0x00, 0x00, 0x00, 0xE0, 0x00, 0x00, 0x00, 0xE0, 0x00, 0x00,
    0x00, 0xE0, 0x00, 0x00, 0x00, 0xE0, 0x00, 0x00, 0x00, 0xE0, 0x00, 0x00, 0x00, 0xE0, 0x00, 0x00,
    0x00, 0xE0, 0x00, 0x00, 0x00, 0xE0, 0x00, 0x00, 0x00, 0xE0, 0x00, 0x00, 0x00, 0xE0, 0x00, 0x00,
    0x00, 0xE0, 0x00, 0x00, 0x00, 0xE0, 0x00, 0x00, 0x00, 0xE0, 0x00, 0x00, 0x00, 0xE0, 0x00, 0x00,
    0x00, 0xE0, 0x00, 0x00, 0x00, 0xE0, 0x00, 0x00, 0x00, 0xE0, 0x00, 0x00, 0x00, 0xE0, 0x00, 0x00,
    0x00, 0xE0, 0x00, 0x00, 0x06, 0x00, 0x00, 0xE0, 0x00, 0xE0, 0x00, 0x00, 0x00, 0xE0, 0x00, 0x00,
    0x00, 0xE0, 0x00, 0x00, 0x00, 0xE0, 0x00, 0x00, 0x00, 0xE0, 0x00, 0x00, 0x00, 0xE0, 0x00, 0x00,
    0x00, 0xE0, 0x00, 0x00, 0x00, 0xE0, 0x00, 0x00, 0x00, 0xE0, 0x00, 0x00, 0x00, 0xE0, 0x00, 0x00,
    0x00, 0xE0, 0x00, 0x00, 0x00, 0xE0, 0x00, 0x00, 0x00, 0xE0, 0x00, 0x00, 0x00, 0xE0, 0x00, 0x00,
    0x00, 0xE0, 0x00, 0x00, 0x00, 0xE0, 0x00, 0x00, 0x00, 0xE0, 0x00, 0x00, 0x00, 0xE0, 0x00, 0x00,
    0x00, 0xE0, 0x00, 0x00, 0x00, 0xE0, 0x00, 0x00, 0x00, 0xE0, 0x00, 0x00, 0x00, 0xE0, 0x00, 0x00,
    0x00, 0xE0, 0x00, 0x00, 0x00, 0xE0, 0x00, 0x00, 0x00, 0xE0, 0x00, 0x00, 0x00, 0xE0, 0x00, 0x00,
    0x00, 0xE0, 0x00, 0x00, 0x00, 0xE0, 0x00, 0x00, 0x00, 0xE0, 0x00, 0x00, 0x00, 0xE0, 0x00, 0x00,
    0x00, 0xE0, 0x00, 0x00, 0x00, 0xE0, 0x00, 0x00, 0x00, 0xE0, 0x00, 0x00, 0x00, 0xE0, 0x00, 0x00,
    0x00, 0xE0, 0x00, 0x00, 0x00, 0xE0, 0x00, 0x00, 0x00, 0xE0, 0x00, 0x00, 0x00, 0xE0, 0x00, 0x00,
    0x00, 0xE0, 0x00, 0x00, 0x00, 0xE0, 0x00, 0x00, 0x00, 0xE0, 0x00, 0x00, 0x00, 0xE0, 0x00, 0x00,
    0x00, 0xE0, 0x00, 0x00, 0x00, 0xE0, 0x00, 0x00, 0x00, 0xE0, 0x00, 0x00, 0x00, 0xE0, 0x00, 0x00,
    0x00, 0xE0, 0x00, 0x00, 0x00, 0xE0, 0x00, 0x00, 0x00, 0xE0, 0x00, 0x00, 0x00, 0xE0, 0x00, 0x00,
    0x00, 0xE0, 0x00, 0x00, 0x00, 0xE0, 0x00, 0x00, 0x00, 0xE0, 0x00, 0x00, 0x00, 0xE0, 0x00, 0x00,
    0x08, 0x60, 0x00, 0xE0, 0x00, 0xE0, 0x00, 0x00, 0x00, 0xE0, 0x00, 0x00, 0x00, 0xE0, 0x00, 0x00,
    0x00, 0xE0, 0x00, 0x00, 0x00, 0xE0, 0x00, 0x00, 0x00, 0xE0, 0x00, 0x00, 0x00, 0xE0, 0x00, 0x00,
    0x00, 0xE0, 0x00, 0x00, 0x00, 0xE0, 0x00, 0x00, 0x05, 0x60, 0x00, 0xE0, 0x00, 0xE0, 0x00, 0x00,
    0x00, 0xE0, 0x00, 0x00, 0x00, 0xE0, 0x00, 0x00, 0x06, 0x60, 0x00, 0xE0, 0x00, 0xE0, 0x00, 0x00,
    0x00, 0xE0, 0x00, 0x00, 0x00, 0xE0, 0x00, 0x00, 0x00, 0xE0, 0x00, 0x00, 0x00, 0xE0, 0x00, 0x00,
    0x00, 0xE0, 0x00, 0x00, 0x00, 0xE0, 0x00, 0x00, 0x00, 0xE0, 0x00, 0x00, 0x00, 0xE0, 0x00, 0x00,
    0x00, 0xE0, 0x00, 0x00, 0x00, 0xE0, 0x00, 0x00, 0x00, 0xE0, 0x00, 0x00, 0x00, 0xE0, 0x00, 0x00,
    0x00, 0xE0, 0x00, 0x00, 0x00, 0xE0, 0x00, 0x00, 0x00, 0xE0, 0x00, 0x00, 0x00, 0xE0, 0x00, 0x00,
    0x00, 0xE0, 0x00, 0x00, 0x08, 0x00, 0x00, 0xE0, 0x00, 0xE0, 0x00, 0x00, 0x00, 0xE0, 0x00, 0x00,
    0x00, 0xE0, 0x00, 0x00, 0x00, 0xE0, 0x00, 0x00, 0x00, 0xE0, 0x00, 0x00, 0x00, 0xE0, 0x00, 0x00,
    0x00, 0xE0, 0x00, 0x00, 0x00, 0xE0, 0x00, 0x00, 0x00, 0xE0, 0x00, 0x00, 0x00, 0xE0, 0x00, 0x00,
    0x00, 0xE0, 0x00, 0x00, 0x00, 0xE0, 0x00, 0x00, 0x00, 0xE0, 0x00, 0x00, 0x00, 0xE0, 0x00, 0x00,
    0x00, 0xE0, 0x00, 0x00, 0x00, 0xE0, 0x00, 0x00, 0x00, 0xE0, 0x00, 0x00, 0x00, 0xE0, 0x00, 0x00,
    0x00, 0xE0, 0x00, 0x00, 0x00, 0xE0, 0x00, 0x00, 0x00, 0xE0, 0x00, 0x00, 0x00, 0xE0, 0x00, 0x00,
    0x00, 0xE0, 0x00, 0x00, 0x00, 0xE0, 0x00, 0x00, 0x00, 0xE0, 0x00, 0x00, 0x00, 0xE0, 0x00, 0x00,
    0x00, 0xE0, 0x00, 0x00, 0x00, 0xE0, 0x00, 0x00, 0x00, 0xE0, 0x00, 0x00, 0x00, 0xE0, 0x00, 0x00,
    0x00, 0xE0, 0x00, 0x00, 0x00, 0xE0, 0x00, 0x00, 0x00, 0xE0, 0x00, 0x00, 0x00, 0xE0, 0x00, 0x00,
    0x00, 0xE0, 0x00, 0x00, 0x00, 0xE0, 0x00, 0x00, 0x00, 0xE0, 0x00, 0x00, 0x00, 0xE0, 0x00, 0x00,
    0x00, 0xE0, 0x00, 0x00, 0x00, 0xE0, 0x00, 0x00, 0x00, 0xE0, 0x00, 0x00, 0x00, 0xE0, 0x00, 0x00,
    0x00, 0xE0, 0x00, 0x00, 0x00, 0xE0, 0x00, 0x00, 0x00, 0xE0, 0x00, 0x00, 0x00, 0xE0, 0x00, 0x00,
    0x00, 0xE0, 0x00, 0x00, 0x00, 0xE0, 0x00, 0x00, 0x00, 0xE0, 0x00, 0x00, 0x00, 0xE0, 0x00, 0x00,
    0x00, 0xE0, 0x00, 0x00, 0x00, 0xE0, 0x00, 0x00, 0x00, 0xE0, 0x00, 0x00, 0x00, 0xE0, 0x00, 0x00,
    0x00, 0xE0, 0x00, 0x00, 0x00, 0xE0, 0x00, 0x00, 0x00, 0xE0, 0x00, 0x00, 0x00, 0xE0, 0x00, 0x00,
    0x00, 0xE0, 0x00, 0x00, 0x00, 0xE0, 0x00, 0x00, 0x00, 0xE0, 0x00, 0x00, 0x00, 0xE0, 0x00, 0x00,
    0x00, 0xE0, 0x00, 0x00, 0x06, 0x00, 0x00, 0xE0, 0x00, 0xE0, 0x00, 0x00, 0x00, 0xE0, 0x00, 0x00,
    0x00, 0xE0, 0x00, 0x00, 0x00, 0xE0, 0x00, 0x00, 0x00, 0xE0, 0x00, 0x00, 0x00, 0xE0, 0x00, 0x00,
    0x00, 0xE0, 0x00, 0x00, 0x00, 0xE0, 0x00, 0x00, 0x00, 0xE0, 0x00, 0x00, 0x00, 0xE0, 0x00, 0x00,
    0x00, 0xE0, 0x00, 0x00, 0x00, 0xE0, 0x00, 0x00, 0x00, 0xE0, 0x00, 0x00, 0x00, 0xE0, 0x00, 0x00,
    0x00, 0xE0, 0x00, 0x00, 0x00, 0xE0, 0x00, 0x00, 0x00, 0xE0, 0x00, 0x00, 0x00, 0xE0, 0x00, 0x00,
    0x00, 0xE0, 0x00, 0x00, 0x00, 0xE0, 0x00, 0x00, 0x00, 0xE0, 0x00, 0x00, 0x00, 0xE0, 0x00, 0x00,
    0x00, 0xE0, 0x00, 0x00, 0x00, 0xE0, 0x00, 0x00, 0x00, 0xE0, 0x00, 0x00, 0x00, 0xE0, 0x00, 0x00,
    0x00, 0xE0, 0x00, 0x00, 0x00, 0xE0, 0x00, 0x00, 0x00, 0xE0, 0x00, 0x00, 0x00, 0xE0, 0x00, 0x00,
    0x00, 0xE0, 0x00, 0x00, 0x00, 0xE0, 0x00, 0x00, 0x00, 0xE0, 0x00, 0x00, 0x00, 0xE0, 0x00, 0x00,
    0x00, 0xE0, 0x00, 0x00, 0x00, 0xE0, 0x00, 0x00, 0x06, 0x60, 0x00, 0xE0, 0x00, 0xE0, 0x00, 0x00,
    0x00, 0xE0, 0x00, 0x00, 0x00, 0xE0, 0x00, 0x00, 0x05, 0x60, 0x00, 0xE0, 0x00, 0xE0, 0x00, 0x00,
    0x00, 0xE0, 0x00, 0x00, 0x00, 0xE0, 0x00, 0x00, 0x08, 0x60, 0x00, 0xE0, 0x00, 0xE0, 0x00, 0x00,
    0x00, 0xE0, 0x00, 0x00, 0x00, 0xE0, 0x00, 0x00, 0x00, 0xE0, 0x00, 0x00, 0x00, 0xE0, 0x00, 0x00,
    0x00, 0xE0, 0x00, 0x00, 0x00, 0xE0, 0x00, 0x00, 0x00, 0xE0, 0x00, 0x00, 0x00, 0xE0, 0x00, 0x00,
    0x00, 0xE0, 0x00, 0x00, 0x00, 0xE0, 0x00, 0x00, 0x00, 0xE0, 0x00, 0x00, 0x08, 0x00, 0x00, 0xE0,
    0x00, 0xE0, 0x00, 0x00, 0x00, 0xE0, 0x00, 0x00, 0x00, 0xE0, 0x00, 0x00, 0x00, 0xE0, 0x00, 0x00,
    0x00, 0xE0, 0x00, 0x00, 0x00, 0xE0, 0x00, 0x00, 0x00, 0xE0, 0x00, 0x00, 0x00, 0xE0, 0x00, 0x00,
    0x00, 0xE0, 0x00, 0x00, 0x00, 0xE0, 0x00, 0x00, 0x00, 0xE0, 0x00, 0x00, 0x00, 0xE0, 0x00, 0x00,
    0x00, 0xE0, 0x00, 0x00, 0x00, 0xE0, 0x00, 0x00, 0x00, 0xE0, 0x00, 0x00, 0x00, 0xE0, 0x00, 0x00,
    0x00, 0xE0, 0x00, 0x00, 0x00, 0xE0, 0x00, 0x00, 0x00, 0xE0, 0x00, 0x00, 0x00, 0xE0, 0x00, 0x00,
    0x00, 0xE0, 0x00, 0x00, 0x00, 0xE0, 0x00, 0x00, 0x00, 0xE0, 0x00, 0x00, 0x00, 0xE0, 0x00, 0x00,
    0x00, 0xE0, 0x00, 0x00, 0x00, 0xE0, 0x00, 0x00, 0x00, 0xE0, 0x00, 0x00, 0x00, 0xE0, 0x00, 0x00,
    0x00, 0xE0, 0x00, 0x00, 0x00, 0xE0, 0x00, 0x00, 0x00, 0xE0, 0x00, 0x00, 0x00, 0xE0, 0x00, 0x00,
    0x00, 0xE0, 0x00, 0x00, 0x00, 0xE0, 0x00, 0x00, 0x00, 0xE0, 0x00, 0x00, 0x00, 0xE0, 0x00, 0x00,
    0x00, 0xE0, 0x00, 0x00, 0x00, 0xE0, 0x00, 0x00, 0x00, 0xE0, 0x00, 0x00, 0x00, 0xE0, 0x00, 0x00,
    0x00, 0xE0, 0x00, 0x00, 0x00, 0xE0, 0x00, 0x00, 0x00, 0xE0, 0x00, 0x00, 0x00, 0xE0, 0x00, 0x00,
    0x00, 0xE0, 0x00, 0x00, 0x00, 0xE0, 0x00, 0x00, 0x00, 0xE0, 0x00, 0x00, 0x00, 0xE0, 0x00, 0x00,
    0x00, 0xE0, 0x00, 0x00, 0x00, 0xE0, 0x00, 0x00, 0x00, 0xE0, 0x00, 0x00, 0x00, 0xE0, 0x00, 0x00,
    0x00, 0xE0, 0x00, 0x00, 0x00, 0xE0, 0x00, 0x00, 0x00, 0xE0, 0x00, 0x00, 0x00, 0xE0, 0x00, 0x00,
    0x00, 0xE0, 0x00, 0x00, 0x00, 0xE0, 0x00, 0x00, 0x00, 0xE0, 0x00, 0x00, 0x00, 0xE0, 0x00, 0x00,
    0x09, 0x00, 0x00, 0xE0, 0x00, 0xE0, 0x00, 0x00, 0x00, 0xE0, 0x00, 0x00, 0x00, 0xE0, 0x00, 0x00,
    0x00, 0xE0, 0x00, 0x00, 0x00, 0xE0, 0x00, 0x00, 0x00, 0xE0, 0x00, 0x00, 0x00, 0xE0, 0x00, 0x00,
    0x00, 0xE0, 0x00, 0x00, 0x00, 0xE0, 0x00, 0x00, 0x00, 0xE0, 0x00, 0x00, 0x00, 0xE0, 0x00, 0x00,
    0x00, 0xE0, 0x00, 0x00, 0x0A, 0x00, 0x00, 0xE0, 0x00, 0xE0, 0x00, 0x00, 0x00, 0xE0, 0x00, 0x00,
    0x00, 0xE0, 0x00, 0x00, 0x00, 0xE0, 0x00, 0x00, 0x00, 0xE0, 0x00, 0x00, 0x00, 0xE0, 0x00, 0x00,
    0x00, 0xE0, 0x00, 0x00, 0x00, 0xE0, 0x00, 0x00, 0x00, 0xE0, 0x00, 0x00, 0x00, 0xE0, 0x00, 0x00,
    0x00, 0xE0, 0x00, 0x00, 0x00, 0xE0, 0x00, 0x00, 0x00, 0xE0, 0x00, 0x00, 0x00, 0xE0, 0x00, 0x00,
    0x00, 0xE0, 0x00, 0x00, 0x00, 0xE0, 0x00, 0x00, 0x00, 0xE0, 0x00, 0x00, 0x00, 0xE0, 0x00, 0x00,
    0x00, 0xE0, 0x00, 0x00, 0x00, 0xE0, 0x00, 0x00, 0x00, 0xE0, 0x00, 0x00, 0x06, 0x00, 0x00, 0xE0,
    0x00, 0xE0, 0x00, 0x00, 0x00, 0xE0, 0x00, 0x00, 0x00, 0xE0, 0x00, 0x00, 0x00, 0xE0, 0x00, 0x00,
    0x00, 0xE0, 0x00, 0x00, 0x00, 0xE0, 0x00, 0x00, 0x00, 0xE0, 0x00, 0x00, 0x00, 0xE0, 0x00, 0x00,
    0x00, 0xE0, 0x00, 0x00, 0x00, 0xE0, 0x00, 0x00, 0x00, 0xE0, 0x00, 0x00, 0x00, 0xE0, 0x00, 0x00,
    0x00, 0xE0, 0x00, 0x00, 0x00, 0xE0, 0x00, 0x00, 0x00, 0xE0, 0x00, 0x00, 0x00, 0xE0, 0x00, 0x00,
    0x00, 0xE0, 0x00, 0x00, 0x00, 0xE0, 0x00, 0x00, 0x00, 0xE0, 0x00, 0x00, 0x00, 0xE0, 0x00, 0x00,
    0x00, 0xE0, 0x00, 0x00, 0x00, 0xE0, 0x00, 0x00, 0x00, 0xE0, 0x00, 0x00, 0x00, 0xE0, 0x00, 0x00,
    0x00, 0xE0, 0x00, 0x00, 0x00, 0xE0, 0x00, 0x00, 0x00, 0xE0, 0x00, 0x00, 0x00, 0xE0, 0x00, 0x00,
    0x00, 0xE0, 0x00, 0x00, 0x00, 0xE0, 0x00, 0x00, 0x00, 0xE0, 0x00, 0x00, 0x00, 0xE0, 0x00, 0x00,
    0x00, 0xE0, 0x00, 0x00, 0x00, 0xE0, 0x00, 0x00, 0x00, 0xE0, 0x00, 0x00, 0x00, 0xE0, 0x00, 0x00,
    0x06, 0x60, 0x00, 0xE0, 0x00, 0xE0, 0x00, 0x00, 0x00, 0xE0, 0x00, 0x00, 0x00, 0xE0, 0x00, 0x00,
    0x05, 0x60, 0x00, 0xE0, 0x00, 0xE0, 0x00, 0x00, 0x00, 0xE0, 0x00, 0x00, 0x00, 0xE0, 0x00, 0x00,
    0x08, 0x60, 0x00, 0xE0, 0x00, 0xE0, 0x00, 0x00, 0x00, 0xE0, 0x00, 0x00, 0x00, 0xE0, 0x00, 0x00,
    0x00, 0xE0, 0x00, 0x00, 0x00, 0xE0, 0x00, 0x00, 0x00, 0xE0, 0x00, 0x00, 0x00, 0xE0, 0x00, 0x00,
    0x00, 0xE0, 0x00, 0x00, 0x00, 0xE0, 0x00, 0x00, 0x00, 0xE0, 0x00, 0x00, 0x00, 0xE0, 0x00, 0x00,
    0x00, 0xE0, 0x00, 0x00, 0x00, 0xE0, 0x00, 0x00, 0x00, 0xE0, 0x00, 0x00, 0x00, 0xE0, 0x00, 0x00,
    0x00, 0xE0, 0x00, 0x00, 0x00, 0xE0, 0x00, 0x00, 0x00, 0xE0, 0x00, 0x00, 0x08, 0x00, 0x00, 0xE0,
    0x00, 0xE0, 0x00, 0x00, 0x00, 0xE0, 0x00, 0x00, 0x00, 0xE0, 0x00, 0x00, 0x00, 0xE0, 0x00, 0x00,
    0x00, 0xE0, 0x00, 0x00, 0x00, 0xE0, 0x00, 0x00, 0x00, 0xE0, 0x00, 0x00, 0x00, 0xE0, 0x00, 0x00,
    0x00, 0xE0, 0x00, 0x00, 0x00, 0xE0, 0x00, 0x00, 0x00, 0xE0, 0x00, 0x00, 0x00, 0xE0, 0x00, 0x00,
    0x00, 0xE0, 0x00, 0x00, 0x00, 0xE0, 0x00, 0x00, 0x00, 0xE0, 0x00, 0x00, 0x00, 0xE0, 0x00, 0x00,
    0x00, 0xE0, 0x00, 0x00, 0x00, 0xE0, 0x00, 0x00, 0x06, 0x00, 0x00, 0xE0, 0x00, 0xE0, 0x00, 0x00,
    0x00, 0xE0, 0x00, 0x00, 0x00, 0xE0, 0x00, 0x00, 0x00, 0xE0, 0x00, 0x00, 0x00, 0xE0, 0x00, 0x00,
    0x00, 0xE0, 0x00, 0x00, 0x00, 0xE0, 0x00, 0x00, 0x00, 0xE0, 0x00, 0x00, 0x00, 0xE0, 0x00, 0x00,
    0x00, 0xE0, 0x00, 0x00, 0x00, 0xE0, 0x00, 0x00, 0x00, 0xE0, 0x00, 0x00, 0x00, 0xE0, 0x00, 0x00,
    0x00, 0xE0, 0x00, 0x00, 0x00, 0xE0, 0x00, 0x00, 0x00, 0xE0, 0x00, 0x00, 0x00, 0xE0, 0x00, 0x00,
    0x00, 0xE0, 0x00, 0x00, 0x00, 0xE0, 0x00, 0x00, 0x00, 0xE0, 0x00, 0x00, 0x00, 0xE0, 0x00, 0x00,
    0x00, 0xE0, 0x00, 0x00, 0x00, 0xE0, 0x00, 0x00, 0x00, 0xE0, 0x00, 0x00, 0x00, 0xE0, 0x00, 0x00,
    0x00, 0xE0, 0x00, 0x00, 0x00, 0xE0, 0x00, 0x00, 0x00, 0xE0, 0x00, 0x00, 0x00, 0xE0, 0x00, 0x00,
    0x00, 0xE0, 0x00, 0x00, 0x00, 0xE0, 0x00, 0x00, 0x00, 0xE0, 0x00, 0x00, 0x00, 0xE0, 0x00, 0x00,
    0x00, 0xE0, 0x00, 0x00, 0x00, 0xE0, 0x00, 0x00, 0x00, 0xE0, 0x00, 0x00, 0x06, 0x60, 0x00, 0xE0,
    0x00, 0xE0, 0x00, 0x00, 0x00, 0xE0, 0x00, 0x00, 0x00, 0xE0, 0x00, 0x00, 0x05, 0x60, 0x00, 0xE0,
    0x00, 0xE0, 0x00, 0x00, 0x00, 0xE0, 0x00, 0x00, 0x00, 0xE0, 0x00, 0x00, 0x08, 0x60, 0x00, 0xE0,
    0x00, 0xE0, 0x00, 0x00, 0x00, 0xE0, 0x00, 0x00, 0x00, 0xE0, 0x00, 0x00, 0x00, 0xE0, 0x00, 0x00,
    0x00, 0xE0, 0x00, 0x00, 0x00, 0xE0, 0x00, 0x00, 0x00, 0xE0, 0x00, 0x00, 0x00, 0xE0, 0x00, 0x00,
    0x00, 0xE0, 0x00, 0x00, 0x00, 0xE0, 0x00, 0x00, 0x00, 0xE0, 0x00, 0x00, 0x00, 0xE0, 0x00, 0x00,
    0x08, 0x00, 0x00, 0xE0, 0x00, 0xE0, 0x00, 0x00, 0x00, 0xE0, 0x00, 0x00, 0x00, 0xE0, 0x00, 0x00,
    0x00, 0xE0, 0x00, 0x00, 0x00, 0xE0, 0x00, 0x00, 0x00, 0xE0, 0x00, 0x00, 0x00, 0xE0, 0x00, 0x00,
    0x00, 0xE0, 0x00, 0x00, 0x00, 0xE0, 0x00, 0x00, 0x00, 0xE0, 0x00, 0x00, 0x00, 0xE0, 0x00, 0x00,
    0x00, 0xE0, 0x00, 0x00, 0x00, 0xE0, 0x00, 0x00, 0x00, 0xE0, 0x00, 0x00, 0x00, 0xE0, 0x00, 0x00,
    0x00, 0xE0, 0x00, 0x00, 0x00, 0xE0, 0x00, 0x00, 0x00, 0xE0, 0x00, 0x00, 0x00, 0xE0, 0x00, 0x00,
    0x00, 0xE0, 0x00, 0x00, 0x00, 0xE0, 0x00, 0x00, 0x00, 0xE0, 0x00, 0x00, 0x00, 0xE0, 0x00, 0x00,
    0x00, 0xE0, 0x00, 0x00, 0x00, 0xE0, 0x00, 0x00, 0x00, 0xE0, 0x00, 0x00, 0x00, 0xE0, 0x00, 0x00,
    0x00, 0xE0, 0x00, 0x00, 0x00, 0xE0, 0x00, 0x00, 0x00, 0xE0, 0x00, 0x00, 0x00, 0xE0, 0x00, 0x00,
    0x00, 0xE0, 0x00, 0x00, 0x00, 0xE0, 0x00, 0x00, 0x00, 0xE0, 0x00, 0x00, 0x00, 0xE0, 0x00, 0x00,
    0x00, 0xE0, 0x00, 0x00, 0x00, 0xE0, 0x00, 0x00, 0x00, 0xE0, 0x00, 0x00, 0x00, 0xE0, 0x00, 0x00,
    0x00, 0xE0, 0x00, 0x00, 0x00, 0xE0, 0x00, 0x00, 0x00, 0xE0, 0x00, 0x00, 0x00, 0xE0, 0x00, 0x00,
    0x00, 0xE0, 0x00, 0x00, 0x00, 0xE0, 0x00, 0x00, 0x00, 0xE0, 0x00, 0x00, 0x00, 0xE0, 0x00, 0x00,
    0x00, 0xE0, 0x00, 0x00, 0x00, 0xE0, 0x00, 0x00, 0x00, 0xE0, 0x00, 0x00, 0x00, 0xE0, 0x00, 0x00,
    0x00, 0xE0, 0x00, 0x00, 0x00, 0xE0, 0x00, 0x00, 0x00, 0xE0, 0x00, 0x00, 0x00, 0xE0, 0x00, 0x00,
    0x00, 0xE0, 0x00, 0x00, 0x00, 0xE0, 0x00, 0x00, 0x00, 0xE0, 0x00, 0x00, 0x00, 0xE0, 0x00, 0x00,
    0x00, 0xE0, 0x00, 0x00, 0x00, 0xE0, 0x00, 0x00, 0x00, 0xE0, 0x00, 0x00, 0x00, 0xE0, 0x00, 0x00,
    0x00, 0xE0, 0x00, 0x00, 0x00, 0xE0, 0x00, 0x00, 0x00, 0xE0, 0x00, 0x00, 0x00, 0xE0, 0x00, 0x00,
    0x00, 0xE0, 0x00, 0x00, 0x00, 0xE0, 0x00, 0x00, 0x00, 0xE0, 0x00, 0x00, 0x00, 0xE0, 0x00, 0x00,
    0x00, 0xE0, 0x00, 0x00, 0x00, 0xE0, 0x00, 0x00, 0x00, 0xE0, 0x00, 0x00, 0x00, 0xE0, 0x00, 0x00,
    0x00, 0xE0, 0x00, 0x00, 0x00, 0xE0, 0x00, 0x00, 0x00, 0xE0, 0x00, 0x00, 0x00, 0xE0, 0x00, 0x00,
    0x00, 0xE0, 0x00, 0x00, 0x00, 0xE0, 0x00, 0x00, 0x00, 0xE0, 0x00, 0x00, 0x00, 0xE0, 0x00, 0x00,
    0x00, 0xE0, 0x00, 0x00, 0x00, 0xE0, 0x00, 0x00, 0x00, 0xE0, 0x00, 0x00, 0x00, 0xE0, 0x00, 0x00,
    0x00, 0xE0, 0x00, 0x00, 0x00, 0xE0, 0x00, 0x00, 0x00, 0xE0, 0x00, 0x00, 0x00, 0xE0, 0x00, 0x00,
    0x00, 0xE0, 0x00, 0x00, 0x00, 0xE0, 0x00, 0x00, 0x00, 0xE0, 0x00, 0x00, 0x00, 0xE0, 0x00, 0x00,
    0x00, 0xE0, 0x00, 0x00, 0x00, 0xE0, 0x00, 0x00, 0x00, 0xE0, 0x00, 0x00, 0x00, 0xE0, 0x00, 0x00,
    0x00, 0xE0, 0x00, 0x00, 0x00, 0xE0, 0x00, 0x00, 0x00, 0xE0, 0x00, 0x00, 0x00, 0xE0, 0x00, 0x00,
    0x00, 0xE0, 0x00, 0x00, 0x00, 0xE0, 0x00, 0x00, 0x00, 0xE0, 0x00, 0x00, 0x00, 0xE0, 0x00, 0x00,
    0x00, 0xE0, 0x00, 0x00, 0x00, 0xE0, 0x00, 0x00, 0x00, 0xE0, 0x00, 0x00, 0x00, 0xE0, 0x00, 0x00,
    0x00, 0xE0, 0x00, 0x00, 0x00, 0xE0, 0x00, 0x00, 0x00, 0xE0, 0x00, 0x00, 0x06, 0x00, 0x00, 0xE0,
    0x00, 0xE0, 0x00, 0x00, 0x00, 0xE0, 0x00, 0x00, 0x00, 0xE0, 0x00, 0x00, 0x00, 0xE0, 0x00, 0x00,
    0x00, 0xE0, 0x00, 0x00, 0x00, 0xE0, 0x00, 0x00, 0x00, 0xE0, 0x00, 0x00, 0x00, 0xE0, 0x00, 0x00,
    0x00, 0xE0, 0x00, 0x00, 0x00, 0xE0, 0x00, 0x00, 0x00, 0xE0, 0x00, 0x00, 0x00, 0xE0, 0x00, 0x00,
    0x00, 0xE0, 0x00, 0x00, 0x00, 0xE0, 0x00, 0x00, 0x00, 0xE0, 0x00, 0x00, 0x00, 0xE0, 0x00, 0x00,
    0x00, 0xE0, 0x00, 0x00, 0x00, 0xE0, 0x00, 0x00, 0x00, 0xE0, 0x00, 0x00, 0x00, 0xE0, 0x00, 0x00,
    0x00, 0xE0, 0x00, 0x00, 0x00, 0xE0, 0x00, 0x00, 0x00, 0xE0, 0x00, 0x00, 0x00, 0xE0, 0x00, 0x00,
    0x00, 0xE0, 0x00, 0x00, 0x00, 0xE0, 0x00, 0x00, 0x00, 0xE0, 0x00, 0x00, 0x0B, 0x00, 0x00, 0xE0,
    0x00, 0xE0, 0x00, 0x00, 0x00, 0xE0, 0x00, 0x00, 0x00, 0xE0, 0x00, 0x00, 0x06, 0x60, 0x00, 0xE0,
    0x00, 0xE0, 0x00, 0x00, 0x00, 0xE0, 0x00, 0x00, 0x00, 0xE0, 0x00, 0x00, 0x05, 0x60, 0x00, 0xE0,
    0x00, 0xE0, 0x00, 0x00, 0x00, 0xE0, 0x00, 0x00, 0x00, 0xE0, 0x00, 0x00, 0x08, 0x60, 0x00, 0xE0,
    0x00, 0xE0, 0x00, 0x00, 0x00, 0xE0, 0x00, 0x00, 0x00, 0xE0, 0x00, 0x00, 0x00, 0xE0, 0x00, 0x00,
    0x00, 0xE0, 0x00, 0x00, 0x00, 0xE0, 0x00, 0x00, 0x00, 0xE0, 0x00, 0x00, 0x00, 0xE0, 0x00, 0x00,
    0x00, 0xE0, 0x00, 0x00, 0x00, 0xE0, 0x00, 0x00, 0x00, 0xE0, 0x00, 0x00, 0x00, 0xE0, 0x00, 0x00,
    0x00, 0xE0, 0x00, 0x00, 0x00, 0xE0, 0x00, 0x00, 0x00, 0xE0, 0x00, 0x00, 0x00, 0xE0, 0x00, 0x00,
    0x00, 0xE0, 0x00, 0x00, 0x00, 0xE0, 0x00, 0x00, 0x00, 0xE0, 0x00, 0x00, 0x00, 0xE0, 0x00, 0x00,
    0x00, 0xE0, 0x00, 0x00, 0x00, 0xE0, 0x00, 0x00, 0x00, 0xE0, 0x00, 0x00, 0x00, 0xE0, 0x00, 0x00,
    0x00, 0xE0, 0x00, 0x00, 0x00, 0xE0, 0x00, 0x00, 0x00, 0xE0, 0x00, 0x00, 0x08, 0x00, 0x00, 0xE0,
    0x00, 0xE0, 0x00, 0x00, 0x00, 0xE0, 0x00, 0x00, 0x00, 0xE0, 0x00, 0x00, 0x00, 0xE0, 0x00, 0x00,
    0x00, 0xE0, 0x00, 0x00, 0x00, 0xE0, 0x00, 0x00, 0x00, 0xE0, 0x00, 0x00, 0x00, 0xE0, 0x00, 0x00,
    0x00, 0xE0, 0x00, 0x00, 0x00, 0xE0, 0x00, 0x00, 0x00, 0xE0, 0x00, 0x00, 0x00, 0xE0, 0x00, 0x00,
    0x00, 0xE0, 0x00, 0x00, 0x00, 0xE0, 0x00, 0x00, 0x00, 0xE0, 0x00, 0x00, 0x06, 0x00, 0x00, 0xE0,
    0x00, 0xE0, 0x00, 0x00, 0x00, 0xE0, 0x00, 0x00, 0x00, 0xE0, 0x00, 0x00, 0x00, 0xE0, 0x00, 0x00,
    0x00, 0xE0, 0x00, 0x00, 0x00, 0xE0, 0x00, 0x00, 0x00, 0xE0, 0x00, 0x00, 0x00, 0xE0, 0x00, 0x00,
    0x00, 0xE0, 0x00, 0x00, 0x00, 0xE0, 0x00, 0x00, 0x00, 0xE0, 0x00, 0x00, 0x00, 0xE0, 0x00, 0x00,
    0x00, 0xE0, 0x00, 0x00, 0x00, 0xE0, 0x00, 0x00, 0x00, 0xE0, 0x00, 0x00, 0x00, 0xE0, 0x00, 0x00,
    0x00, 0xE0, 0x00, 0x00, 0x00, 0xE0, 0x00, 0x00, 0x00, 0xE0, 0x00, 0x00, 0x00, 0xE0, 0x00, 0x00,
    0x00, 0xE0, 0x00, 0x00, 0x00, 0xE0, 0x00, 0x00, 0x00, 0xE0, 0x00, 0x00, 0x00, 0xE0, 0x00, 0x00,
    0x00, 0xE0, 0x00, 0x00, 0x00, 0xE0, 0x00, 0x00, 0x00, 0xE0, 0x00, 0x00, 0x00, 0xE0, 0x00, 0x00,
    0x00, 0xE0, 0x00, 0x00, 0x00, 0xE0, 0x00, 0x00, 0x00, 0xE0, 0x00, 0x00, 0x00, 0xE0, 0x00, 0x00,
    0x00, 0xE0, 0x00, 0x00, 0x00, 0xE0, 0x00, 0x00, 0x00, 0xE0, 0x00, 0x00, 0x00, 0xE0, 0x00, 0x00,
    0x00, 0xE0, 0x00, 0x00, 0x00, 0xE0, 0x00, 0x00, 0x00, 0xE0, 0x00, 0x00, 0x06, 0x60, 0x00, 0xE0,
    0x00, 0xE0, 0x00, 0x00, 0x00, 0xE0, 0x00, 0x00, 0x00, 0xE0, 0x00, 0x00, 0x05, 0x60, 0x00, 0xE0,
    0x00, 0xE0, 0x00, 0x00, 0x00, 0xE0, 0x00, 0x00, 0x00, 0xE0, 0x00, 0x00, 0x08, 0x60, 0x00, 0xE0,
    0x00, 0xE0, 0x00, 0x00, 0x00, 0xE0, 0x00, 0x00, 0x00, 0xE0, 0x00, 0x00, 0x00, 0xE0, 0x00, 0x00,
    0x00, 0xE0, 0x00, 0x00, 0x00, 0xE0, 0x00, 0x00, 0x00, 0xE0, 0x00, 0x00, 0x00, 0xE0, 0x00, 0x00,
    0x00, 0xE0, 0x00, 0x00, 0x00, 0xE0, 0x00, 0x00, 0x00, 0xE0, 0x00, 0x00, 0x00, 0xE0, 0x00, 0x00,
    0x08, 0x00, 0x00, 0xE0, 0x00, 0xE0, 0x00, 0x00, 0x00, 0xE0, 0x00, 0x00, 0x00, 0xE0, 0x00, 0x00,
    0x00, 0xE0, 0x00, 0x00, 0x00, 0xE0, 0x00, 0x00, 0x00, 0xE0, 0x00, 0x00, 0x00, 0xE0, 0x00, 0x00,
    0x00, 0xE0, 0x00, 0x00, 0x00, 0xE0, 0x00, 0x00, 0x00, 0xE0, 0x00, 0x00, 0x00, 0xE0, 0x00, 0x00,
    0x00, 0xE0, 0x00, 0x00, 0x00, 0xE0, 0x00, 0x00, 0x00, 0xE0, 0x00, 0x00, 0x00, 0xE0, 0x00, 0x00,
    0x00, 0xE0, 0x00, 0x00, 0x00, 0xE0, 0x00, 0x00, 0x00, 0xE0, 0x00, 0x00, 0x00, 0xE0, 0x00, 0x00,
    0x00, 0xE0, 0x00, 0x00, 0x00, 0xE0, 0x00, 0x00, 0x00, 0xE0, 0x00, 0x00, 0x00, 0xE0, 0x00, 0x00,
    0x00, 0xE0, 0x00, 0x00, 0x00, 0xE0, 0x00, 0x00, 0x00, 0xE0, 0x00, 0x00, 0x00, 0xE0, 0x00, 0x00,
    0x00, 0xE0, 0x00, 0x00, 0x00, 0xE0, 0x00, 0x00, 0x00, 0xE0, 0x00, 0x00, 0x00, 0xE0, 0x00, 0x00,
    0x00, 0xE0, 0x00, 0x00, 0x00, 0xE0, 0x00, 0x00, 0x00, 0xE0, 0x00, 0x00, 0x00, 0xE0, 0x00, 0x00,
    0x00, 0xE0, 0x00, 0x00, 0x00, 0xE0, 0x00, 0x00, 0x00, 0xE0, 0x00, 0x00, 0x00, 0xE0, 0x00, 0x00,
    0x00, 0xE0, 0x00, 0x00, 0x00, 0xE0, 0x00, 0x00, 0x00, 0xE0, 0x00, 0x00, 0x0C, 0x00, 0x00, 0xE0,
    0x00, 0xE0, 0x00, 0x00, 0x00, 0xE0, 0x00, 0x00, 0x00, 0xE0, 0x00, 0x00, 0x00, 0xE0, 0x00, 0x00,
    0x00, 0xE0, 0x00, 0x00, 0x00, 0xE0, 0x00, 0x00, 0x00, 0xE0, 0x00, 0x00, 0x00, 0xE0, 0x00, 0x00,
    0x00, 0xE0, 0x00, 0x00, 0x00, 0xE0, 0x00, 0x00, 0x00, 0xE0, 0x00, 0x00, 0x00, 0xE0, 0x00, 0x00,
    0x00, 0xE0, 0x00, 0x00, 0x00, 0xE0, 0x00, 0x00, 0x00, 0xE0, 0x00, 0x00, 0x00, 0xE0, 0x00, 0x00,
    0x00, 0xE0, 0x00, 0x00, 0x00, 0xE0, 0x00, 0x00, 0x00, 0xE0, 0x00, 0x00, 0x00, 0xE0, 0x00, 0x00,
    0x00, 0xE0, 0x00, 0x00, 0x00, 0xE0, 0x00, 0x00, 0x00, 0xE0, 0x00, 0x00, 0x00, 0xE0, 0x00, 0x00,
    0x00, 0xE0, 0x00, 0x00, 0x00, 0xE0, 0x00, 0x00, 0x00, 0xE0, 0x00, 0x00, 0x00, 0xE0, 0x00, 0x00,
    0x00, 0xE0, 0x00, 0x00, 0x00, 0xE0, 0x00, 0x00, 0x00, 0xE0, 0x00, 0x00, 0x00, 0xE0, 0x00, 0x00,
    0x00, 0xE0, 0x00, 0x00, 0x00, 0xE0, 0x00, 0x00, 0x00, 0xE0, 0x00, 0x00, 0x00, 0xE0, 0x00, 0x00,
    0x00, 0xE0, 0x00, 0x00, 0x00, 0xE0, 0x00, 0x00, 0x00, 0xE0, 0x00, 0x00, 0x00, 0xE0, 0x00, 0x00,
    0x00, 0xE0, 0x00, 0x00, 0x00, 0xE0, 0x00, 0x00, 0x00, 0xE0, 0x00, 0x00, 0x00, 0xE0, 0x00, 0x00,
    0x00, 0xE0, 0x00, 0x00, 0x00, 0xE0, 0x00, 0x00, 0x00, 0xE0, 0x00, 0x00, 0x00, 0xE0, 0x00, 0x00,
    0x00, 0xE0, 0x00, 0x00, 0x00, 0xE0, 0x00, 0x00, 0x00, 0xE0, 0x00, 0x00, 0x00, 0xE0, 0x00, 0x00,
    0x00, 0xE0, 0x00, 0x00, 0x00, 0xE0, 0x00, 0x00, 0x00, 0xE0, 0x00, 0x00, 0x00, 0xE0, 0x00, 0x00,
    0x00, 0xE0, 0x00, 0x00, 0x00, 0xE0, 0x00, 0x00, 0x00, 0xE0, 0x00, 0x00, 0x00, 0xE0, 0x00, 0x00,
    0x00, 0xE0, 0x00, 0x00, 0x00, 0xE0, 0x00, 0x00, 0x00, 0xE0, 0x00, 0x00, 0x00, 0xE0, 0x00, 0x00,
    0x00, 0xE0, 0x00, 0x00, 0x00, 0xE0, 0x00, 0x00, 0x00, 0xE0, 0x00, 0x00, 0x00, 0xE0, 0x00, 0x00,
    0x00, 0xE0, 0x00, 0x00, 0x00, 0xE0, 0x00, 0x00, 0x00, 0xE0, 0x00, 0x00, 0x00, 0xE0, 0x00, 0x00,
    0x00, 0xE0, 0x00, 0x00, 0x00, 0xE0, 0x00, 0x00, 0x00, 0xE0, 0x00, 0x00, 0x00, 0xE0, 0x00, 0x00,
    0x00, 0xE0, 0x00, 0x00, 0x00, 0xE0, 0x00, 0x00, 0x00, 0xE0, 0x00, 0x00, 0x00, 0xE0, 0x00, 0x00,
    0x00, 0xE0, 0x00, 0x00, 0x00, 0xE0, 0x00, 0x00, 0x00, 0xE0, 0x00, 0x00, 0x00, 0xE0, 0x00, 0x00,
    0x00, 0xE0, 0x00, 0x00, 0x00, 0xE0, 0x00, 0x00, 0x00, 0xE0, 0x00, 0x00, 0x00, 0xE0, 0x00, 0x00,
    0x00, 0xE0, 0x00, 0x00, 0x00, 0xE0, 0x00, 0x00, 0x00, 0xE0, 0x00, 0x00, 0x00, 0xE0, 0x00, 0x00,
    0x00, 0xE0, 0x00, 0x00, 0x00, 0xE0, 0x00, 0x00, 0x00, 0xE0, 0x00, 0x00, 0x00, 0xE0, 0x00, 0x00,
    0x00, 0xE0, 0x00, 0x00, 0x00, 0xE0, 0x00, 0x00, 0x00, 0xE0, 0x00, 0x00, 0x00, 0xE0, 0x00, 0x00,
    0x00, 0xE0, 0x00, 0x00, 0x00, 0xE0, 0x00, 0x00, 0x00, 0xE0, 0x00, 0x00, 0x00, 0xE0, 0x00, 0x00,
    0x00, 0xE0, 0x00, 0x00, 0x00, 0xE0, 0x00, 0x00, 0x00, 0xE0, 0x00, 0x00, 0x00, 0xE0, 0x00, 0x00,
    0x00, 0xE0, 0x00, 0x00, 0x00, 0xE0, 0x00, 0x00, 0x00, 0xE0, 0x00, 0x00, 0x00, 0xE0, 0x00, 0x00,
    0x00, 0xE0, 0x00, 0x00, 0x00, 0xE0, 0x00, 0x00, 0x00, 0xE0, 0x00, 0x00, 0x00, 0xE0, 0x00, 0x00,
    0x00, 0xE0, 0x00, 0x00, 0x00, 0xE0, 0x00, 0x00, 0x00, 0xE0, 0x00, 0x00, 0x00, 0xE0, 0x00, 0x00,
    0x00, 0xE0, 0x00, 0x00, 0x00, 0xE0, 0x00, 0x00, 0x00, 0xE0, 0x00, 0x00, 0x00, 0xE0, 0x00, 0x00,
    0x00, 0xE0, 0x00, 0x00, 0x00, 0xE0, 0x00, 0x00, 0x00, 0xE0, 0x00, 0x00, 0x00, 0xE0, 0x00, 0x00,
    0x00, 0xE0, 0x00, 0x00, 0x00, 0xE0, 0x00, 0x00, 0x00, 0xE0, 0x00, 0x00, 0x00, 0xE0, 0x00, 0x00,
    0x00, 0xE0, 0x00, 0x00, 0x00, 0xE0, 0x00, 0x00, 0x00, 0xE0, 0x00, 0x00, 0x00, 0xE0, 0x00, 0x00,
    0x00, 0xE0, 0x00, 0x00, 0x00, 0xE0, 0x00, 0x00, 0x00, 0xE0, 0x00, 0x00, 0x00, 0xE0, 0x00, 0x00,
    0x00, 0xE0, 0x00, 0x00, 0x00, 0xE0, 0x00, 0x00, 0x00, 0xE0, 0x00, 0x00, 0x00, 0xE0, 0x00, 0x00,
    0x00, 0xE0, 0x00, 0x00, 0x00, 0xE0, 0x00, 0x00, 0x00, 0xE0, 0x00, 0x00, 0x00, 0xE0, 0x00, 0x00,
    0x00, 0xE0, 0x00, 0x00, 0x00, 0xE0, 0x00, 0x00, 0x00, 0xE0, 0x00, 0x00, 0x00, 0xE0, 0x00, 0x00,
    0x00, 0xE0, 0x00, 0x00, 0x00, 0xE0, 0x00, 0x00, 0x00, 0xE0, 0x00, 0x00, 0x00, 0xE0, 0x00, 0x00,
    0x00, 0xE0, 0x00, 0x00, 0x00, 0xE0, 0x00, 0x00, 0x00, 0xE0, 0x00, 0x00, 0x00, 0xE0, 0x00, 0x00,
    0x00, 0xE0, 0x00, 0x00, 0x00, 0xE0, 0x00, 0x00, 0x00, 0xE0, 0x00, 0x00, 0x00, 0xE0, 0x00, 0x00,
    0x00, 0xE0, 0x00, 0x00, 0x00, 0xE0, 0x00, 0x00, 0x00, 0xE0, 0x00, 0x00, 0x00, 0xE0, 0x00, 0x00,
    0x00, 0xE0, 0x00, 0x00, 0x00, 0xE0, 0x00, 0x00, 0x00, 0xE0, 0x00, 0x00, 0x00, 0xE0, 0x00, 0x00,
    0x00, 0xE0, 0x00, 0x00, 0x00, 0xE0, 0x00, 0x00, 0x00, 0xE0, 0x00, 0x00, 0x00, 0xE0, 0x00, 0x00,
    0x00, 0xE0, 0x00, 0x00, 0x00, 0xE0, 0x00, 0x00, 0x00, 0xE0, 0x00, 0x00, 0x00, 0xE0, 0x00, 0x00,
    0x00, 0xE0, 0x00, 0x00, 0x00, 0xE0, 0x00, 0x00, 0x00, 0xE0, 0x00, 0x00, 0x00, 0xE0, 0x00, 0x00,
    0x00, 0xE0, 0x00, 0x00, 0x00, 0xE0, 0x00, 0x00, 0x00, 0xE0, 0x00, 0x00, 0x00, 0xE0, 0x00, 0x00,
    0x00, 0xE0, 0x00, 0x00, 0x00, 0xE0, 0x00, 0x00, 0x00, 0xE0, 0x00, 0x00, 0x00, 0xE0, 0x00, 0x00,
    0x00, 0xE0, 0x00, 0x00, 0x00, 0xE0, 0x00, 0x00, 0x00, 0xE0, 0x00, 0x00, 0x06, 0x00, 0x00, 0xE0,
    0x00, 0xE0, 0x00, 0x00, 0x00, 0xE0, 0x00, 0x00, 0x00, 0xE0, 0x00, 0x00, 0x00, 0xE0, 0x00, 0x00,
    0x00, 0xE0, 0x00, 0x00, 0x00, 0xE0, 0x00, 0x00, 0x00, 0xE0, 0x00, 0x00, 0x00, 0xE0, 0x00, 0x00,
    0x00, 0xE0, 0x00, 0x00, 0x00, 0xE0, 0x00, 0x00, 0x00, 0xE0, 0x00, 0x00, 0x00, 0xE0, 0x00, 0x00,
    0x00, 0xE0, 0x00, 0x00, 0x00, 0xE0, 0x00, 0x00, 0x00, 0xE0, 0x00, 0x00, 0x00, 0xE0, 0x00, 0x00,
    0x00, 0xE0, 0x00, 0x00, 0x00, 0xE0, 0x00, 0x00, 0x00, 0xE0, 0x00, 0x00, 0x00, 0xE0, 0x00, 0x00,
    0x00, 0xE0, 0x00, 0x00, 0x00, 0xE0, 0x00, 0x00, 0x00, 0xE0, 0x00, 0x00, 0x00, 0xE0, 0x00, 0x00,
    0x00, 0xE0, 0x00, 0x00, 0x00, 0xE0, 0x00, 0x00, 0x00, 0xE0, 0x00, 0x00, 0x00, 0xE0, 0x00, 0x00,
    0x00, 0xE0, 0x00, 0x00, 0x00, 0xE0, 0x00, 0x00, 0x00, 0xE0, 0x00, 0x00, 0x00, 0xE0, 0x00, 0x00,
    0x00, 0xE0, 0x00, 0x00, 0x00, 0xE0, 0x00, 0x00, 0x00, 0xE0, 0x00, 0x00, 0x00, 0xE0, 0x00, 0x00,
    0x00, 0xE0, 0x00, 0x00, 0x00, 0xE0, 0x00, 0x00, 0x00, 0xE0, 0x00, 0x00, 0x00, 0xE0, 0x00, 0x00,
    0x00, 0xE0, 0x00, 0x00, 0x00, 0xE0, 0x00, 0x00, 0x00, 0xE0, 0x00, 0x00, 0x00, 0xE0, 0x00, 0x00,
    0x00, 0xE0, 0x00, 0x00, 0x00, 0xE0, 0x00, 0x00, 0x00, 0xE0, 0x00, 0x00, 0x00, 0xE0, 0x00, 0x00,
    0x00, 0xE0, 0x00, 0x00, 0x00, 0xE0, 0x00, 0x00, 0x00, 0xE0, 0x00, 0x00, 0x00, 0xE0, 0x00, 0x00,
    0x00, 0xE0, 0x00, 0x00, 0x00, 0xE0, 0x00, 0x00, 0x00, 0xE0, 0x00, 0x00, 0x00, 0xE0, 0x00, 0x00,
    0x00, 0xE0, 0x00, 0x00, 0x06, 0x60, 0x00, 0xE0, 0x00, 0xE0, 0x00, 0x00, 0x00, 0xE0, 0x00, 0x00,
    0x00, 0xE0, 0x00, 0x00, 0x05, 0x60, 0x00, 0xE0, 0x00, 0xE0, 0x00, 0x00, 0x00, 0xE0, 0x00, 0x00,
    0x00, 0xE0, 0x00, 0x00, 0x08, 0x60, 0x00, 0xE0, 0x00, 0xE0, 0x00, 0x00, 0x00, 0xE0, 0x00, 0x00,
    0x00, 0xE0, 0x00, 0x00, 0x00, 0xE0, 0x00, 0x00, 0x00, 0xE0, 0x00, 0x00, 0x00, 0xE0, 0x00, 0x00,
    0x00, 0xE0, 0x00, 0x00, 0x00, 0xE0, 0x00, 0x00, 0x00, 0xE0, 0x00, 0x00, 0x00, 0xE0, 0x00, 0x00,
    0x00, 0xE0, 0x00, 0x00, 0x00, 0xE0, 0x00, 0x00, 0x08, 0x00, 0x00, 0xE0, 0x00, 0xE0, 0x00, 0x00,
    0x00, 0xE0, 0x00, 0x00, 0x00, 0xE0, 0x00, 0x00, 0x00, 0xE0, 0x00, 0x00, 0x00, 0xE0, 0x00, 0x00,
    0x00, 0xE0, 0x00, 0x00, 0x00, 0xE0, 0x00, 0x00, 0x00, 0xE0, 0x00, 0x00, 0x00, 0xE0, 0x00, 0x00,
    0x00, 0xE0, 0x00, 0x00, 0x00, 0xE0, 0x00, 0x00, 0x00, 0xE0, 0x00, 0x00, 0x00, 0xE0, 0x00, 0x00,
    0x00, 0xE0, 0x00, 0x00, 0x00, 0xE0, 0x00, 0x00, 0x00, 0xE0, 0x00, 0x00, 0x00, 0xE0, 0x00, 0x00,
    0x00, 0xE0, 0x00, 0x00, 0x00, 0xE0, 0x00, 0x00, 0x00, 0xE0, 0x00, 0x00, 0x00, 0xE0, 0x00, 0x00,
    0x00, 0xE0, 0x00, 0x00, 0x00, 0xE0, 0x00, 0x00, 0x00, 0xE0, 0x00, 0x00, 0x00, 0xE0, 0x00, 0x00,
    0x00, 0xE0, 0x00, 0x00, 0x00, 0xE0, 0x00, 0x00, 0x00, 0xE0, 0x00, 0x00, 0x00, 0xE0, 0x00, 0x00,
    0x00, 0xE0, 0x00, 0x00, 0x00, 0xE0, 0x00, 0x00, 0x00, 0xE0, 0x00, 0x00, 0x00, 0xE0, 0x00, 0x00,
    0x00, 0xE0, 0x00, 0x00, 0x00, 0xE0, 0x00, 0x00, 0x00, 0xE0, 0x00, 0x00, 0x00, 0xE0, 0x00, 0x00,
    0x00, 0xE0, 0x00, 0x00, 0x00, 0xE0, 0x00, 0x00, 0x00, 0xE0, 0x00, 0x00, 0x00, 0xE0, 0x00, 0x00,
    0x00, 0xE0, 0x00, 0x00, 0x00, 0xE0, 0x00, 0x00, 0x00, 0xE0, 0x00, 0x00, 0x00, 0xE0, 0x00, 0x00,
    0x00, 0xE0, 0x00, 0x00, 0x00, 0xE0, 0x00, 0x00, 0x00, 0xE0, 0x00, 0x00, 0x00, 0xE0, 0x00, 0x00,
    0x00, 0xE0, 0x00, 0x00, 0x00, 0xE0, 0x00, 0x00, 0x00, 0xE0, 0x00, 0x00, 0x00, 0xE0, 0x00, 0x00,
    0x00, 0xE0, 0x00, 0x00, 0x00, 0xE0, 0x00, 0x00, 0x00, 0xE0, 0x00, 0x00, 0x00, 0xE0, 0x00, 0x00,
    0x00, 0xE0, 0x00, 0x00, 0x00, 0xE0, 0x00, 0x00, 0x00, 0xE0, 0x00, 0x00, 0x00, 0xE0, 0x00, 0x00,
    0x00, 0xE0, 0x00, 0x00, 0x00, 0xE0, 0x00, 0x00, 0x00, 0xE0, 0x00, 0x00, 0x00, 0xE0, 0x00, 0x00,
    0x00, 0xE0, 0x00, 0x00, 0x00, 0xE0, 0x00, 0x00, 0x00, 0xE0, 0x00, 0x00, 0x00, 0xE0, 0x00, 0x00,
    0x00, 0xE0, 0x00, 0x00, 0x00, 0xE0, 0x00, 0x00, 0x00, 0xE0, 0x00, 0x00, 0x00, 0xE0, 0x00, 0x00,
    0x00, 0xE0, 0x00, 0x00, 0x00, 0xE0, 0x00, 0x00, 0x00, 0xE0, 0x00, 0x00, 0x00, 0xE0, 0x00, 0x00,
    0x00, 0xE0, 0x00, 0x00, 0x00, 0xE0, 0x00, 0x00, 0x00, 0xE0, 0x00, 0x00, 0x00, 0xE0, 0x00, 0x00,
    0x00, 0xE0, 0x00, 0x00, 0x00, 0xE0, 0x00, 0x00, 0x00, 0xE0, 0x00, 0x00, 0x00, 0xE0, 0x00, 0x00,
    0x00, 0xE0, 0x00, 0x00, 0x00, 0xE0, 0x00, 0x00, 0x00, 0xE0, 0x00, 0x00, 0x00, 0xE0, 0x00, 0x00,
    0x00, 0xE0, 0x00, 0x00, 0x00, 0xE0, 0x00, 0x00, 0x00, 0xE0, 0x00, 0x00, 0x00, 0xE0, 0x00, 0x00,
    0x00, 0xE0, 0x00, 0x00, 0x00, 0xE0, 0x00, 0x00, 0x00, 0xE0, 0x00, 0x00, 0x00, 0xE0, 0x00, 0x00,
    0x00, 0xE0, 0x00, 0x00, 0x00, 0xE0, 0x00, 0x00, 0x00, 0xE0, 0x00, 0x00, 0x00, 0xE0, 0x00, 0x00,
    0x00, 0xE0, 0x00, 0x00, 0x00, 0xE0, 0x00, 0x00, 0x00, 0xE0, 0x00, 0x00, 0x00, 0xE0, 0x00, 0x00,
    0x00, 0xE0, 0x00, 0x00, 0x00, 0xE0, 0x00, 0x00, 0x00, 0xE0, 0x00, 0x00, 0x00, 0xE0, 0x00, 0x00,
    0x00, 0xE0, 0x00, 0x00, 0x00, 0xE0, 0x00, 0x00, 0x00, 0xE0, 0x00, 0x00, 0x00, 0xE0, 0x00, 0x00,
    0x00, 0xE0, 0x00, 0x00, 0x00, 0xE0, 0x00, 0x00, 0x00, 0xE0, 0x00, 0x00, 0x00, 0xE0, 0x00, 0x00,
    0x00, 0xE0, 0x00, 0x00, 0x00, 0xE0, 0x00, 0x00, 0x00, 0xE0, 0x00, 0x00, 0x00, 0xE0, 0x00, 0x00,
    0x00, 0xE0, 0x00, 0x00, 0x00, 0xE0, 0x00, 0x00, 0x00, 0xE0, 0x00, 0x00, 0x00, 0xE0, 0x00, 0x00,
    0x00, 0xE0, 0x00, 0x00, 0x00, 0xE0, 0x00, 0x00, 0x00, 0xE0, 0x00, 0x00, 0x00, 0xE0, 0x00, 0x00,
    0x00, 0xE0, 0x00, 0x00, 0x00, 0xE0, 0x00, 0x00, 0x00, 0xE0, 0x00, 0x00, 0x00, 0xE0, 0x00, 0x00,
    0x00, 0xE0, 0x00, 0x00, 0x00, 0xE0, 0x00, 0x00, 0x00, 0xE0, 0x00, 0x00, 0x00, 0xE0, 0x00, 0x00,
    0x00, 0xE0, 0x00, 0x00, 0x00, 0xE0, 0x00, 0x00, 0x00, 0xE0, 0x00, 0x00, 0x00, 0xE0, 0x00, 0x00,
    0x00, 0xE0, 0x00, 0x00, 0x00, 0xE0, 0x00, 0x00, 0x00, 0xE0, 0x00, 0x00, 0x00, 0xE0, 0x00, 0x00,
    0x00, 0xE0, 0x00, 0x00, 0x00, 0xE0, 0x00, 0x00, 0x00, 0xE0, 0x00, 0x00, 0x00, 0xE0, 0x00, 0x00,
    0x00, 0xE0, 0x00, 0x00, 0x00, 0xE0, 0x00, 0x00, 0x00, 0xE0, 0x00, 0x00, 0x00, 0xE0, 0x00, 0x00,
    0x00, 0xE0, 0x00, 0x00, 0x00, 0xE0, 0x00, 0x00, 0x00, 0xE0, 0x00, 0x00, 0x00, 0xE0, 0x00, 0x00,
    0x00, 0xE0, 0x00, 0x00, 0x00, 0xE0, 0x00, 0x00, 0x00, 0x00, 0x00, 0x00, 0x00, 0x00, 0x00, 0x00,
    0x01, 0x00, 0x00, 0x00, 0x2C, 0x00, 0x00, 0x00, 0x08, 0x00, 0x00, 0x00, 0x00, 0x01, 0x00, 0x00,
    0x00, 0xE0, 0x00, 0x00, 0x00, 0xE0, 0x00, 0x00, 0x00, 0xE0, 0x00, 0x00, 0x00, 0xE0, 0x00, 0x00,
    0x00, 0xE0, 0x00, 0x00, 0x00, 0xE0, 0x00, 0x00, 0x00, 0xE0, 0x00, 0x00, 0x00, 0xE0, 0x00, 0x00,
    0x00, 0xE0, 0x00, 0x00, 0x00, 0xE0, 0x00, 0x00, 0x00, 0xE0, 0x00, 0x00, 0x00, 0xE0, 0x00, 0x00,
    0x00, 0xE0, 0x00, 0x00, 0x00, 0xE0, 0x00, 0x00, 0x00, 0xE0, 0x00, 0x00, 0x08, 0x60, 0x00, 0xE0,
    0x00, 0xE0, 0x00, 0x00, 0x00, 0xE0, 0x00, 0x00, 0x00, 0xE0, 0x00, 0x00, 0x05, 0x60, 0x00, 0xE0,
    0x00, 0xE0, 0x00, 0x00, 0x00, 0xE0, 0x00, 0x00, 0x00, 0xE0, 0x00, 0x00, 0x06, 0x60, 0x00, 0xE0,
    0x00, 0xE0, 0x00, 0x00, 0x00, 0xE0, 0x00, 0x00, 0x00, 0xE0, 0x00, 0x00, 0x00, 0xE0, 0x00, 0x00,
    0x00, 0xE0, 0x00, 0x00, 0x00, 0xE0, 0x00, 0x00, 0x00, 0xE0, 0x00, 0x00, 0x00, 0xE0, 0x00, 0x00,
    0x00, 0xE0, 0x00, 0x00, 0x00, 0xE0, 0x00, 0x00, 0x00, 0xE0, 0x00, 0x00, 0x00, 0xE0, 0x00, 0x00,
    0x00, 0xE0, 0x00, 0x00, 0x00, 0xE0, 0x00, 0x00, 0x00, 0xE0, 0x00, 0x00, 0x00, 0xE0, 0x00, 0x00,
    0x00, 0xE0, 0x00, 0x00, 0x00, 0xE0, 0x00, 0x00, 0x00, 0xE0, 0x00, 0x00, 0x00, 0xE0, 0x00, 0x00,
    0x00, 0xE0, 0x00, 0x00, 0x00, 0xE0, 0x00, 0x00, 0x00, 0xE0, 0x00, 0x00, 0x00, 0xE0, 0x00, 0x00,
    0x00, 0xE0, 0x00, 0x00, 0x00, 0xE0, 0x00, 0x00, 0x00, 0xE0, 0x00, 0x00, 0x00, 0xE0, 0x00, 0x00,
    0x00, 0xE0, 0x00, 0x00, 0x00, 0xE0, 0x00, 0x00, 0x00, 0xE0, 0x00, 0x00, 0x00, 0xE0, 0x00, 0x00,
    0x00, 0xE0, 0x00, 0x00, 0x00, 0xE0, 0x00, 0x00, 0x00, 0xE0, 0x00, 0x00, 0x00, 0xE0, 0x00, 0x00,
    0x00, 0xE0, 0x00, 0x00, 0x00, 0xE0, 0x00, 0x00, 0x00, 0xE0, 0x00, 0x00, 0x20, 0x00, 0x00, 0x00,
    0x20, 0x00, 0x00, 0x00, 0x20, 0x00, 0x00, 0x00, 0x20, 0x00, 0x00, 0x00, 0x20, 0x00, 0x00, 0x00,
    0x20, 0x00, 0x00, 0x00, 0x20, 0x00, 0x00, 0x00, 0x20, 0x00, 0x00, 0x00, 0x12, 0x00, 0x00, 0xE0,
    0x0E, 0x00, 0x00, 0xE0, 0x0D, 0x00, 0x00, 0xE0, 0x0D, 0x00, 0x00, 0xE0, 0x0F, 0x00, 0x00, 0xE0,
    0x10, 0x00, 0x00, 0xE0, 0x11, 0x00, 0x00, 0xE0, 0x0D, 0x00, 0x00, 0xE0, 0x50, 0x00, 0x00, 0x00,
    0x5C, 0x00, 0x00, 0x00, 0x68, 0x00, 0x00, 0x00, 0x74, 0x00, 0x00, 0x00, 0x80, 0x00, 0x00, 0x00,
    0x8C, 0x00, 0x00, 0x00, 0x98, 0x00, 0x00, 0x00, 0xA4, 0x00, 0x00, 0x00, 0xB0, 0x00, 0x00, 0x00,
    0xBC, 0x00, 0x00, 0x00, 0xC8, 0x00, 0x00, 0x00, 0xD4, 0x00, 0x00, 0x00, 0xE0, 0x00, 0x00, 0x00,
    0xEC, 0x00, 0x00, 0x00, 0xF8, 0x00, 0x00, 0x00, 0x04, 0x01, 0x00, 0x00, 0x10, 0x01, 0x00, 0x00,
    0x1C, 0x01, 0x00, 0x00, 0x28, 0x01, 0x00, 0x00, 0x00, 0x00, 0x00, 0x00, 0x00, 0x00, 0x00, 0x00,
    0x00, 0x00, 0x00, 0x00, 0x00, 0x00, 0x00, 0x00, 0x00, 0x00, 0x00, 0x00, 0x01, 0x00, 0x00, 0x00,
    0x00, 0x00, 0x00, 0x00, 0x00, 0x00, 0x00, 0x00, 0x00, 0x00, 0x00, 0x00, 0x0E, 0x00, 0x00, 0x00,
    0x00, 0x00, 0x00, 0x00, 0x08, 0x01, 0x00, 0x00, 0x00, 0x00, 0x00, 0x00, 0x0E, 0x00, 0x00, 0x00,
    0x00, 0x00, 0x00, 0x00, 0x00, 0x01, 0x00, 0x00, 0x00, 0x00, 0x00, 0x00, 0x0E, 0x00, 0x00, 0x00,
    0x00, 0x00, 0x00, 0x00, 0xF4, 0x00, 0x00, 0x00, 0x00, 0x00, 0x00, 0x00, 0x0E, 0x00, 0x00, 0x00,
    0x00, 0x00, 0x00, 0x00, 0xEC, 0x00, 0x00, 0x00, 0x00, 0x00, 0x00, 0x00, 0x0E, 0x00, 0x00, 0x00,
    0x00, 0x00, 0x00, 0x00, 0xE0, 0x00, 0x00, 0x00, 0x00, 0x00, 0x00, 0x00, 0x0E, 0x00, 0x00, 0x00,
    0x00, 0x00, 0x00, 0x00, 0xD4, 0x00, 0x00, 0x00, 0x00, 0x00, 0x00, 0x00, 0x0E, 0x00, 0x00, 0x00,
    0x00, 0x00, 0x00, 0x00, 0xC8, 0x00, 0x00, 0x00, 0x00, 0x00, 0x00, 0x00, 0x0E, 0x00, 0x00, 0x00,
    0x00, 0x00, 0x00, 0x00, 0xBC, 0x00, 0x00, 0x00, 0x00, 0x00, 0x00, 0x00, 0x0E, 0x00, 0x00, 0x00,
    0x00, 0x00, 0x00, 0x00, 0xB0, 0x00, 0x00, 0x00, 0x00, 0x00, 0x00, 0x00, 0x0E, 0x00, 0x00, 0x00,
    0x00, 0x00, 0x00, 0x00, 0xA4, 0x00, 0x00, 0x00, 0x00, 0x00, 0x00, 0x00, 0x0E, 0x00, 0x00, 0x00,
    0x00, 0x00, 0x00, 0x00, 0x98, 0x00, 0x00, 0x00, 0x00, 0x00, 0x00, 0x00, 0x07, 0x00, 0x00, 0x00,
    0x00, 0x00, 0x00, 0x00, 0x00, 0x00, 0x00, 0x00, 0x00, 0x00, 0x00, 0x00, 0x07, 0x00, 0x00, 0x00,
    0x00, 0x00, 0x00, 0x00, 0xFF, 0x00, 0x00, 0x00, 0x00, 0x00, 0x00, 0x00, 0x07, 0x00, 0x00, 0x00,
    0x00, 0x00, 0x00, 0x00, 0xE8, 0x03, 0x00, 0x00, 0x00, 0x00, 0x00, 0x00, 0x02, 0x00, 0x00, 0x00,
    0x00, 0x00, 0x00, 0x00, 0x01, 0x00, 0x00, 0x00, 0x00, 0x00, 0x00, 0x00, 0x02, 0x00, 0x00, 0x00,
    0x00, 0x00, 0x00, 0x00, 0x00, 0x00, 0x00, 0x00, 0x00, 0x00, 0x00, 0x00, 0x07, 0x00, 0x00, 0x00,
    0x00, 0x00, 0x00, 0x00, 0x3F, 0x02, 0x00, 0x00, 0x00, 0x00, 0x00, 0x00, 0x56, 0x65, 0x72, 0x3A,
    0x20, 0x00, 0x00, 0x00, 0x0A, 0x00, 0x00, 0x00, 0x42, 0x75, 0x69, 0x6C, 0x64, 0x3A, 0x20, 0x00,
    0x25, 0x00, 0x00, 0x00, 0xEF, 0x81, 0x93, 0x00, 0x20, 0x20, 0x20, 0x00, 0xEF, 0x80, 0x8B, 0x00,
    0xEF, 0x81, 0x88, 0x00, 0xEF, 0x81, 0x91, 0x00, 0xEF, 0x80, 0x95, 0x00, 0xEF, 0x84, 0xA4, 0x00
};

native_var_t native_vars[] = {
    { NATIVE_VAR_TYPE_NONE, 0, 0 },
    { NATIVE_VAR_TYPE_BOOLEAN, get_var_sys_onboard_flag, set_var_sys_onboard_flag }, 
    { NATIVE_VAR_TYPE_BOOLEAN, get_var_sys_online_status, set_var_sys_online_status }, 
    { NATIVE_VAR_TYPE_INTEGER, get_var_sys_main_volume, set_var_sys_main_volume }, 
    { NATIVE_VAR_TYPE_INTEGER, get_var_sys_main_brightness, set_var_sys_main_brightness }, 
};

ActionExecFunc actions[] = {
    action_widget_event,
    action_midi_sysex,
};

void ui_init() {
    eez_flow_init(assets, sizeof(assets), (lv_obj_t **)&objects, sizeof(objects), images, sizeof(images), actions);
}

void ui_tick() {
    eez_flow_tick();
    tick_screen(g_currentScreen);
}